date,19-pt,19-dt,20-pt,20-dt,30-pt,30-dt,40-pt,40-dt,50-pt,50-dt,60-pt,60-dt,70-pt,70-dt,80-pt,80-dt,xx-pt,xx-dt,il-pt,il-dt
2020-03-01,,,,,,,,,,,,,,,,,,,,
2020-03-02,,,,,,,,,,,,,,,,,,,,
2020-03-03,,,,,,,,,,,,,,,,,,,,
2020-03-04,,,,,,,,,,,,,,,,,,,,
2020-03-05,,,,,,,,,,,,,,,,,,,,
2020-03-06,,,,,,,,,,,,,,,,,,,,
2020-03-07,,,,,,,,,,,,,,,,,,,,
2020-03-08,,,,,,,,,,,,,,,,,,,,
2020-03-09,,,,,,,,,,,,,,,,,,,,
2020-03-10,,,,,,,,,,,,,,,,,,,,
2020-03-11,,,,,,,,,,,,,,,,,,,,
2020-03-12,,,,,,,,,,,,,,,,,,,,
2020-03-13,,,,,,,,,,,,,,,,,,,,
2020-03-14,,,,,,,,,,,,,,,,,,,,
2020-03-15,11.0,0.0,35.0,0.0,28.0,0.0,17.0,0.0,17.0,0.0,15.0,0.0,8.0,0.0,0.0,0.0,0.0,0.0,131.0,0.0
2020-03-16,22.0,0.0,70.0,0.0,56.0,0.0,34.0,0.0,34.0,0.0,30.0,0.0,16.0,0.0,0.0,0.0,0.0,0.0,262.0,0.0
2020-03-17,33.0,0.0,105.0,0.0,83.0,0.0,51.0,0.0,51.0,0.0,45.0,0.0,23.0,0.0,0.0,0.0,0.0,0.0,391.0,0.0
2020-03-18,44.0,0.0,140.0,0.0,110.0,0.0,68.0,0.0,67.0,0.0,60.0,0.0,30.0,0.0,0.0,0.0,0.0,0.0,519.0,0.0
2020-03-19,55.0,0.0,174.0,0.0,137.0,0.0,85.0,0.0,83.0,0.0,75.0,0.0,37.0,0.0,0.0,0.0,0.0,0.0,646.0,0.0
2020-03-20,66.0,0.0,208.0,0.0,164.0,0.0,102.0,0.0,99.0,0.0,89.0,0.0,44.0,0.0,0.0,0.0,0.0,0.0,772.0,0.0
2020-03-21,77.0,0.0,242.0,0.0,191.0,0.0,119.0,0.0,115.0,0.0,103.0,0.0,51.0,0.0,0.0,0.0,0.0,0.0,898.0,0.0
2020-03-22,128.0,0.0,338.0,0.0,256.0,0.0,174.0,0.0,179.0,0.0,154.0,0.0,76.0,0.0,11.0,0.0,4.0,0.0,1320.0,0.0
2020-03-23,179.0,0.0,433.0,0.0,321.0,0.0,229.0,0.0,243.0,0.0,205.0,0.0,101.0,0.0,21.0,0.0,8.0,0.0,1740.0,0.0
2020-03-24,230.0,0.0,528.0,0.0,386.0,0.0,284.0,0.0,307.0,0.0,256.0,0.0,126.0,0.0,31.0,0.0,12.0,0.0,2160.0,0.0
2020-03-25,281.0,0.0,623.0,0.0,451.0,0.0,339.0,0.0,370.0,0.0,307.0,0.0,151.0,0.0,41.0,0.0,16.0,0.0,2579.0,0.0
2020-03-26,332.0,0.0,718.0,0.0,516.0,0.0,393.0,0.0,433.0,0.0,358.0,0.0,176.0,0.0,51.0,0.0,20.0,0.0,2997.0,0.0
2020-03-27,382.0,0.0,813.0,0.0,581.0,0.0,447.0,0.0,496.0,0.0,409.0,0.0,201.0,0.0,61.0,0.0,23.0,0.0,3413.0,0.0
2020-03-28,432.0,0.0,908.0,0.0,645.0,0.0,501.0,0.0,559.0,0.0,460.0,0.0,225.0,0.0,71.0,0.0,26.0,0.0,3827.0,0.0
2020-03-29,530.0,0.0,1048.0,0.0,724.0,0.0,583.0,0.0,635.0,0.0,527.0,0.0,260.0,0.0,97.0,0.0,39.0,0.0,4443.0,0.0
2020-03-30,628.0,0.0,1188.0,0.0,803.0,0.0,665.0,0.0,711.0,0.0,594.0,0.0,295.0,0.0,123.0,0.0,51.0,0.0,5058.0,0.0
2020-03-31,726.0,0.0,1328.0,0.0,882.0,0.0,747.0,0.0,787.0,0.0,661.0,0.0,330.0,0.0,148.0,0.0,63.0,0.0,5672.0,0.0
2020-04-01,824.0,0.0,1467.0,0.0,961.0,0.0,829.0,0.0,863.0,0.0,728.0,0.0,365.0,0.0,173.0,0.0,75.0,0.0,6285.0,0.0
2020-04-02,922.0,0.0,1606.0,0.0,1040.0,0.0,910.0,0.0,939.0,0.0,795.0,0.0,400.0,0.0,198.0,0.0,87.0,0.0,6897.0,0.0
2020-04-03,1019.0,0.0,1745.0,0.0,1119.0,0.0,991.0,0.0,1015.0,0.0,861.0,0.0,435.0,0.0,223.0,0.0,99.0,0.0,7507.0,0.0
2020-04-04,1116.0,0.0,1884.0,0.0,1198.0,0.0,1072.0,0.0,1090.0,0.0,927.0,0.0,470.0,0.0,248.0,0.0,111.0,0.0,8116.0,0.0
2020-04-05,1205.0,0.0,1976.0,0.0,1245.0,0.0,1119.0,0.0,1136.0,0.0,961.0,0.0,489.0,0.0,269.0,4.0,121.0,0.0,8521.0,4.0
2020-04-06,1294.0,0.0,2068.0,0.0,1292.0,0.0,1166.0,0.0,1182.0,0.0,995.0,0.0,508.0,0.0,290.0,8.0,131.0,0.0,8926.0,8.0
2020-04-07,1383.0,0.0,2160.0,0.0,1339.0,0.0,1213.0,0.0,1227.0,0.0,1029.0,0.0,527.0,0.0,311.0,12.0,141.0,0.0,9330.0,12.0
2020-04-08,1472.0,0.0,2252.0,0.0,1386.0,0.0,1260.0,0.0,1272.0,0.0,1062.0,0.0,546.0,0.0,332.0,16.0,151.0,0.0,9733.0,16.0
2020-04-09,1561.0,0.0,2344.0,0.0,1433.0,0.0,1307.0,0.0,1317.0,0.0,1095.0,0.0,564.0,0.0,352.0,19.0,161.0,0.0,10134.0,19.0
2020-04-10,1650.0,0.0,2435.0,0.0,1480.0,0.0,1354.0,0.0,1362.0,0.0,1128.0,0.0,582.0,0.0,372.0,22.0,170.0,0.0,10533.0,22.0
2020-04-11,1738.0,0.0,2526.0,0.0,1527.0,0.0,1401.0,0.0,1407.0,0.0,1161.0,0.0,600.0,0.0,392.0,25.0,179.0,0.0,10931.0,25.0
2020-04-12,1840.0,0.0,2605.0,0.0,1570.0,0.0,1444.0,0.0,1445.0,0.0,1185.0,0.0,617.0,0.0,410.0,32.0,194.0,0.0,11310.0,32.0
2020-04-13,1941.0,0.0,2683.0,0.0,1613.0,0.0,1486.0,0.0,1483.0,0.0,1209.0,0.0,634.0,0.0,428.0,39.0,209.0,0.0,11686.0,39.0
2020-04-14,2042.0,0.0,2761.0,0.0,1655.0,0.0,1528.0,0.0,1521.0,0.0,1233.0,0.0,651.0,0.0,446.0,45.0,224.0,0.0,12061.0,45.0
2020-04-15,2143.0,0.0,2839.0,0.0,1697.0,0.0,1570.0,0.0,1559.0,0.0,1257.0,0.0,667.0,0.0,464.0,51.0,239.0,0.0,12435.0,51.0
2020-04-16,2244.0,0.0,2917.0,0.0,1739.0,0.0,1612.0,0.0,1596.0,0.0,1280.0,0.0,683.0,0.0,482.0,57.0,253.0,0.0,12806.0,57.0
2020-04-17,2345.0,0.0,2995.0,0.0,1781.0,0.0,1654.0,0.0,1633.0,0.0,1303.0,0.0,699.0,0.0,500.0,63.0,267.0,0.0,13177.0,63.0
2020-04-18,2446.0,0.0,3073.0,0.0,1823.0,0.0,1696.0,0.0,1670.0,0.0,1326.0,0.0,715.0,0.0,517.0,69.0,281.0,0.0,13547.0,69.0
2020-04-19,2537.0,0.0,3130.0,0.0,1850.0,0.0,1722.0,0.0,1690.0,0.0,1335.0,0.0,720.0,0.0,527.0,69.0,291.0,0.0,13802.0,69.0
2020-04-20,2628.0,0.0,3187.0,0.0,1877.0,0.0,1747.0,0.0,1710.0,0.0,1344.0,0.0,725.0,0.0,537.0,69.0,301.0,0.0,14056.0,69.0
2020-04-21,2719.0,0.0,3243.0,0.0,1904.0,0.0,1772.0,0.0,1730.0,0.0,1353.0,0.0,729.0,0.0,546.0,69.0,311.0,0.0,14307.0,69.0
2020-04-22,2810.0,0.0,3299.0,0.0,1931.0,0.0,1797.0,0.0,1750.0,0.0,1362.0,0.0,733.0,0.0,555.0,69.0,321.0,0.0,14558.0,69.0
2020-04-23,2901.0,0.0,3355.0,0.0,1957.0,0.0,1822.0,0.0,1770.0,0.0,1371.0,0.0,737.0,0.0,564.0,69.0,331.0,0.0,14808.0,69.0
2020-04-24,2992.0,0.0,3411.0,0.0,1983.0,0.0,1847.0,0.0,1790.0,0.0,1379.0,0.0,741.0,0.0,573.0,69.0,340.0,0.0,15056.0,69.0
2020-04-25,3082.0,0.0,3467.0,0.0,2009.0,0.0,1872.0,0.0,1809.0,0.0,1387.0,0.0,745.0,0.0,582.0,69.0,349.0,0.0,15302.0,69.0
2020-04-26,3123.0,0.0,3492.0,0.0,2022.0,0.0,1880.0,0.0,1812.0,0.0,1387.0,0.0,745.0,0.0,585.0,72.0,357.0,0.0,15403.0,72.0
2020-04-27,3163.0,0.0,3517.0,0.0,2035.0,0.0,1887.0,0.0,1815.0,0.0,1387.0,0.0,745.0,0.0,588.0,74.0,365.0,0.0,15502.0,74.0
2020-04-28,3203.0,0.0,3542.0,0.0,2047.0,0.0,1894.0,0.0,1818.0,0.0,1387.0,0.0,745.0,0.0,591.0,76.0,373.0,0.0,15600.0,76.0
2020-04-29,3243.0,0.0,3567.0,0.0,2059.0,0.0,1901.0,0.0,1821.0,0.0,1387.0,0.0,745.0,0.0,594.0,78.0,381.0,0.0,15698.0,78.0
2020-04-30,3283.0,0.0,3592.0,0.0,2071.0,0.0,1908.0,0.0,1824.0,0.0,1387.0,0.0,745.0,0.0,596.0,80.0,389.0,0.0,15795.0,80.0
2020-05-01,3323.0,0.0,3617.0,0.0,2083.0,0.0,1915.0,0.0,1826.0,0.0,1387.0,0.0,745.0,0.0,598.0,82.0,397.0,0.0,15891.0,82.0
2020-05-02,3363.0,0.0,3641.0,0.0,2095.0,0.0,1922.0,0.0,1828.0,0.0,1387.0,0.0,745.0,0.0,600.0,84.0,404.0,0.0,15985.0,84.0
2020-05-03,3376.0,0.0,3647.0,0.0,2095.0,0.0,1922.0,0.0,1828.0,0.0,1387.0,0.0,745.0,0.0,600.0,84.0,404.0,0.0,16004.0,84.0
2020-05-04,3389.0,0.0,3653.0,0.0,2095.0,0.0,1922.0,0.0,1828.0,0.0,1387.0,0.0,745.0,0.0,600.0,84.0,404.0,0.0,16023.0,84.0
2020-05-05,3402.0,0.0,3659.0,0.0,2095.0,0.0,1922.0,0.0,1828.0,0.0,1387.0,0.0,745.0,0.0,600.0,84.0,404.0,0.0,16042.0,84.0
2020-05-06,3415.0,0.0,3665.0,0.0,2095.0,0.0,1922.0,0.0,1828.0,0.0,1387.0,0.0,745.0,0.0,600.0,84.0,404.0,0.0,16061.0,84.0
2020-05-07,3428.0,0.0,3671.0,0.0,2095.0,0.0,1922.0,0.0,1828.0,0.0,1387.0,0.0,745.0,0.0,600.0,84.0,404.0,0.0,16080.0,84.0
2020-05-08,3441.0,0.0,3677.0,0.0,2095.0,0.0,1922.0,0.0,1828.0,0.0,1387.0,0.0,745.0,0.0,600.0,84.0,404.0,0.0,16099.0,84.0
2020-05-09,3453.0,0.0,3682.0,0.0,2095.0,0.0,1922.0,0.0,1828.0,0.0,1387.0,0.0,745.0,0.0,600.0,84.0,404.0,0.0,16116.0,84.0
2020-05-10,3460.0,0.0,3682.0,0.0,2095.0,0.0,1922.0,0.0,1828.0,0.0,1387.0,0.0,745.0,0.0,600.0,84.0,404.0,0.0,16123.0,84.0
2020-05-11,3467.0,0.0,3682.0,0.0,2095.0,0.0,1922.0,0.0,1828.0,0.0,1387.0,0.0,745.0,0.0,600.0,84.0,404.0,0.0,16130.0,84.0
2020-05-12,3474.0,0.0,3682.0,0.0,2095.0,0.0,1922.0,0.0,1828.0,0.0,1387.0,0.0,745.0,0.0,600.0,84.0,404.0,0.0,16137.0,84.0
2020-05-13,3480.0,0.0,3682.0,0.0,2095.0,0.0,1922.0,0.0,1828.0,0.0,1387.0,0.0,745.0,0.0,600.0,84.0,404.0,0.0,16143.0,84.0
2020-05-14,3486.0,0.0,3682.0,0.0,2095.0,0.0,1922.0,0.0,1828.0,0.0,1387.0,0.0,745.0,0.0,600.0,84.0,404.0,0.0,16149.0,84.0
2020-05-15,3492.0,0.0,3682.0,0.0,2095.0,0.0,1922.0,0.0,1828.0,0.0,1387.0,0.0,745.0,0.0,600.0,84.0,404.0,0.0,16155.0,84.0
2020-05-16,3498.0,0.0,3682.0,0.0,2095.0,0.0,1922.0,0.0,1828.0,0.0,1387.0,0.0,745.0,0.0,600.0,84.0,404.0,0.0,16161.0,84.0
2020-05-17,3504.0,0.0,3682.0,0.0,2095.0,0.0,1922.0,0.0,1828.0,0.0,1387.0,0.0,745.0,0.0,600.0,84.0,404.0,0.0,16167.0,84.0
2020-05-18,3510.0,0.0,3682.0,0.0,2095.0,0.0,1922.0,0.0,1828.0,0.0,1387.0,0.0,745.0,0.0,600.0,84.0,404.0,0.0,16173.0,84.0
2020-05-19,3516.0,0.0,3682.0,0.0,2095.0,0.0,1922.0,0.0,1828.0,0.0,1387.0,0.0,745.0,0.0,600.0,84.0,404.0,0.0,16179.0,84.0
2020-05-20,3522.0,0.0,3682.0,0.0,2095.0,0.0,1922.0,0.0,1828.0,0.0,1387.0,0.0,745.0,0.0,600.0,84.0,404.0,0.0,16185.0,84.0
2020-05-21,3527.0,0.0,3682.0,0.0,2095.0,0.0,1922.0,0.0,1828.0,0.0,1387.0,0.0,745.0,0.0,600.0,84.0,404.0,0.0,16190.0,84.0
2020-05-22,3532.0,0.0,3682.0,0.0,2095.0,0.0,1922.0,0.0,1828.0,0.0,1387.0,0.0,745.0,0.0,600.0,84.0,404.0,0.0,16195.0,84.0
2020-05-23,3537.0,0.0,3682.0,0.0,2095.0,0.0,1922.0,0.0,1828.0,0.0,1387.0,0.0,745.0,0.0,600.0,84.0,404.0,0.0,16200.0,84.0
2020-05-24,3557.0,0.0,3682.0,0.0,2095.0,0.0,1922.0,0.0,1828.0,0.0,1387.0,0.0,745.0,0.0,600.0,84.0,404.0,0.0,16220.0,84.0
2020-05-25,3577.0,0.0,3682.0,0.0,2095.0,0.0,1922.0,0.0,1828.0,0.0,1387.0,0.0,745.0,0.0,600.0,84.0,404.0,0.0,16240.0,84.0
2020-05-26,3597.0,0.0,3682.0,0.0,2095.0,0.0,1922.0,0.0,1828.0,0.0,1387.0,0.0,745.0,0.0,600.0,84.0,404.0,0.0,16260.0,84.0
2020-05-27,3617.0,0.0,3682.0,0.0,2095.0,0.0,1922.0,0.0,1828.0,0.0,1387.0,0.0,745.0,0.0,600.0,84.0,404.0,0.0,16280.0,84.0
2020-05-28,3637.0,0.0,3682.0,0.0,2095.0,0.0,1922.0,0.0,1828.0,0.0,1387.0,0.0,745.0,0.0,600.0,84.0,404.0,0.0,16300.0,84.0
2020-05-29,3657.0,0.0,3682.0,0.0,2095.0,0.0,1922.0,0.0,1828.0,0.0,1387.0,0.0,745.0,0.0,600.0,84.0,404.0,0.0,16320.0,84.0
2020-05-30,3677.0,0.0,3682.0,0.0,2095.0,0.0,1922.0,0.0,1828.0,0.0,1387.0,0.0,745.0,0.0,600.0,84.0,404.0,0.0,16340.0,84.0
2020-05-31,3711.0,0.0,3696.0,0.0,2114.0,0.0,1936.0,0.0,1839.0,0.0,1387.0,0.0,745.0,0.0,600.0,84.0,407.0,0.0,16435.0,84.0
2020-06-01,3745.0,0.0,3709.0,0.0,2133.0,0.0,1950.0,0.0,1849.0,0.0,1387.0,0.0,745.0,0.0,600.0,84.0,410.0,0.0,16528.0,84.0
2020-06-02,3779.0,0.0,3722.0,0.0,2152.0,0.0,1964.0,0.0,1859.0,0.0,1387.0,0.0,745.0,0.0,600.0,84.0,413.0,0.0,16621.0,84.0
2020-06-03,3812.0,0.0,3735.0,0.0,2171.0,0.0,1977.0,0.0,1869.0,0.0,1387.0,0.0,745.0,0.0,600.0,84.0,416.0,0.0,16712.0,84.0
2020-06-04,3845.0,0.0,3748.0,0.0,2189.0,0.0,1990.0,0.0,1879.0,0.0,1387.0,0.0,745.0,0.0,600.0,84.0,419.0,0.0,16802.0,84.0
2020-06-05,3878.0,0.0,3761.0,0.0,2207.0,0.0,2003.0,0.0,1889.0,0.0,1387.0,0.0,745.0,0.0,600.0,84.0,421.0,0.0,16891.0,84.0
2020-06-06,3911.0,0.0,3774.0,0.0,2225.0,0.0,2016.0,0.0,1899.0,0.0,1387.0,0.0,745.0,0.0,600.0,84.0,423.0,0.0,16980.0,84.0
2020-06-07,3968.0,0.0,3803.0,0.0,2253.0,0.0,2041.0,0.0,1916.0,0.0,1395.0,0.0,745.0,0.0,600.0,84.0,430.0,0.0,17151.0,84.0
2020-06-08,4025.0,0.0,3831.0,0.0,2281.0,0.0,2066.0,0.0,1933.0,0.0,1403.0,0.0,745.0,0.0,600.0,84.0,436.0,0.0,17320.0,84.0
2020-06-09,4082.0,0.0,3859.0,0.0,2309.0,0.0,2091.0,0.0,1950.0,0.0,1411.0,0.0,745.0,0.0,600.0,84.0,442.0,0.0,17489.0,84.0
2020-06-10,4139.0,0.0,3887.0,0.0,2336.0,0.0,2116.0,0.0,1967.0,0.0,1419.0,0.0,745.0,0.0,600.0,84.0,448.0,0.0,17657.0,84.0
2020-06-11,4195.0,0.0,3915.0,0.0,2363.0,0.0,2141.0,0.0,1984.0,0.0,1427.0,0.0,745.0,0.0,600.0,84.0,454.0,0.0,17824.0,84.0
2020-06-12,4251.0,0.0,3943.0,0.0,2390.0,0.0,2165.0,0.0,2001.0,0.0,1435.0,0.0,745.0,0.0,600.0,84.0,460.0,0.0,17990.0,84.0
2020-06-13,4307.0,0.0,3971.0,0.0,2417.0,0.0,2189.0,0.0,2017.0,0.0,1443.0,0.0,745.0,0.0,600.0,84.0,466.0,0.0,18155.0,84.0
2020-06-14,4368.0,0.0,4013.0,0.0,2456.0,0.0,2221.0,0.0,2040.0,0.0,1460.0,0.0,756.0,0.0,606.0,84.0,476.0,0.0,18396.0,84.0
2020-06-15,4429.0,0.0,4055.0,0.0,2495.0,0.0,2253.0,0.0,2062.0,0.0,1477.0,0.0,766.0,0.0,611.0,84.0,486.0,0.0,18634.0,84.0
2020-06-16,4489.0,0.0,4097.0,0.0,2533.0,0.0,2284.0,0.0,2084.0,0.0,1493.0,0.0,776.0,0.0,616.0,84.0,496.0,0.0,18868.0,84.0
2020-06-17,4549.0,0.0,4139.0,0.0,2571.0,0.0,2315.0,0.0,2106.0,0.0,1509.0,0.0,786.0,0.0,621.0,84.0,506.0,0.0,19102.0,84.0
2020-06-18,4609.0,0.0,4181.0,0.0,2609.0,0.0,2346.0,0.0,2128.0,0.0,1525.0,0.0,796.0,0.0,626.0,84.0,516.0,0.0,19336.0,84.0
2020-06-19,4669.0,0.0,4222.0,0.0,2647.0,0.0,2377.0,0.0,2150.0,0.0,1541.0,0.0,806.0,0.0,631.0,84.0,526.0,0.0,19569.0,84.0
2020-06-20,4729.0,0.0,4263.0,0.0,2685.0,0.0,2408.0,0.0,2172.0,0.0,1557.0,0.0,816.0,0.0,636.0,84.0,536.0,0.0,19802.0,84.0
2020-06-21,4843.0,0.0,4346.0,0.0,2741.0,0.0,2460.0,0.0,2215.0,0.0,1582.0,0.0,829.0,0.0,647.0,84.0,545.0,0.0,20208.0,84.0
2020-06-22,4956.0,0.0,4429.0,0.0,2797.0,0.0,2512.0,0.0,2258.0,0.0,1607.0,0.0,842.0,0.0,658.0,84.0,554.0,0.0,20613.0,84.0
2020-06-23,5069.0,0.0,4512.0,0.0,2853.0,0.0,2564.0,0.0,2301.0,0.0,1632.0,0.0,855.0,0.0,669.0,84.0,563.0,0.0,21018.0,84.0
2020-06-24,5182.0,0.0,4595.0,0.0,2909.0,0.0,2615.0,0.0,2344.0,0.0,1656.0,0.0,868.0,0.0,679.0,84.0,572.0,0.0,21420.0,84.0
2020-06-25,5295.0,0.0,4678.0,0.0,2964.0,0.0,2666.0,0.0,2387.0,0.0,1680.0,0.0,881.0,0.0,689.0,84.0,580.0,0.0,21820.0,84.0
2020-06-26,5408.0,0.0,4760.0,0.0,3019.0,0.0,2717.0,0.0,2429.0,0.0,1704.0,0.0,894.0,0.0,699.0,84.0,588.0,0.0,22218.0,84.0
2020-06-27,5521.0,0.0,4842.0,0.0,3074.0,0.0,2768.0,0.0,2471.0,0.0,1728.0,0.0,906.0,0.0,709.0,84.0,596.0,0.0,22615.0,84.0
2020-06-28,5742.0,0.0,5034.0,0.0,3207.0,0.0,2870.0,0.0,2550.0,0.0,1778.0,0.0,929.0,0.0,727.0,84.0,604.0,0.0,23441.0,84.0
2020-06-29,5963.0,0.0,5226.0,0.0,3340.0,0.0,2972.0,0.0,2629.0,0.0,1828.0,0.0,952.0,0.0,745.0,84.0,612.0,0.0,24267.0,84.0
2020-06-30,6184.0,0.0,5418.0,0.0,3473.0,0.0,3074.0,0.0,2708.0,0.0,1878.0,0.0,975.0,0.0,763.0,84.0,620.0,0.0,25093.0,84.0
2020-07-01,6405.0,0.0,5609.0,0.0,3606.0,0.0,3176.0,0.0,2787.0,0.0,1928.0,0.0,998.0,0.0,781.0,84.0,628.0,0.0,25918.0,84.0
2020-07-02,6625.0,0.0,5800.0,0.0,3739.0,0.0,3277.0,0.0,2866.0,0.0,1977.0,0.0,1020.0,0.0,799.0,84.0,635.0,0.0,26738.0,84.0
2020-07-03,6845.0,0.0,5991.0,0.0,3872.0,0.0,3378.0,0.0,2945.0,0.0,2026.0,0.0,1042.0,0.0,816.0,84.0,642.0,0.0,27557.0,84.0
2020-07-04,7065.0,0.0,6182.0,0.0,4004.0,0.0,3479.0,0.0,3024.0,0.0,2075.0,0.0,1064.0,0.0,833.0,84.0,649.0,0.0,28375.0,84.0
2020-07-05,7418.0,0.0,6480.0,0.0,4194.0,0.0,3643.0,0.0,3131.0,0.0,2144.0,0.0,1099.0,0.0,859.0,84.0,662.0,0.0,29630.0,84.0
2020-07-06,7771.0,0.0,6778.0,0.0,4384.0,0.0,3807.0,0.0,3238.0,0.0,2213.0,0.0,1133.0,0.0,885.0,84.0,675.0,0.0,30884.0,84.0
2020-07-07,8124.0,0.0,7075.0,0.0,4574.0,0.0,3971.0,0.0,3345.0,0.0,2282.0,0.0,1167.0,0.0,911.0,84.0,688.0,0.0,32137.0,84.0
2020-07-08,8477.0,0.0,7372.0,0.0,4764.0,0.0,4135.0,0.0,3452.0,0.0,2351.0,0.0,1201.0,0.0,937.0,84.0,701.0,0.0,33390.0,84.0
2020-07-09,8830.0,0.0,7669.0,0.0,4953.0,0.0,4299.0,0.0,3559.0,0.0,2420.0,0.0,1235.0,0.0,963.0,84.0,714.0,0.0,34642.0,84.0
2020-07-10,9182.0,0.0,7966.0,0.0,5142.0,0.0,4463.0,0.0,3666.0,0.0,2489.0,0.0,1269.0,0.0,989.0,84.0,727.0,0.0,35893.0,84.0
2020-07-11,9534.0,0.0,8263.0,0.0,5331.0,0.0,4627.0,0.0,3772.0,0.0,2557.0,0.0,1303.0,0.0,1015.0,84.0,740.0,0.0,37142.0,84.0
2020-07-12,10004.0,0.0,8630.0,0.0,5579.0,0.0,4831.0,0.0,3926.0,0.0,2649.0,0.0,1351.0,0.0,1047.0,90.0,755.0,0.0,38772.0,90.0
2020-07-13,10473.0,0.0,8997.0,0.0,5827.0,0.0,5035.0,0.0,4080.0,0.0,2741.0,0.0,1399.0,0.0,1079.0,96.0,769.0,0.0,40400.0,96.0
2020-07-14,10942.0,0.0,9364.0,0.0,6075.0,0.0,5239.0,0.0,4234.0,0.0,2833.0,0.0,1447.0,0.0,1111.0,101.0,783.0,0.0,42028.0,101.0
2020-07-15,11411.0,0.0,9731.0,0.0,6323.0,0.0,5443.0,0.0,4388.0,0.0,2925.0,0.0,1495.0,0.0,1143.0,106.0,797.0,0.0,43656.0,106.0
2020-07-16,11880.0,0.0,10098.0,0.0,6571.0,0.0,5646.0,0.0,4542.0,0.0,3017.0,0.0,1543.0,0.0,1174.0,111.0,811.0,0.0,45282.0,111.0
2020-07-17,12349.0,0.0,10465.0,0.0,6819.0,0.0,5849.0,0.0,4696.0,0.0,3109.0,0.0,1591.0,0.0,1205.0,116.0,825.0,0.0,46908.0,116.0
2020-07-18,12818.0,0.0,10832.0,0.0,7067.0,0.0,6052.0,0.0,4849.0,0.0,3200.0,0.0,1639.0,0.0,1236.0,121.0,839.0,0.0,48532.0,121.0
2020-07-19,13338.0,0.0,11185.0,0.0,7313.0,0.0,6269.0,0.0,5009.0,0.0,3304.0,0.0,1687.0,0.0,1268.0,129.0,852.0,0.0,50225.0,129.0
2020-07-20,13858.0,0.0,11538.0,0.0,7559.0,0.0,6486.0,0.0,5169.0,0.0,3408.0,0.0,1734.0,0.0,1300.0,137.0,865.0,0.0,51917.0,137.0
2020-07-21,14378.0,0.0,11891.0,0.0,7805.0,0.0,6703.0,0.0,5329.0,0.0,3512.0,0.0,1781.0,0.0,1332.0,145.0,878.0,0.0,53609.0,145.0
2020-07-22,14898.0,0.0,12243.0,0.0,8051.0,0.0,6920.0,0.0,5488.0,0.0,3616.0,0.0,1828.0,0.0,1364.0,152.0,891.0,0.0,55299.0,152.0
2020-07-23,15418.0,0.0,12595.0,0.0,8297.0,0.0,7137.0,0.0,5647.0,0.0,3720.0,0.0,1875.0,0.0,1396.0,159.0,904.0,0.0,56989.0,159.0
2020-07-24,15938.0,0.0,12947.0,0.0,8543.0,0.0,7353.0,0.0,5806.0,0.0,3824.0,0.0,1922.0,0.0,1428.0,166.0,917.0,0.0,58678.0,166.0
2020-07-25,16457.0,0.0,13299.0,0.0,8788.0,0.0,7569.0,0.0,5965.0,0.0,3928.0,0.0,1969.0,0.0,1460.0,173.0,929.0,0.0,60364.0,173.0
2020-07-26,16950.0,0.0,13624.0,0.0,9003.0,0.0,7770.0,0.0,6111.0,0.0,4028.0,0.0,2013.0,0.0,1489.0,180.0,937.0,0.0,61925.0,180.0
2020-07-27,17443.0,0.0,13949.0,0.0,9218.0,0.0,7970.0,0.0,6256.0,0.0,4127.0,0.0,2057.0,0.0,1518.0,187.0,945.0,0.0,63483.0,187.0
2020-07-28,17936.0,0.0,14274.0,0.0,9433.0,0.0,8170.0,0.0,6401.0,0.0,4226.0,0.0,2101.0,0.0,1547.0,194.0,953.0,0.0,65041.0,194.0
2020-07-29,18429.0,0.0,14598.0,0.0,9648.0,0.0,8370.0,0.0,6546.0,0.0,4325.0,0.0,2145.0,0.0,1576.0,201.0,961.0,0.0,66598.0,201.0
2020-07-30,18922.0,0.0,14922.0,0.0,9863.0,0.0,8570.0,0.0,6691.0,0.0,4424.0,0.0,2189.0,0.0,1605.0,208.0,968.0,0.0,68154.0,208.0
2020-07-31,19415.0,0.0,15246.0,0.0,10077.0,0.0,8770.0,0.0,6836.0,0.0,4523.0,0.0,2232.0,0.0,1634.0,215.0,975.0,0.0,69708.0,215.0
2020-08-01,19907.0,0.0,15570.0,0.0,10291.0,0.0,8970.0,0.0,6981.0,0.0,4622.0,0.0,2275.0,0.0,1662.0,221.0,982.0,0.0,71260.0,221.0
2020-08-02,20360.0,0.0,15844.0,0.0,10491.0,0.0,9150.0,0.0,7124.0,0.0,4721.0,0.0,2325.0,0.0,1694.0,229.0,991.0,0.0,72700.0,229.0
2020-08-03,20813.0,0.0,16118.0,0.0,10691.0,0.0,9330.0,0.0,7267.0,0.0,4820.0,0.0,2374.0,0.0,1726.0,237.0,1000.0,0.0,74139.0,237.0
2020-08-04,21266.0,0.0,16392.0,0.0,10891.0,0.0,9510.0,0.0,7410.0,0.0,4919.0,0.0,2423.0,0.0,1758.0,245.0,1009.0,0.0,75578.0,245.0
2020-08-05,21719.0,0.0,16666.0,0.0,11090.0,0.0,9690.0,0.0,7552.0,0.0,5017.0,0.0,2472.0,0.0,1790.0,253.0,1018.0,0.0,77014.0,253.0
2020-08-06,22172.0,0.0,16939.0,0.0,11289.0,0.0,9870.0,0.0,7694.0,0.0,5115.0,0.0,2521.0,0.0,1822.0,260.0,1027.0,0.0,78449.0,260.0
2020-08-07,22625.0,0.0,17212.0,0.0,11488.0,0.0,10050.0,0.0,7836.0,0.0,5213.0,0.0,2570.0,0.0,1854.0,267.0,1036.0,0.0,79884.0,267.0
2020-08-08,23077.0,0.0,17485.0,0.0,11687.0,0.0,10229.0,0.0,7978.0,0.0,5311.0,0.0,2619.0,0.0,1886.0,274.0,1045.0,0.0,81317.0,274.0
2020-08-09,23499.0,0.0,17754.0,0.0,11885.0,0.0,10409.0,0.0,8118.0,0.0,5409.0,0.0,2665.0,0.0,1912.0,282.0,1058.0,0.0,82709.0,282.0
2020-08-10,23921.0,0.0,18023.0,0.0,12083.0,0.0,10589.0,0.0,8258.0,0.0,5507.0,0.0,2711.0,0.0,1938.0,290.0,1071.0,0.0,84101.0,290.0
2020-08-11,24342.0,0.0,18292.0,0.0,12281.0,0.0,10769.0,0.0,8397.0,0.0,5605.0,0.0,2756.0,0.0,1964.0,298.0,1084.0,0.0,85490.0,298.0
2020-08-12,24763.0,0.0,18560.0,0.0,12479.0,0.0,10949.0,0.0,8536.0,0.0,5702.0,0.0,2801.0,0.0,1990.0,306.0,1097.0,0.0,86877.0,306.0
2020-08-13,25184.0,0.0,18828.0,0.0,12676.0,0.0,11129.0,0.0,8675.0,0.0,5799.0,0.0,2846.0,0.0,2016.0,314.0,1110.0,0.0,88263.0,314.0
2020-08-14,25605.0,0.0,19096.0,0.0,12873.0,0.0,11309.0,0.0,8814.0,0.0,5896.0,0.0,2891.0,0.0,2042.0,321.0,1122.0,0.0,89648.0,321.0
2020-08-15,26026.0,0.0,19364.0,0.0,13070.0,0.0,11489.0,0.0,8953.0,0.0,5993.0,0.0,2936.0,0.0,2068.0,328.0,1134.0,0.0,91033.0,328.0
2020-08-16,26432.0,0.0,19638.0,0.0,13253.0,0.0,11661.0,0.0,9096.0,0.0,6091.0,0.0,2986.0,0.0,2111.0,335.0,1145.0,0.0,92413.0,335.0
2020-08-17,26838.0,0.0,19912.0,0.0,13436.0,0.0,11833.0,0.0,9239.0,0.0,6189.0,0.0,3036.0,0.0,2154.0,341.0,1156.0,0.0,93793.0,341.0
2020-08-18,27244.0,0.0,20185.0,0.0,13619.0,0.0,12005.0,0.0,9382.0,0.0,6287.0,0.0,3086.0,0.0,2197.0,347.0,1167.0,0.0,95172.0,347.0
2020-08-19,27650.0,0.0,20458.0,0.0,13802.0,0.0,12177.0,0.0,9525.0,0.0,6384.0,0.0,3136.0,0.0,2240.0,353.0,1178.0,0.0,96550.0,353.0
2020-08-20,28056.0,0.0,20731.0,0.0,13985.0,0.0,12349.0,0.0,9668.0,0.0,6481.0,0.0,3186.0,0.0,2283.0,359.0,1189.0,0.0,97928.0,359.0
2020-08-21,28462.0,0.0,21004.0,0.0,14167.0,0.0,12521.0,0.0,9811.0,0.0,6578.0,0.0,3236.0,0.0,2326.0,365.0,1200.0,0.0,99305.0,365.0
2020-08-22,28867.0,0.0,21277.0,0.0,14349.0,0.0,12692.0,0.0,9954.0,0.0,6675.0,0.0,3285.0,0.0,2368.0,371.0,1211.0,0.0,100678.0,371.0
2020-08-23,29333.0,0.0,21599.0,0.0,14580.0,0.0,12916.0,0.0,10133.0,0.0,6789.0,0.0,3344.0,0.0,2405.0,377.0,1225.0,0.0,102324.0,377.0
2020-08-24,29799.0,0.0,21921.0,0.0,14811.0,0.0,13140.0,0.0,10312.0,0.0,6903.0,0.0,3403.0,0.0,2442.0,383.0,1239.0,0.0,103970.0,383.0
2020-08-25,30265.0,0.0,22243.0,0.0,15042.0,0.0,13363.0,0.0,10491.0,0.0,7017.0,0.0,3462.0,0.0,2479.0,389.0,1253.0,0.0,105615.0,389.0
2020-08-26,30731.0,0.0,22565.0,0.0,15273.0,0.0,13586.0,0.0,10669.0,0.0,7131.0,0.0,3521.0,0.0,2516.0,395.0,1267.0,0.0,107259.0,395.0
2020-08-27,31196.0,0.0,22887.0,0.0,15503.0,0.0,13809.0,0.0,10847.0,0.0,7245.0,0.0,3580.0,0.0,2552.0,401.0,1281.0,0.0,108900.0,401.0
2020-08-28,31661.0,0.0,23209.0,0.0,15733.0,0.0,14032.0,0.0,11025.0,0.0,7358.0,0.0,3639.0,0.0,2588.0,407.0,1295.0,0.0,110540.0,407.0
2020-08-29,32126.0,0.0,23531.0,0.0,15963.0,0.0,14255.0,0.0,11203.0,0.0,7471.0,0.0,3697.0,0.0,2624.0,413.0,1308.0,0.0,112178.0,413.0
2020-08-30,32873.0,0.0,23981.0,0.0,16239.0,0.0,14523.0,0.0,11412.0,0.0,7610.0,0.0,3762.0,0.0,2667.0,422.0,1320.0,0.0,114387.0,422.0
2020-08-31,33620.0,0.0,24430.0,0.0,16515.0,0.0,14791.0,0.0,11621.0,0.0,7749.0,0.0,3827.0,0.0,2710.0,431.0,1332.0,0.0,116595.0,431.0
2020-09-01,34366.0,0.0,24879.0,0.0,16791.0,0.0,15058.0,0.0,11830.0,0.0,7887.0,0.0,3891.0,0.0,2753.0,440.0,1344.0,0.0,118799.0,440.0
2020-09-02,35112.0,0.0,25328.0,0.0,17067.0,0.0,15325.0,0.0,12039.0,0.0,8025.0,0.0,3955.0,0.0,2796.0,449.0,1356.0,0.0,121003.0,449.0
2020-09-03,35858.0,0.0,25777.0,0.0,17342.0,0.0,15592.0,0.0,12248.0,0.0,8163.0,0.0,4019.0,0.0,2839.0,457.0,1368.0,0.0,123206.0,457.0
2020-09-04,36604.0,0.0,26226.0,0.0,17617.0,0.0,15859.0,0.0,12457.0,0.0,8301.0,0.0,4083.0,0.0,2881.0,465.0,1380.0,0.0,125408.0,465.0
2020-09-05,37350.0,0.0,26675.0,0.0,17892.0,0.0,16126.0,0.0,12665.0,0.0,8439.0,0.0,4147.0,0.0,2923.0,473.0,1391.0,0.0,127608.0,473.0
2020-09-06,38573.0,0.0,27346.0,0.0,18341.0,0.0,16534.0,0.0,12966.0,0.0,8628.0,0.0,4235.0,0.0,2975.0,482.0,1410.0,0.0,131008.0,482.0
2020-09-07,39796.0,0.0,28017.0,0.0,18790.0,0.0,16942.0,0.0,13267.0,0.0,8817.0,0.0,4323.0,0.0,3027.0,491.0,1429.0,0.0,134408.0,491.0
2020-09-08,41019.0,0.0,28688.0,0.0,19239.0,0.0,17350.0,0.0,13568.0,0.0,9006.0,0.0,4411.0,0.0,3079.0,500.0,1448.0,0.0,137808.0,500.0
2020-09-09,42242.0,0.0,29358.0,0.0,19688.0,0.0,17758.0,0.0,13869.0,0.0,9195.0,0.0,4499.0,0.0,3131.0,509.0,1467.0,0.0,141207.0,509.0
2020-09-10,43465.0,0.0,30028.0,0.0,20136.0,0.0,18165.0,0.0,14170.0,0.0,9384.0,0.0,4587.0,0.0,3183.0,517.0,1486.0,0.0,144604.0,517.0
2020-09-11,44688.0,0.0,30698.0,0.0,20584.0,0.0,18572.0,0.0,14471.0,0.0,9573.0,0.0,4674.0,0.0,3235.0,525.0,1505.0,0.0,148000.0,525.0
2020-09-12,45910.0,0.0,31368.0,0.0,21032.0,0.0,18979.0,0.0,14772.0,0.0,9762.0,0.0,4761.0,0.0,3286.0,533.0,1523.0,0.0,151393.0,533.0
2020-09-13,47517.0,0.0,32276.0,0.0,21671.0,0.0,19569.0,0.0,15190.0,0.0,10028.0,0.0,4876.0,0.0,3358.0,542.0,1546.0,0.0,156031.0,542.0
2020-09-14,49123.0,0.0,33183.0,0.0,22310.0,0.0,20159.0,0.0,15608.0,0.0,10294.0,0.0,4991.0,0.0,3430.0,551.0,1569.0,0.0,160667.0,551.0
2020-09-15,50729.0,0.0,34090.0,0.0,22949.0,0.0,20749.0,0.0,16026.0,0.0,10560.0,0.0,5106.0,0.0,3502.0,560.0,1592.0,0.0,165303.0,560.0
2020-09-16,52335.0,0.0,34997.0,0.0,23588.0,0.0,21339.0,0.0,16444.0,0.0,10825.0,0.0,5221.0,0.0,3574.0,569.0,1615.0,0.0,169938.0,569.0
2020-09-17,53941.0,0.0,35904.0,0.0,24227.0,0.0,21929.0,0.0,16861.0,0.0,11090.0,0.0,5336.0,0.0,3645.0,578.0,1637.0,0.0,174570.0,578.0
2020-09-18,55547.0,0.0,36811.0,0.0,24865.0,0.0,22519.0,0.0,17278.0,0.0,11355.0,0.0,5450.0,0.0,3716.0,586.0,1659.0,0.0,179200.0,586.0
2020-09-19,57153.0,0.0,37718.0,0.0,25503.0,0.0,23108.0,0.0,17695.0,0.0,11620.0,0.0,5564.0,0.0,3787.0,594.0,1681.0,0.0,183829.0,594.0
2020-09-20,59086.0,0.0,38924.0,0.0,26372.0,0.0,23908.0,0.0,18314.0,0.0,12011.0,0.0,5737.0,3.0,3894.0,610.0,1719.0,0.0,189965.0,613.0
2020-09-21,61018.0,0.0,40130.0,0.0,27241.0,0.0,24708.0,0.0,18933.0,0.0,12401.0,0.0,5910.0,6.0,4001.0,625.0,1757.0,0.0,196099.0,631.0
2020-09-22,62950.0,0.0,41336.0,0.0,28110.0,0.0,25508.0,0.0,19552.0,0.0,12791.0,0.0,6083.0,9.0,4108.0,640.0,1795.0,0.0,202233.0,649.0
2020-09-23,64882.0,0.0,42542.0,0.0,28979.0,0.0,26308.0,0.0,20171.0,0.0,13181.0,0.0,6255.0,11.0,4215.0,655.0,1833.0,0.0,208366.0,666.0
2020-09-24,66814.0,0.0,43748.0,0.0,29848.0,0.0,27108.0,0.0,20790.0,0.0,13571.0,0.0,6427.0,13.0,4322.0,670.0,1870.0,0.0,214498.0,683.0
2020-09-25,68746.0,0.0,44954.0,0.0,30717.0,0.0,27908.0,0.0,21408.0,0.0,13961.0,0.0,6599.0,15.0,4429.0,685.0,1907.0,0.0,220629.0,700.0
2020-09-26,70678.0,0.0,46160.0,0.0,31585.0,0.0,28708.0,0.0,22026.0,0.0,14351.0,0.0,6771.0,17.0,4535.0,700.0,1944.0,0.0,226758.0,717.0
2020-09-27,71887.0,0.0,46968.0,0.0,32145.0,0.0,29196.0,0.0,22412.0,0.0,14653.0,0.0,6943.0,17.0,4661.0,709.0,1971.0,0.0,230836.0,726.0
2020-09-28,73096.0,0.0,47776.0,0.0,32705.0,0.0,29684.0,0.0,22798.0,0.0,14955.0,0.0,7115.0,17.0,4787.0,718.0,1997.0,0.0,234913.0,735.0
2020-09-29,74305.0,0.0,48584.0,0.0,33264.0,0.0,30172.0,0.0,23184.0,0.0,15257.0,0.0,7287.0,17.0,4913.0,727.0,2023.0,0.0,238989.0,744.0
2020-09-30,75514.0,0.0,49392.0,0.0,33823.0,0.0,30659.0,0.0,23570.0,0.0,15559.0,0.0,7459.0,17.0,5039.0,736.0,2049.0,0.0,243064.0,753.0
2020-10-01,76723.0,0.0,50199.0,0.0,34382.0,0.0,31146.0,0.0,23956.0,0.0,15861.0,0.0,7631.0,17.0,5165.0,744.0,2075.0,0.0,247138.0,761.0
2020-10-02,77932.0,0.0,51006.0,0.0,34941.0,0.0,31633.0,0.0,24342.0,0.0,16162.0,0.0,7802.0,17.0,5291.0,752.0,2101.0,0.0,251210.0,769.0
2020-10-03,79140.0,0.0,51813.0,0.0,35500.0,0.0,32120.0,0.0,24728.0,0.0,16463.0,0.0,7973.0,17.0,5417.0,760.0,2127.0,0.0,255281.0,777.0
2020-10-04,80005.0,0.0,52339.0,0.0,35866.0,0.0,32455.0,0.0,24986.0,0.0,16680.0,0.0,8103.0,17.0,5518.0,775.0,2151.0,0.0,258103.0,792.0
2020-10-05,80870.0,0.0,52864.0,0.0,36232.0,0.0,32790.0,0.0,25244.0,0.0,16897.0,0.0,8233.0,17.0,5619.0,790.0,2175.0,0.0,260924.0,807.0
2020-10-06,81735.0,0.0,53389.0,0.0,36598.0,0.0,33125.0,0.0,25502.0,0.0,17114.0,0.0,8363.0,17.0,5719.0,805.0,2199.0,0.0,263744.0,822.0
2020-10-07,82600.0,0.0,53914.0,0.0,36964.0,0.0,33460.0,0.0,25760.0,0.0,17331.0,0.0,8493.0,17.0,5819.0,820.0,2223.0,0.0,266564.0,837.0
2020-10-08,83465.0,0.0,54439.0,0.0,37330.0,0.0,33794.0,0.0,26017.0,0.0,17548.0,0.0,8623.0,17.0,5919.0,835.0,2247.0,0.0,269382.0,852.0
2020-10-09,84330.0,0.0,54964.0,0.0,37696.0,0.0,34128.0,0.0,26274.0,0.0,17765.0,0.0,8753.0,17.0,6019.0,849.0,2271.0,0.0,272200.0,866.0
2020-10-10,85195.0,0.0,55489.0,0.0,38061.0,0.0,34462.0,0.0,26531.0,0.0,17982.0,0.0,8883.0,17.0,6119.0,863.0,2294.0,0.0,275016.0,880.0
2020-10-11,85633.0,0.0,55758.0,0.0,38241.0,0.0,34616.0,0.0,26662.0,0.0,18076.0,0.0,8938.0,22.0,6167.0,875.0,2310.0,0.0,276401.0,897.0
2020-10-12,86071.0,0.0,56027.0,0.0,38421.0,0.0,34770.0,0.0,26792.0,0.0,18170.0,0.0,8993.0,27.0,6215.0,887.0,2326.0,0.0,277785.0,914.0
2020-10-13,86509.0,0.0,56296.0,0.0,38601.0,0.0,34924.0,0.0,26922.0,0.0,18264.0,0.0,9048.0,31.0,6262.0,899.0,2342.0,0.0,279168.0,930.0
2020-10-14,86947.0,0.0,56565.0,0.0,38781.0,0.0,35078.0,0.0,27052.0,0.0,18358.0,0.0,9103.0,35.0,6309.0,911.0,2357.0,0.0,280550.0,946.0
2020-10-15,87385.0,0.0,56834.0,0.0,38961.0,0.0,35232.0,0.0,27182.0,0.0,18452.0,0.0,9158.0,39.0,6356.0,923.0,2372.0,0.0,281932.0,962.0
2020-10-16,87823.0,0.0,57102.0,0.0,39141.0,0.0,35386.0,0.0,27312.0,0.0,18545.0,0.0,9213.0,43.0,6403.0,935.0,2387.0,0.0,283312.0,978.0
2020-10-17,88261.0,0.0,57370.0,0.0,39321.0,0.0,35539.0,0.0,27442.0,0.0,18638.0,0.0,9268.0,47.0,6450.0,947.0,2402.0,0.0,284691.0,994.0
2020-10-18,88482.0,0.0,57504.0,0.0,39424.0,0.0,35622.0,0.0,27513.0,0.0,18689.0,0.0,9295.0,50.0,6477.0,959.0,2412.0,0.0,285418.0,1009.0
2020-10-19,88703.0,0.0,57638.0,0.0,39527.0,0.0,35705.0,0.0,27584.0,0.0,18740.0,0.0,9322.0,53.0,6504.0,971.0,2422.0,0.0,286145.0,1024.0
2020-10-20,88924.0,0.0,57771.0,0.0,39630.0,0.0,35788.0,0.0,27655.0,0.0,18791.0,0.0,9349.0,56.0,6531.0,983.0,2432.0,0.0,286871.0,1039.0
2020-10-21,89145.0,0.0,57904.0,0.0,39732.0,0.0,35871.0,0.0,27725.0,0.0,18842.0,0.0,9376.0,58.0,6558.0,995.0,2441.0,0.0,287594.0,1053.0
2020-10-22,89366.0,0.0,58037.0,0.0,39834.0,0.0,35954.0,0.0,27795.0,0.0,18893.0,0.0,9403.0,60.0,6585.0,1007.0,2450.0,0.0,288317.0,1067.0
2020-10-23,89587.0,0.0,58170.0,0.0,39936.0,0.0,36037.0,0.0,27865.0,0.0,18943.0,0.0,9429.0,62.0,6612.0,1019.0,2459.0,0.0,289038.0,1081.0
2020-10-24,89807.0,0.0,58303.0,0.0,40038.0,0.0,36120.0,0.0,27935.0,0.0,18993.0,0.0,9455.0,64.0,6638.0,1030.0,2468.0,0.0,289757.0,1094.0
2020-10-25,89936.0,0.0,58398.0,0.0,40104.0,0.0,36184.0,0.0,27985.0,0.0,19027.0,0.0,9474.0,64.0,6653.0,1040.0,2479.0,0.0,290240.0,1104.0
2020-10-26,90064.0,0.0,58493.0,0.0,40170.0,0.0,36248.0,0.0,28035.0,0.0,19061.0,0.0,9493.0,64.0,6667.0,1050.0,2490.0,0.0,290721.0,1114.0
2020-10-27,90192.0,0.0,58588.0,0.0,40236.0,0.0,36312.0,0.0,28085.0,0.0,19095.0,0.0,9512.0,64.0,6681.0,1060.0,2501.0,0.0,291202.0,1124.0
2020-10-28,90320.0,0.0,58683.0,0.0,40302.0,0.0,36375.0,0.0,28135.0,0.0,19129.0,0.0,9531.0,64.0,6695.0,1070.0,2511.0,0.0,291681.0,1134.0
2020-10-29,90448.0,0.0,58778.0,0.0,40368.0,0.0,36438.0,0.0,28184.0,0.0,19163.0,0.0,9550.0,64.0,6709.0,1080.0,2521.0,0.0,292159.0,1144.0
2020-10-30,90576.0,0.0,58873.0,0.0,40434.0,0.0,36501.0,0.0,28233.0,0.0,19196.0,0.0,9569.0,64.0,6723.0,1090.0,2531.0,0.0,292636.0,1154.0
2020-10-31,90704.0,0.0,58968.0,0.0,40499.0,0.0,36564.0,0.0,28282.0,0.0,19229.0,0.0,9588.0,64.0,6737.0,1099.0,2541.0,0.0,293112.0,1163.0
2020-11-01,90825.0,0.0,59057.0,0.0,40565.0,0.0,36632.0,0.0,28339.0,0.0,19264.0,0.0,9606.0,64.0,6750.0,1103.0,2547.0,0.0,293585.0,1167.0
2020-11-02,90946.0,0.0,59146.0,0.0,40630.0,0.0,36700.0,0.0,28396.0,0.0,19299.0,0.0,9624.0,64.0,6763.0,1107.0,2553.0,0.0,294057.0,1171.0
2020-11-03,91067.0,0.0,59235.0,0.0,40695.0,0.0,36768.0,0.0,28452.0,0.0,19334.0,0.0,9642.0,64.0,6776.0,1111.0,2559.0,0.0,294528.0,1175.0
2020-11-04,91188.0,0.0,59324.0,0.0,40760.0,0.0,36836.0,0.0,28508.0,0.0,19369.0,0.0,9660.0,64.0,6789.0,1115.0,2564.0,0.0,294998.0,1179.0
2020-11-05,91309.0,0.0,59412.0,0.0,40825.0,0.0,36904.0,0.0,28564.0,0.0,19404.0,0.0,9677.0,64.0,6802.0,1119.0,2569.0,0.0,295466.0,1183.0
2020-11-06,91430.0,0.0,59500.0,0.0,40890.0,0.0,36972.0,0.0,28620.0,0.0,19439.0,0.0,9694.0,64.0,6815.0,1123.0,2574.0,0.0,295934.0,1187.0
2020-11-07,91550.0,0.0,59588.0,0.0,40955.0,0.0,37039.0,0.0,28676.0,0.0,19473.0,0.0,9711.0,64.0,6828.0,1126.0,2579.0,0.0,296399.0,1190.0
2020-11-08,91680.0,0.0,59667.0,0.0,41023.0,0.0,37109.0,0.0,28730.0,0.0,19513.0,0.0,9733.0,64.0,6840.0,1126.0,2585.0,0.0,296880.0,1190.0
2020-11-09,91810.0,0.0,59746.0,0.0,41091.0,0.0,37179.0,0.0,28783.0,0.0,19553.0,0.0,9755.0,64.0,6852.0,1126.0,2591.0,0.0,297360.0,1190.0
2020-11-10,91940.0,0.0,59825.0,0.0,41158.0,0.0,37249.0,0.0,28836.0,0.0,19592.0,0.0,9777.0,64.0,6864.0,1126.0,2597.0,0.0,297838.0,1190.0
2020-11-11,92070.0,0.0,59904.0,0.0,41225.0,0.0,37319.0,0.0,28889.0,0.0,19631.0,0.0,9799.0,64.0,6876.0,1126.0,2603.0,0.0,298316.0,1190.0
2020-11-12,92200.0,0.0,59983.0,0.0,41292.0,0.0,37389.0,0.0,28942.0,0.0,19670.0,0.0,9821.0,64.0,6888.0,1126.0,2609.0,0.0,298794.0,1190.0
2020-11-13,92329.0,0.0,60062.0,0.0,41359.0,0.0,37459.0,0.0,28995.0,0.0,19709.0,0.0,9843.0,64.0,6900.0,1126.0,2615.0,0.0,299271.0,1190.0
2020-11-14,92458.0,0.0,60141.0,0.0,41426.0,0.0,37529.0,0.0,29048.0,0.0,19748.0,0.0,9864.0,64.0,6911.0,1126.0,2621.0,0.0,299746.0,1190.0
2020-11-15,92599.0,0.0,60235.0,0.0,41510.0,0.0,37606.0,0.0,29107.0,0.0,19786.0,0.0,9886.0,64.0,6923.0,1129.0,2629.0,0.0,300281.0,1193.0
2020-11-16,92739.0,0.0,60329.0,0.0,41594.0,0.0,37683.0,0.0,29165.0,0.0,19824.0,0.0,9908.0,64.0,6935.0,1132.0,2637.0,0.0,300814.0,1196.0
2020-11-17,92879.0,0.0,60423.0,0.0,41678.0,0.0,37760.0,0.0,29223.0,0.0,19862.0,0.0,9930.0,64.0,6947.0,1134.0,2645.0,0.0,301347.0,1198.0
2020-11-18,93019.0,0.0,60517.0,0.0,41762.0,0.0,37837.0,0.0,29281.0,0.0,19900.0,0.0,9952.0,64.0,6959.0,1136.0,2652.0,0.0,301879.0,1200.0
2020-11-19,93159.0,0.0,60611.0,0.0,41846.0,0.0,37914.0,0.0,29339.0,0.0,19938.0,0.0,9974.0,64.0,6971.0,1138.0,2659.0,0.0,302411.0,1202.0
2020-11-20,93299.0,0.0,60704.0,0.0,41930.0,0.0,37991.0,0.0,29397.0,0.0,19976.0,0.0,9996.0,64.0,6982.0,1140.0,2666.0,0.0,302941.0,1204.0
2020-11-21,93439.0,0.0,60797.0,0.0,42013.0,0.0,38067.0,0.0,29455.0,0.0,20013.0,0.0,10018.0,64.0,6993.0,1142.0,2673.0,0.0,303468.0,1206.0
2020-11-22,93619.0,0.0,60919.0,0.0,42120.0,0.0,38159.0,0.0,29529.0,0.0,20061.0,0.0,10045.0,64.0,7006.0,1142.0,2682.0,0.0,304140.0,1206.0
2020-11-23,93799.0,0.0,61041.0,0.0,42227.0,0.0,38251.0,0.0,29603.0,0.0,20109.0,0.0,10072.0,64.0,7019.0,1142.0,2691.0,0.0,304812.0,1206.0
2020-11-24,93979.0,0.0,61163.0,0.0,42333.0,0.0,38343.0,0.0,29677.0,0.0,20157.0,0.0,10098.0,64.0,7032.0,1142.0,2700.0,0.0,305482.0,1206.0
2020-11-25,94159.0,0.0,61285.0,0.0,42439.0,0.0,38435.0,0.0,29751.0,0.0,20205.0,0.0,10124.0,64.0,7045.0,1142.0,2709.0,0.0,306152.0,1206.0
2020-11-26,94339.0,0.0,61406.0,0.0,42545.0,0.0,38527.0,0.0,29825.0,0.0,20252.0,0.0,10150.0,64.0,7058.0,1142.0,2718.0,0.0,306820.0,1206.0
2020-11-27,94519.0,0.0,61527.0,0.0,42651.0,0.0,38618.0,0.0,29899.0,0.0,20299.0,0.0,10176.0,64.0,7070.0,1142.0,2727.0,0.0,307486.0,1206.0
2020-11-28,94698.0,0.0,61648.0,0.0,42757.0,0.0,38709.0,0.0,29973.0,0.0,20346.0,0.0,10202.0,64.0,7082.0,1142.0,2735.0,0.0,308150.0,1206.0
2020-11-29,94953.0,0.0,61819.0,0.0,42899.0,0.0,38839.0,0.0,30074.0,0.0,20422.0,0.0,10246.0,64.0,7109.0,1142.0,2744.0,0.0,309105.0,1206.0
2020-11-30,95208.0,0.0,61990.0,0.0,43041.0,0.0,38969.0,0.0,30175.0,0.0,20498.0,0.0,10290.0,64.0,7136.0,1142.0,2753.0,0.0,310060.0,1206.0
2020-12-01,95463.0,0.0,62161.0,0.0,43183.0,0.0,39099.0,0.0,30276.0,0.0,20574.0,0.0,10334.0,64.0,7163.0,1142.0,2762.0,0.0,311015.0,1206.0
2020-12-02,95718.0,0.0,62332.0,0.0,43325.0,0.0,39229.0,0.0,30377.0,0.0,20650.0,0.0,10378.0,64.0,7190.0,1142.0,2771.0,0.0,311970.0,1206.0
2020-12-03,95973.0,0.0,62503.0,0.0,43467.0,0.0,39358.0,0.0,30478.0,0.0,20726.0,0.0,10422.0,64.0,7217.0,1142.0,2779.0,0.0,312923.0,1206.0
2020-12-04,96227.0,0.0,62674.0,0.0,43608.0,0.0,39487.0,0.0,30579.0,0.0,20801.0,0.0,10466.0,64.0,7244.0,1142.0,2787.0,0.0,313873.0,1206.0
2020-12-05,96481.0,0.0,62845.0,0.0,43749.0,0.0,39616.0,0.0,30680.0,0.0,20876.0,0.0,10510.0,64.0,7271.0,1142.0,2795.0,0.0,314823.0,1206.0
2020-12-06,96829.0,0.0,63070.0,0.0,43941.0,0.0,39789.0,0.0,30815.0,0.0,20969.0,0.0,10558.0,64.0,7304.0,1145.0,2808.0,0.0,316083.0,1209.0
2020-12-07,97177.0,0.0,63295.0,0.0,44133.0,0.0,39962.0,0.0,30950.0,0.0,21062.0,0.0,10606.0,64.0,7336.0,1148.0,2821.0,0.0,317342.0,1212.0
2020-12-08,97525.0,0.0,63520.0,0.0,44325.0,0.0,40135.0,0.0,31085.0,0.0,21155.0,0.0,10654.0,64.0,7368.0,1151.0,2834.0,0.0,318601.0,1215.0
2020-12-09,97873.0,0.0,63744.0,0.0,44517.0,0.0,40307.0,0.0,31220.0,0.0,21248.0,0.0,10701.0,64.0,7400.0,1154.0,2847.0,0.0,319857.0,1218.0
2020-12-10,98221.0,0.0,63968.0,0.0,44709.0,0.0,40479.0,0.0,31355.0,0.0,21341.0,0.0,10748.0,64.0,7432.0,1157.0,2859.0,0.0,321112.0,1221.0
2020-12-11,98569.0,0.0,64192.0,0.0,44900.0,0.0,40651.0,0.0,31489.0,0.0,21434.0,0.0,10795.0,64.0,7464.0,1160.0,2871.0,0.0,322365.0,1224.0
2020-12-12,98916.0,0.0,64416.0,0.0,45091.0,0.0,40823.0,0.0,31623.0,0.0,21527.0,0.0,10842.0,64.0,7496.0,1162.0,2883.0,0.0,323617.0,1226.0
2020-12-13,99439.0,0.0,64736.0,0.0,45347.0,0.0,41081.0,0.0,31818.0,0.0,21659.0,0.0,10914.0,64.0,7544.0,1167.0,2903.0,0.0,325441.0,1231.0
2020-12-14,99961.0,0.0,65056.0,0.0,45603.0,0.0,41339.0,0.0,32013.0,0.0,21791.0,0.0,10986.0,64.0,7592.0,1172.0,2923.0,0.0,327264.0,1236.0
2020-12-15,100483.0,0.0,65376.0,0.0,45859.0,0.0,41597.0,0.0,32208.0,0.0,21923.0,0.0,11057.0,64.0,7639.0,1177.0,2943.0,0.0,329085.0,1241.0
2020-12-16,101005.0,0.0,65696.0,0.0,46115.0,0.0,41855.0,0.0,32403.0,0.0,22055.0,0.0,11128.0,64.0,7686.0,1182.0,2963.0,0.0,330906.0,1246.0
2020-12-17,101527.0,0.0,66016.0,0.0,46371.0,0.0,42113.0,0.0,32598.0,0.0,22187.0,0.0,11199.0,64.0,7733.0,1187.0,2983.0,0.0,332727.0,1251.0
2020-12-18,102049.0,0.0,66335.0,0.0,46627.0,0.0,42371.0,0.0,32793.0,0.0,22318.0,0.0,11270.0,64.0,7780.0,1192.0,3003.0,0.0,334546.0,1256.0
2020-12-19,102571.0,0.0,66654.0,0.0,46882.0,0.0,42628.0,0.0,32987.0,0.0,22449.0,0.0,11341.0,64.0,7827.0,1196.0,3022.0,0.0,336361.0,1260.0
2020-12-20,103399.0,0.0,67160.0,0.0,47288.0,0.0,42987.0,0.0,33259.0,0.0,22637.0,0.0,11439.0,64.0,7886.0,1203.0,3042.0,0.0,339097.0,1267.0
2020-12-21,104227.0,0.0,67666.0,0.0,47693.0,0.0,43346.0,0.0,33531.0,0.0,22825.0,0.0,11537.0,64.0,7945.0,1210.0,3062.0,0.0,341832.0,1274.0
2020-12-22,105055.0,0.0,68172.0,0.0,48098.0,0.0,43705.0,0.0,33803.0,0.0,23013.0,0.0,11635.0,64.0,8003.0,1217.0,3081.0,0.0,344565.0,1281.0
2020-12-23,105883.0,0.0,68678.0,0.0,48503.0,0.0,44064.0,0.0,34075.0,0.0,23201.0,0.0,11733.0,64.0,8061.0,1224.0,3100.0,0.0,347298.0,1288.0
2020-12-24,106711.0,0.0,69183.0,0.0,48908.0,0.0,44423.0,0.0,34347.0,0.0,23389.0,0.0,11831.0,64.0,8119.0,1231.0,3119.0,0.0,350030.0,1295.0
2020-12-25,107538.0,0.0,69688.0,0.0,49313.0,0.0,44781.0,0.0,34619.0,0.0,23577.0,0.0,11929.0,64.0,8177.0,1238.0,3138.0,0.0,352760.0,1302.0
2020-12-26,108365.0,0.0,70193.0,0.0,49718.0,0.0,45139.0,0.0,34891.0,0.0,23764.0,0.0,12027.0,64.0,8235.0,1245.0,3157.0,0.0,355489.0,1309.0
2020-12-27,109690.0,0.0,70880.0,0.0,50274.0,0.0,45589.0,0.0,35247.0,0.0,24003.0,0.0,12147.0,67.0,8311.0,1256.0,3193.0,0.0,359334.0,1323.0
2020-12-28,111015.0,0.0,71567.0,0.0,50830.0,0.0,46038.0,0.0,35603.0,0.0,24242.0,0.0,12267.0,69.0,8387.0,1267.0,3229.0,0.0,363178.0,1336.0
2020-12-29,112340.0,0.0,72254.0,0.0,51386.0,0.0,46487.0,0.0,35959.0,0.0,24481.0,0.0,12386.0,71.0,8463.0,1278.0,3265.0,0.0,367021.0,1349.0
2020-12-30,113665.0,0.0,72940.0,0.0,51942.0,0.0,46936.0,0.0,36315.0,0.0,24720.0,0.0,12505.0,73.0,8539.0,1289.0,3301.0,0.0,370863.0,1362.0
2020-12-31,114990.0,0.0,73626.0,0.0,52497.0,0.0,47385.0,0.0,36671.0,0.0,24959.0,0.0,12624.0,75.0,8615.0,1300.0,3336.0,0.0,374703.0,1375.0
2021-01-01,116315.0,0.0,74312.0,0.0,53052.0,0.0,47834.0,0.0,37027.0,0.0,25198.0,0.0,12743.0,77.0,8690.0,1310.0,3371.0,0.0,378542.0,1387.0
2021-01-02,117639.0,0.0,74998.0,0.0,53607.0,0.0,48283.0,0.0,37382.0,0.0,25437.0,0.0,12862.0,79.0,8765.0,1320.0,3406.0,0.0,382379.0,1399.0
2021-01-03,119556.0,0.0,75952.0,0.0,54343.0,0.0,48928.0,0.0,37836.0,0.0,25751.0,0.0,13012.0,79.0,8886.0,1334.0,3449.0,0.0,387713.0,1413.0
2021-01-04,121473.0,0.0,76906.0,0.0,55078.0,0.0,49573.0,0.0,38289.0,0.0,26065.0,0.0,13162.0,79.0,9007.0,1348.0,3492.0,0.0,393045.0,1427.0
2021-01-05,123390.0,0.0,77860.0,0.0,55813.0,0.0,50218.0,0.0,38742.0,0.0,26378.0,0.0,13312.0,79.0,9128.0,1362.0,3534.0,0.0,398375.0,1441.0
2021-01-06,125307.0,0.0,78814.0,0.0,56548.0,0.0,50863.0,0.0,39195.0,0.0,26691.0,0.0,13462.0,79.0,9249.0,1376.0,3576.0,0.0,403705.0,1455.0
2021-01-07,127224.0,0.0,79768.0,0.0,57283.0,0.0,51508.0,0.0,39648.0,0.0,27004.0,0.0,13612.0,79.0,9370.0,1390.0,3618.0,0.0,409035.0,1469.0
2021-01-08,129141.0,0.0,80722.0,0.0,58018.0,0.0,52152.0,0.0,40101.0,0.0,27317.0,0.0,13762.0,79.0,9491.0,1403.0,3660.0,0.0,414364.0,1482.0
2021-01-09,131057.0,0.0,81676.0,0.0,58753.0,0.0,52796.0,0.0,40554.0,0.0,27630.0,0.0,13912.0,79.0,9612.0,1416.0,3702.0,0.0,419692.0,1495.0
2021-01-10,133393.0,0.0,82709.0,0.0,59594.0,0.0,53500.0,0.0,41074.0,0.0,27970.0,0.0,14084.0,86.0,9746.0,1437.0,3747.0,0.0,425817.0,1523.0
2021-01-11,135729.0,0.0,83742.0,0.0,60435.0,0.0,54204.0,0.0,41594.0,0.0,28310.0,0.0,14256.0,92.0,9879.0,1458.0,3792.0,0.0,431941.0,1550.0
2021-01-12,138065.0,0.0,84775.0,0.0,61276.0,0.0,54908.0,0.0,42114.0,0.0,28650.0,0.0,14428.0,98.0,10012.0,1479.0,3837.0,0.0,438065.0,1577.0
2021-01-13,140401.0,0.0,85807.0,0.0,62117.0,0.0,55612.0,0.0,42633.0,0.0,28990.0,0.0,14600.0,104.0,10145.0,1500.0,3881.0,0.0,444186.0,1604.0
2021-01-14,142736.0,0.0,86839.0,0.0,62957.0,0.0,56316.0,0.0,43152.0,0.0,29330.0,0.0,14771.0,110.0,10278.0,1520.0,3925.0,0.0,450304.0,1630.0
2021-01-15,145071.0,0.0,87871.0,0.0,63797.0,0.0,57020.0,0.0,43671.0,0.0,29670.0,0.0,14942.0,116.0,10411.0,1540.0,3969.0,0.0,456422.0,1656.0
2021-01-16,147406.0,0.0,88903.0,0.0,64637.0,0.0,57724.0,0.0,44190.0,0.0,30009.0,0.0,15113.0,122.0,10544.0,1560.0,4013.0,0.0,462539.0,1682.0
2021-01-17,149514.0,0.0,89805.0,0.0,65321.0,0.0,58301.0,0.0,44622.0,0.0,30281.0,3.0,15250.0,133.0,10650.0,1579.0,4060.0,0.0,467804.0,1715.0
2021-01-18,151622.0,0.0,90706.0,0.0,66005.0,0.0,58878.0,0.0,45054.0,0.0,30553.0,6.0,15387.0,143.0,10756.0,1598.0,4107.0,0.0,473068.0,1747.0
2021-01-19,153730.0,0.0,91607.0,0.0,66688.0,0.0,59455.0,0.0,45486.0,0.0,30825.0,9.0,15524.0,153.0,10862.0,1617.0,4153.0,0.0,478330.0,1779.0
2021-01-20,155838.0,0.0,92508.0,0.0,67371.0,0.0,60032.0,0.0,45918.0,0.0,31097.0,12.0,15661.0,163.0,10968.0,1636.0,4199.0,0.0,483592.0,1811.0
2021-01-21,157945.0,0.0,93409.0,0.0,68054.0,0.0,60609.0,0.0,46350.0,0.0,31369.0,15.0,15798.0,173.0,11073.0,1655.0,4245.0,0.0,488852.0,1843.0
2021-01-22,160052.0,0.0,94310.0,0.0,68737.0,0.0,61185.0,0.0,46781.0,0.0,31640.0,17.0,15935.0,183.0,11178.0,1674.0,4291.0,0.0,494109.0,1874.0
2021-01-23,162159.0,0.0,95211.0,0.0,69420.0,0.0,61761.0,0.0,47212.0,0.0,31911.0,19.0,16071.0,193.0,11283.0,1692.0,4337.0,0.0,499365.0,1904.0
2021-01-24,164135.0,0.0,96092.0,0.0,70030.0,0.0,62282.0,0.0,47583.0,0.0,32120.0,22.0,16179.0,201.0,11373.0,1714.0,4380.0,0.0,504174.0,1937.0
2021-01-25,166111.0,0.0,96973.0,0.0,70640.0,0.0,62803.0,0.0,47953.0,0.0,32329.0,25.0,16287.0,209.0,11463.0,1736.0,4423.0,0.0,508982.0,1970.0
2021-01-26,168087.0,0.0,97854.0,0.0,71250.0,0.0,63324.0,0.0,48323.0,0.0,32538.0,28.0,16395.0,217.0,11553.0,1758.0,4466.0,0.0,513790.0,2003.0
2021-01-27,170063.0,0.0,98735.0,0.0,71860.0,0.0,63845.0,0.0,48693.0,0.0,32747.0,30.0,16503.0,225.0,11643.0,1779.0,4509.0,0.0,518598.0,2034.0
2021-01-28,172039.0,0.0,99616.0,0.0,72470.0,0.0,64366.0,0.0,49063.0,0.0,32955.0,32.0,16611.0,233.0,11733.0,1800.0,4552.0,0.0,523405.0,2065.0
2021-01-29,174014.0,0.0,100497.0,0.0,73080.0,0.0,64887.0,0.0,49433.0,0.0,33163.0,34.0,16719.0,241.0,11823.0,1821.0,4595.0,0.0,528211.0,2096.0
2021-01-30,175989.0,0.0,101378.0,0.0,73689.0,0.0,65407.0,0.0,49803.0,0.0,33371.0,36.0,16827.0,249.0,11912.0,1842.0,4637.0,0.0,533013.0,2127.0
2021-01-31,178043.0,0.0,102301.0,0.0,74356.0,0.0,65950.0,0.0,50161.0,0.0,33545.0,39.0,16917.0,253.0,11985.0,1864.0,4679.0,0.0,537937.0,2156.0
2021-02-01,180097.0,0.0,103224.0,0.0,75023.0,0.0,66492.0,0.0,50519.0,0.0,33719.0,41.0,17007.0,257.0,12058.0,1886.0,4721.0,0.0,542860.0,2184.0
2021-02-02,182151.0,0.0,104147.0,0.0,75690.0,0.0,67034.0,0.0,50877.0,0.0,33893.0,43.0,17096.0,260.0,12131.0,1907.0,4763.0,0.0,547782.0,2210.0
2021-02-03,184205.0,0.0,105070.0,0.0,76356.0,0.0,67576.0,0.0,51235.0,0.0,34067.0,45.0,17185.0,263.0,12204.0,1928.0,4805.0,0.0,552703.0,2236.0
2021-02-04,186258.0,0.0,105993.0,0.0,77022.0,0.0,68118.0,0.0,51592.0,0.0,34241.0,47.0,17274.0,266.0,12277.0,1949.0,4846.0,0.0,557621.0,2262.0
2021-02-05,188311.0,0.0,106915.0,0.0,77688.0,0.0,68660.0,0.0,51949.0,0.0,34415.0,49.0,17363.0,269.0,12350.0,1970.0,4887.0,0.0,562538.0,2288.0
2021-02-06,190364.0,0.0,107837.0,0.0,78354.0,0.0,69202.0,0.0,52306.0,0.0,34588.0,51.0,17452.0,272.0,12422.0,1991.0,4928.0,0.0,567453.0,2314.0
2021-02-07,191948.0,0.0,108556.0,0.0,78893.0,0.0,69604.0,0.0,52569.0,0.0,34721.0,51.0,17512.0,275.0,12471.0,2005.0,4953.0,0.0,571227.0,2331.0
2021-02-08,193532.0,0.0,109274.0,0.0,79432.0,0.0,70005.0,0.0,52832.0,0.0,34854.0,51.0,17572.0,278.0,12520.0,2019.0,4978.0,0.0,574999.0,2348.0
2021-02-09,195116.0,0.0,109992.0,0.0,79970.0,0.0,70406.0,0.0,53095.0,0.0,34986.0,51.0,17631.0,280.0,12569.0,2033.0,5003.0,0.0,578768.0,2364.0
2021-02-10,196700.0,0.0,110710.0,0.0,80508.0,0.0,70807.0,0.0,53357.0,0.0,35118.0,51.0,17690.0,282.0,12618.0,2047.0,5028.0,0.0,582536.0,2380.0
2021-02-11,198284.0,0.0,111428.0,0.0,81046.0,0.0,71208.0,0.0,53619.0,0.0,35250.0,51.0,17749.0,284.0,12666.0,2061.0,5053.0,0.0,586303.0,2396.0
2021-02-12,199868.0,0.0,112146.0,0.0,81584.0,0.0,71609.0,0.0,53881.0,0.0,35382.0,51.0,17808.0,286.0,12714.0,2074.0,5077.0,0.0,590069.0,2411.0
2021-02-13,201452.0,0.0,112864.0,0.0,82122.0,0.0,72010.0,0.0,54143.0,0.0,35514.0,51.0,17867.0,288.0,12762.0,2087.0,5101.0,0.0,593835.0,2426.0
2021-02-14,202540.0,0.0,113429.0,0.0,82517.0,0.0,72289.0,0.0,54321.0,0.0,35605.0,54.0,17910.0,288.0,12787.0,2098.0,5124.0,0.0,596522.0,2440.0
2021-02-15,203627.0,0.0,113994.0,0.0,82912.0,0.0,72568.0,0.0,54499.0,0.0,35696.0,56.0,17953.0,288.0,12812.0,2109.0,5147.0,0.0,599208.0,2453.0
2021-02-16,204714.0,0.0,114559.0,0.0,83307.0,0.0,72847.0,0.0,54677.0,0.0,35787.0,58.0,17996.0,288.0,12837.0,2120.0,5170.0,0.0,601894.0,2466.0
2021-02-17,205801.0,0.0,115124.0,0.0,83702.0,0.0,73125.0,0.0,54855.0,0.0,35877.0,60.0,18039.0,288.0,12862.0,2131.0,5193.0,0.0,604578.0,2479.0
2021-02-18,206888.0,0.0,115689.0,0.0,84097.0,0.0,73403.0,0.0,55033.0,0.0,35967.0,62.0,18081.0,288.0,12887.0,2142.0,5216.0,0.0,607261.0,2492.0
2021-02-19,207975.0,0.0,116254.0,0.0,84491.0,0.0,73681.0,0.0,55211.0,0.0,36057.0,64.0,18123.0,288.0,12912.0,2153.0,5238.0,0.0,609942.0,2505.0
2021-02-20,209062.0,0.0,116818.0,0.0,84885.0,0.0,73959.0,0.0,55388.0,0.0,36147.0,66.0,18165.0,288.0,12937.0,2163.0,5260.0,0.0,612621.0,2517.0
