date,EM-pt,EM-qt,EE-pt,EE-qt,LN-pt,LN-qt,NE-pt,NE-qt,NW-pt,NW-qt,SE-pt,SE-qt,SW-pt,SW-qt,WM-pt,WM-qt,YH-pt,YH-qt,EN-pt,EN-qt
2020-03-01,,,,,,,,,,,,,,,,,,,,
2020-03-02,,,,,,,,,,,,,,,,,,,,
2020-03-03,,,,,,,,,,,,,,,,,,,,
2020-03-04,,,,,,,,,,,,,,,,,,,,
2020-03-05,,,,,,,,,,,,,,,,,,,,
2020-03-06,,,,,,,,,,,,,,,,,,,,
2020-03-07,,,,,,,,,,,,,,,,,,,,
2020-03-08,,,,,,,,,,,,,,,,,,,,
2020-03-09,,,,,,,,,,,,,,,,,,,,
2020-03-10,,,,,,,,,,,,,,,,,,,,
2020-03-11,,,,,,,,,,,,,,,,,,,,
2020-03-12,,,,,,,,,,,,,,,,,,,,
2020-03-13,,,,,,,,,,,,,,,,,,,,
2020-03-14,,,,,,,,,,,,,,,,,,,,
2020-03-15,,,,,,,,,,,,,,,,,,,,
2020-03-16,,,,,,,,,,,,,,,,,,,,
2020-03-17,,,,,,,,,,,,,,,,,,,,
2020-03-18,,,,,,,,,,,,,,,,,,,,
2020-03-19,,,,,,,,,,,,,,,,,,,,
2020-03-20,,,,,,,,,,,,,,,,,,,,
2020-03-21,,,,,,,,,,,,,,,,,,,,
2020-03-22,,,,,,,,,,,,,,,,,,,,
2020-03-23,,,,,,,,,,,,,,,,,,,,
2020-03-24,,,,,,,,,,,,,,,,,,,,
2020-03-25,,,,,,,,,,,,,,,,,,,,
2020-03-26,,,,,,,,,,,,,,,,,,,,
2020-03-27,,,,,,,,,,,,,,,,,,,,
2020-03-28,,,,,,,,,,,,,,,,,,,,
2020-03-29,,,,,,,,,,,,,,,,,,,,
2020-03-30,,,,,,,,,,,,,,,,,,,,
2020-03-31,,,,,,,,,,,,,,,,,,,,
2020-04-01,,,,,,,,,,,,,,,,,,,,
2020-04-02,,,,,,,,,,,,,,,,,,,,
2020-04-03,,,,,,,,,,,,,,,,,,,,
2020-04-04,,,,,,,,,,,,,,,,,,,,
2020-04-05,,,,,,,,,,,,,,,,,,,,
2020-04-06,,,,,,,,,,,,,,,,,,,,
2020-04-07,,,,,,,,,,,,,,,,,,,,
2020-04-08,,,,,,,,,,,,,,,,,,,,
2020-04-09,,,,,,,,,,,,,,,,,,,,
2020-04-10,,,,,,,,,,,,,,,,,,,,
2020-04-11,,,,,,,,,,,,,,,,,,,,
2020-04-12,,,,,,,,,,,,,,,,,,,,
2020-04-13,,,,,,,,,,,,,,,,,,,,
2020-04-14,,,,,,,,,,,,,,,,,,,,
2020-04-15,,,,,,,,,,,,,,,,,,,,
2020-04-16,,,,,,,,,,,,,,,,,,,,
2020-04-17,,,,,,,,,,,,,,,,,,,,
2020-04-18,,,,,,,,,,,,,,,,,,,,
2020-04-19,,,,,,,,,,,,,,,,,,,,
2020-04-20,,,,,,,,,,,,,,,,,,,,
2020-04-21,,,,,,,,,,,,,,,,,,,,
2020-04-22,,,,,,,,,,,,,,,,,,,,
2020-04-23,,,,,,,,,,,,,,,,,,,,
2020-04-24,,,,,,,,,,,,,,,,,,,,
2020-04-25,,,,,,,,,,,,,,,,,,,,
2020-04-26,,,,,,,,,,,,,,,,,,,,
2020-04-27,,,,,,,,,,,,,,,,,,,,
2020-04-28,,,,,,,,,,,,,,,,,,,,
2020-04-29,,,,,,,,,,,,,,,,,,,,
2020-04-30,,,,,,,,,,,,,,,,,,,,
2020-05-01,,,,,,,,,,,,,,,,,,,,
2020-05-02,,,,,,,,,,,,,,,,,,,,
2020-05-03,,,,,,,,,,,,,,,,,,,,
2020-05-04,,,,,,,,,,,,,,,,,,,,
2020-05-05,,,,,,,,,,,,,,,,,,,,
2020-05-06,,,,,,,,,,,,,,,,,,,,
2020-05-07,,,,,,,,,,,,,,,,,,,,
2020-05-08,,,,,,,,,,,,,,,,,,,,
2020-05-09,,,,,,,,,,,,,,,,,,,,
2020-05-10,,,,,,,,,,,,,,,,,,,,
2020-05-11,,,,,,,,,,,,,,,,,,,,
2020-05-12,,,,,,,,,,,,,,,,,,,,
2020-05-13,,,,,,,,,,,,,,,,,,,,
2020-05-14,,,,,,,,,,,,,,,,,,,,
2020-05-15,,,,,,,,,,,,,,,,,,,,
2020-05-16,,,,,,,,,,,,,,,,,,,,
2020-05-17,,,,,,,,,,,,,,,,,,,,
2020-05-18,,,,,,,,,,,,,,,,,,,,
2020-05-19,,,,,,,,,,,,,,,,,,,,
2020-05-20,,,,,,,,,,,,,,,,,,,,
2020-05-21,,,,,,,,,,,,,,,,,,,,
2020-05-22,,,,,,,,,,,,,,,,,,,,
2020-05-23,,,,,,,,,,,,,,,,,,,,
2020-05-24,,,,,,,,,,,,,,,,,,,,
2020-05-25,,,,,,,,,,,,,,,,,,,,
2020-05-26,,,,,,,,,,,,,,,,,,,,
2020-05-27,,,,,,,,,,,,,,,,,,,,
2020-05-28,,,,,,,,,,,,,,,,,,,,
2020-05-29,,,,,,,,,,,,,,,,,,,,
2020-05-30,,,,,,,,,,,,,,,,,,,,
2020-05-31,,,,,,,,,,,,,,,,,,,,
2020-06-01,,,,,,,,,,,,,,,,,,,,
2020-06-02,,,,,,,,,,,,,,,,,,,,
2020-06-03,,,,,,,,,,,,,,,,,,,,
2020-06-04,,,,,,,,,,,,,,,,,,,,
2020-06-05,,,,,,,,,,,,,,,,,,,,
2020-06-06,,,,,,,,,,,,,,,,,,,,
2020-06-07,,,,,,,,,,,,,,,,,,,,
2020-06-08,,,,,,,,,,,,,,,,,,,,
2020-06-09,,,,,,,,,,,,,,,,,,,,
2020-06-10,,,,,,,,,,,,,,,,,,,,
2020-06-11,,,,,,,,,,,,,,,,,,,,
2020-06-12,,,,,,,,,,,,,,,,,,,,
2020-06-13,,,,,,,,,,,,,,,,,,,,
2020-06-14,,,,,,,,,,,,,,,,,,,,
2020-06-15,,,,,,,,,,,,,,,,,,,,
2020-06-16,,,,,,,,,,,,,,,,,,,,
2020-06-17,,,,,,,,,,,,,,,,,,,,
2020-06-18,,,,,,,,,,,,,,,,,,,,
2020-06-19,,,,,,,,,,,,,,,,,,,,
2020-06-20,,,,,,,,,,,,,,,,,,,,
2020-06-21,,,,,,,,,,,,,,,,,,,,
2020-06-22,,,,,,,,,,,,,,,,,,,,
2020-06-23,,,,,,,,,,,,,,,,,,,,
2020-06-24,,,,,,,,,,,,,,,,,,,,
2020-06-25,,,,,,,,,,,,,,,,,,,,
2020-06-26,,,,,,,,,,,,,,,,,,,,
2020-06-27,,,,,,,,,,,,,,,,,,,,
2020-06-28,,,,,,,,,,,,,,,,,,,,
2020-06-29,,,,,,,,,,,,,,,,,,,,
2020-06-30,,,,,,,,,,,,,,,,,,,,
2020-07-01,,,,,,,,,,,,,,,,,,,,
2020-07-02,,,,,,,,,,,,,,,,,,,,
2020-07-03,,,,,,,,,,,,,,,,,,,,
2020-07-04,,,,,,,,,,,,,,,,,,,,
2020-07-05,,,,,,,,,,,,,,,,,,,,
2020-07-06,,,,,,,,,,,,,,,,,,,,
2020-07-07,,,,,,,,,,,,,,,,,,,,
2020-07-08,,,,,,,,,,,,,,,,,,,,
2020-07-09,,,,,,,,,,,,,,,,,,,,
2020-07-10,,,,,,,,,,,,,,,,,,,,
2020-07-11,,,,,,,,,,,,,,,,,,,,
2020-07-12,,,,,,,,,,,,,,,,,,,,
2020-07-13,,,,,,,,,,,,,,,,,,,,
2020-07-14,,,,,,,,,,,,,,,,,,,,
2020-07-15,,,,,,,,,,,,,,,,,,,,
2020-07-16,,,,,,,,,,,,,,,,,,,,
2020-07-17,,,,,,,,,,,,,,,,,,,,
2020-07-18,,,,,,,,,,,,,,,,,,,,
2020-07-19,,,,,,,,,,,,,,,,,,,,
2020-07-20,,,,,,,,,,,,,,,,,,,,
2020-07-21,,,,,,,,,,,,,,,,,,,,
2020-07-22,,,,,,,,,,,,,,,,,,,,
2020-07-23,,,,,,,,,,,,,,,,,,,,
2020-07-24,,,,,,,,,,,,,,,,,,,,
2020-07-25,,,,,,,,,,,,,,,,,,,,
2020-07-26,,,,,,,,,,,,,,,,,,,,
2020-07-27,,,,,,,,,,,,,,,,,,,,
2020-07-28,,,,,,,,,,,,,,,,,,,,
2020-07-29,,,,,,,,,,,,,,,,,,,,
2020-07-30,,,,,,,,,,,,,,,,,,,,
2020-07-31,,,,,,,,,,,,,,,,,,,,
2020-08-01,,,,,,,,,,,,,,,,,,,,
2020-08-02,,,,,,,,,,,,,,,,,,,,
2020-08-03,,,,,,,,,,,,,,,,,,,,
2020-08-04,,,,,,,,,,,,,,,,,,,,
2020-08-05,,,,,,,,,,,,,,,,,,,,
2020-08-06,,,,,,,,,,,,,,,,,,,,
2020-08-07,,,,,,,,,,,,,,,,,,,,
2020-08-08,,,,,,,,,,,,,,,,,,,,
2020-08-09,,,,,,,,,,,,,,,,,,,,
2020-08-10,,,,,,,,,,,,,,,,,,,,
2020-08-11,,,,,,,,,,,,,,,,,,,,
2020-08-12,,,,,,,,,,,,,,,,,,,,
2020-08-13,,,,,,,,,,,,,,,,,,,,
2020-08-14,,,,,,,,,,,,,,,,,,,,
2020-08-15,,,,,,,,,,,,,,,,,,,,
2020-08-16,,,,,,,,,,,,,,,,,,,,
2020-08-17,,,,,,,,,,,,,,,,,,,,
2020-08-18,,,,,,,,,,,,,,,,,,,,
2020-08-19,,,,,,,,,,,,,,,,,,,,
2020-08-20,,,,,,,,,,,,,,,,,,,,
2020-08-21,,,,,,,,,,,,,,,,,,,,
2020-08-22,,,,,,,,,,,,,,,,,,,,
2020-08-23,,,,,,,,,,,,,,,,,,,,
2020-08-24,,,,,,,,,,,,,,,,,,,,
2020-08-25,,,,,,,,,,,,,,,,,,,,
2020-08-26,,,,,,,,,,,,,,,,,,,,
2020-08-27,,,,,,,,,,,,,,,,,,,,
2020-08-28,,,,,,,,,,,,,,,,,,,,
2020-08-29,,,,,,,,,,,,,,,,,,,,
2020-08-30,,,,,,,,,,,,,,,,,,,,
2020-08-31,,,,,,,,,,,,,,,,,,,,
2020-09-01,,,,,,,,,,,,,,,,,,,,
2020-09-02,,,,,,,,,,,,,,,,,,,,
2020-09-03,113.0,3.0,72.0,4.0,173.0,6.0,0.0,0.0,405.0,4.0,93.0,4.0,45.0,4.0,220.0,2.0,211.0,2.0,1332.0,29.0
2020-09-04,226.0,6.0,144.0,8.0,346.0,12.0,0.0,0.0,810.0,7.0,186.0,7.0,90.0,8.0,440.0,4.0,421.0,3.0,2663.0,55.0
2020-09-05,339.0,8.0,215.0,12.0,519.0,17.0,0.0,0.0,1215.0,10.0,279.0,10.0,135.0,12.0,660.0,6.0,631.0,4.0,3993.0,79.0
2020-09-06,452.0,10.0,286.0,16.0,692.0,22.0,0.0,0.0,1620.0,13.0,371.0,13.0,180.0,16.0,880.0,8.0,841.0,5.0,5322.0,103.0
2020-09-07,565.0,12.0,357.0,20.0,865.0,27.0,0.0,0.0,2025.0,16.0,463.0,16.0,225.0,20.0,1099.0,9.0,1051.0,6.0,6650.0,126.0
2020-09-08,678.0,14.0,428.0,24.0,1038.0,32.0,0.0,0.0,2430.0,19.0,555.0,19.0,269.0,24.0,1318.0,10.0,1261.0,7.0,7977.0,149.0
2020-09-09,790.0,16.0,499.0,28.0,1211.0,37.0,0.0,0.0,2835.0,22.0,647.0,22.0,313.0,27.0,1537.0,11.0,1471.0,8.0,9303.0,171.0
2020-09-10,877.0,17.0,557.0,34.0,1345.0,43.0,67.0,2.0,3318.0,27.0,702.0,25.0,345.0,30.0,1710.0,12.0,1687.0,9.0,10608.0,199.0
2020-09-11,963.0,18.0,615.0,39.0,1479.0,48.0,133.0,3.0,3801.0,32.0,757.0,28.0,377.0,33.0,1883.0,13.0,1903.0,10.0,11911.0,224.0
2020-09-12,1049.0,18.0,673.0,44.0,1613.0,53.0,199.0,4.0,4284.0,37.0,812.0,31.0,409.0,36.0,2056.0,14.0,2118.0,11.0,13213.0,248.0
2020-09-13,1135.0,18.0,731.0,49.0,1747.0,58.0,265.0,5.0,4767.0,42.0,867.0,34.0,441.0,38.0,2228.0,15.0,2333.0,12.0,14514.0,271.0
2020-09-14,1221.0,18.0,789.0,54.0,1881.0,63.0,331.0,6.0,5250.0,47.0,921.0,37.0,473.0,40.0,2400.0,16.0,2548.0,13.0,15814.0,294.0
2020-09-15,1307.0,18.0,847.0,59.0,2015.0,68.0,397.0,7.0,5733.0,51.0,975.0,39.0,505.0,42.0,2572.0,17.0,2763.0,14.0,17114.0,315.0
2020-09-16,1393.0,18.0,905.0,64.0,2148.0,73.0,463.0,8.0,6215.0,55.0,1029.0,41.0,536.0,44.0,2744.0,18.0,2978.0,15.0,18411.0,336.0
2020-09-17,1519.0,20.0,980.0,67.0,2365.0,84.0,809.0,10.0,7122.0,63.0,1107.0,45.0,596.0,47.0,3115.0,23.0,3315.0,19.0,20928.0,378.0
2020-09-18,1645.0,22.0,1054.0,70.0,2582.0,95.0,1155.0,12.0,8029.0,71.0,1185.0,48.0,656.0,50.0,3486.0,28.0,3652.0,23.0,23444.0,419.0
2020-09-19,1770.0,24.0,1128.0,73.0,2798.0,106.0,1501.0,14.0,8935.0,79.0,1263.0,51.0,716.0,53.0,3857.0,33.0,3989.0,27.0,25957.0,460.0
2020-09-20,1895.0,26.0,1202.0,75.0,3014.0,117.0,1847.0,16.0,9841.0,87.0,1340.0,54.0,775.0,56.0,4228.0,38.0,4326.0,31.0,28468.0,500.0
2020-09-21,2020.0,27.0,1276.0,77.0,3230.0,127.0,2192.0,18.0,10747.0,95.0,1417.0,57.0,834.0,59.0,4599.0,43.0,4663.0,35.0,30978.0,538.0
2020-09-22,2145.0,28.0,1350.0,79.0,3446.0,137.0,2537.0,20.0,11653.0,103.0,1494.0,60.0,893.0,62.0,4969.0,48.0,5000.0,39.0,33487.0,576.0
2020-09-23,2270.0,29.0,1424.0,81.0,3662.0,147.0,2882.0,22.0,12559.0,110.0,1571.0,63.0,952.0,64.0,5339.0,52.0,5337.0,42.0,35996.0,610.0
2020-09-24,2448.0,32.0,1574.0,92.0,4076.0,168.0,3448.0,26.0,14283.0,134.0,1736.0,73.0,1078.0,74.0,5774.0,57.0,6110.0,53.0,40527.0,709.0
2020-09-25,2626.0,35.0,1724.0,103.0,4490.0,189.0,4014.0,30.0,16007.0,158.0,1901.0,83.0,1204.0,84.0,6209.0,62.0,6882.0,64.0,45057.0,808.0
2020-09-26,2804.0,38.0,1874.0,114.0,4904.0,210.0,4580.0,34.0,17731.0,182.0,2065.0,93.0,1329.0,94.0,6644.0,67.0,7654.0,75.0,49585.0,907.0
2020-09-27,2982.0,41.0,2024.0,124.0,5318.0,231.0,5146.0,38.0,19454.0,206.0,2229.0,103.0,1454.0,104.0,7079.0,72.0,8426.0,86.0,54112.0,1005.0
2020-09-28,3160.0,43.0,2174.0,134.0,5732.0,252.0,5712.0,41.0,21177.0,230.0,2393.0,112.0,1579.0,113.0,7514.0,77.0,9198.0,97.0,58639.0,1099.0
2020-09-29,3338.0,45.0,2323.0,144.0,6145.0,273.0,6278.0,44.0,22900.0,254.0,2557.0,121.0,1704.0,122.0,7949.0,82.0,9970.0,108.0,63164.0,1193.0
2020-09-30,3515.0,47.0,2472.0,154.0,6558.0,294.0,6843.0,47.0,24623.0,278.0,2721.0,130.0,1829.0,131.0,8384.0,87.0,10742.0,118.0,67687.0,1286.0
2020-10-01,3886.0,52.0,2699.0,169.0,7181.0,326.0,7873.0,63.0,27510.0,339.0,3053.0,147.0,2134.0,145.0,9108.0,98.0,12470.0,151.0,75914.0,1490.0
2020-10-02,4257.0,57.0,2926.0,184.0,7804.0,358.0,8903.0,79.0,30397.0,400.0,3385.0,163.0,2439.0,158.0,9832.0,109.0,14197.0,184.0,84140.0,1692.0
2020-10-03,4628.0,61.0,3153.0,199.0,8427.0,390.0,9933.0,95.0,33283.0,461.0,3717.0,179.0,2743.0,171.0,10556.0,120.0,15924.0,217.0,92364.0,1893.0
2020-10-04,4999.0,65.0,3380.0,213.0,9050.0,422.0,10963.0,110.0,36169.0,522.0,4048.0,195.0,3047.0,184.0,11280.0,131.0,17651.0,249.0,100587.0,2091.0
2020-10-05,5369.0,69.0,3607.0,227.0,9673.0,454.0,11993.0,125.0,39055.0,582.0,4379.0,211.0,3351.0,197.0,12004.0,142.0,19378.0,281.0,108809.0,2288.0
2020-10-06,5739.0,73.0,3833.0,241.0,10296.0,486.0,13023.0,140.0,41941.0,642.0,4710.0,227.0,3655.0,210.0,12728.0,153.0,21105.0,313.0,117030.0,2485.0
2020-10-07,6109.0,77.0,4059.0,255.0,10918.0,518.0,14053.0,155.0,44827.0,702.0,5041.0,243.0,3959.0,223.0,13451.0,164.0,22832.0,345.0,125249.0,2682.0
2020-10-08,6515.0,85.0,4295.0,268.0,11558.0,555.0,14940.0,170.0,47553.0,744.0,5355.0,257.0,4210.0,233.0,14104.0,174.0,24363.0,382.0,132893.0,2868.0
2020-10-09,6921.0,93.0,4531.0,281.0,12197.0,592.0,15826.0,185.0,50279.0,786.0,5669.0,271.0,4461.0,243.0,14757.0,184.0,25894.0,419.0,140535.0,3054.0
2020-10-10,7327.0,101.0,4766.0,294.0,12836.0,629.0,16712.0,200.0,53004.0,828.0,5983.0,284.0,4712.0,253.0,15409.0,194.0,27425.0,456.0,148174.0,3239.0
2020-10-11,7733.0,109.0,5001.0,306.0,13475.0,665.0,17598.0,214.0,55729.0,870.0,6297.0,297.0,4962.0,263.0,16061.0,204.0,28956.0,493.0,155812.0,3421.0
2020-10-12,8139.0,116.0,5236.0,318.0,14114.0,701.0,18484.0,228.0,58454.0,912.0,6611.0,310.0,5212.0,272.0,16713.0,214.0,30487.0,530.0,163450.0,3601.0
2020-10-13,8545.0,123.0,5471.0,330.0,14753.0,737.0,19370.0,242.0,61179.0,954.0,6925.0,323.0,5462.0,281.0,17365.0,223.0,32017.0,567.0,171087.0,3780.0
2020-10-14,8951.0,130.0,5706.0,342.0,15392.0,773.0,20256.0,256.0,63904.0,995.0,7238.0,336.0,5712.0,290.0,18017.0,232.0,33547.0,604.0,178723.0,3958.0
2020-10-15,9430.0,140.0,6118.0,359.0,16550.0,833.0,20929.0,267.0,67562.0,1045.0,7777.0,374.0,5823.0,297.0,19124.0,249.0,35588.0,651.0,188901.0,4215.0
2020-10-16,9909.0,150.0,6530.0,376.0,17708.0,893.0,21602.0,278.0,71220.0,1094.0,8316.0,412.0,5934.0,303.0,20231.0,266.0,37628.0,698.0,199078.0,4470.0
2020-10-17,10388.0,159.0,6942.0,392.0,18866.0,953.0,22275.0,288.0,74878.0,1143.0,8855.0,450.0,6045.0,309.0,21338.0,283.0,39668.0,745.0,209255.0,4722.0
2020-10-18,10867.0,168.0,7354.0,408.0,20023.0,1013.0,22948.0,298.0,78536.0,1192.0,9393.0,488.0,6156.0,315.0,22445.0,300.0,41708.0,792.0,219430.0,4974.0
2020-10-19,11346.0,177.0,7766.0,424.0,21180.0,1073.0,23621.0,308.0,82194.0,1241.0,9931.0,526.0,6267.0,321.0,23551.0,317.0,43748.0,838.0,229604.0,5225.0
2020-10-20,11825.0,186.0,8178.0,440.0,22337.0,1133.0,24294.0,318.0,85851.0,1290.0,10469.0,564.0,6378.0,327.0,24657.0,334.0,45788.0,884.0,239777.0,5476.0
2020-10-21,12304.0,195.0,8590.0,456.0,23494.0,1192.0,24966.0,328.0,89508.0,1339.0,11007.0,602.0,6489.0,333.0,25763.0,351.0,47828.0,930.0,249949.0,5726.0
2020-10-22,12946.0,209.0,9017.0,474.0,24812.0,1270.0,25812.0,343.0,93010.0,1386.0,11738.0,675.0,6771.0,350.0,27356.0,372.0,50219.0,980.0,261681.0,6059.0
2020-10-23,13588.0,223.0,9444.0,492.0,26130.0,1348.0,26658.0,358.0,96512.0,1432.0,12469.0,748.0,7053.0,367.0,28949.0,393.0,52610.0,1030.0,273413.0,6391.0
2020-10-24,14230.0,237.0,9871.0,510.0,27448.0,1426.0,27504.0,373.0,100014.0,1478.0,13199.0,821.0,7335.0,383.0,30542.0,414.0,55001.0,1079.0,285144.0,6721.0
2020-10-25,14872.0,251.0,10298.0,528.0,28766.0,1504.0,28350.0,387.0,103516.0,1524.0,13929.0,894.0,7617.0,399.0,32135.0,435.0,57392.0,1128.0,296875.0,7050.0
2020-10-26,15513.0,265.0,10724.0,546.0,30084.0,1581.0,29195.0,401.0,107018.0,1570.0,14659.0,967.0,7898.0,415.0,33727.0,455.0,59783.0,1177.0,308601.0,7377.0
2020-10-27,16154.0,278.0,11150.0,564.0,31402.0,1658.0,30040.0,415.0,110519.0,1616.0,15389.0,1039.0,8179.0,431.0,35319.0,475.0,62174.0,1226.0,320326.0,7702.0
2020-10-28,16795.0,291.0,11576.0,582.0,32719.0,1735.0,30885.0,429.0,114020.0,1662.0,16119.0,1111.0,8460.0,447.0,36911.0,495.0,64565.0,1275.0,332050.0,8027.0
2020-10-29,17429.0,306.0,12075.0,607.0,34012.0,1827.0,31846.0,450.0,117335.0,1705.0,16981.0,1225.0,8696.0,459.0,38607.0,528.0,67310.0,1330.0,344291.0,8437.0
2020-10-30,18063.0,321.0,12574.0,632.0,35305.0,1918.0,32807.0,471.0,120650.0,1748.0,17843.0,1339.0,8932.0,471.0,40303.0,560.0,70055.0,1385.0,356532.0,8845.0
2020-10-31,18697.0,336.0,13073.0,656.0,36597.0,2009.0,33768.0,492.0,123965.0,1791.0,18705.0,1452.0,9168.0,483.0,41999.0,592.0,72800.0,1439.0,368772.0,9250.0
2020-11-01,19330.0,351.0,13572.0,680.0,37889.0,2100.0,34729.0,513.0,127280.0,1834.0,19567.0,1565.0,9404.0,495.0,43695.0,624.0,75545.0,1493.0,381011.0,9655.0
2020-11-02,19963.0,366.0,14071.0,704.0,39181.0,2191.0,35690.0,534.0,130595.0,1876.0,20428.0,1678.0,9640.0,507.0,45391.0,656.0,78290.0,1547.0,393249.0,10059.0
2020-11-03,20596.0,381.0,14570.0,728.0,40473.0,2282.0,36650.0,554.0,133909.0,1918.0,21289.0,1791.0,9876.0,519.0,47087.0,688.0,81035.0,1601.0,405485.0,10462.0
2020-11-04,21229.0,395.0,15068.0,752.0,41765.0,2373.0,37610.0,574.0,137223.0,1960.0,22150.0,1904.0,10111.0,530.0,48782.0,720.0,83779.0,1655.0,417717.0,10863.0
2020-11-05,22033.0,413.0,15572.0,806.0,43102.0,2523.0,38834.0,596.0,139970.0,2002.0,23250.0,2122.0,10535.0,558.0,50625.0,769.0,86581.0,1717.0,430502.0,11506.0
2020-11-06,22837.0,431.0,16076.0,860.0,44439.0,2673.0,40057.0,618.0,142716.0,2044.0,24350.0,2340.0,10959.0,585.0,52468.0,818.0,89383.0,1779.0,443285.0,12148.0
2020-11-07,23641.0,448.0,16580.0,914.0,45775.0,2823.0,41280.0,640.0,145462.0,2086.0,25450.0,2557.0,11382.0,612.0,54311.0,867.0,92185.0,1841.0,456066.0,12788.0
2020-11-08,24444.0,465.0,17084.0,967.0,47111.0,2973.0,42503.0,662.0,148208.0,2128.0,26550.0,2774.0,11805.0,639.0,56154.0,915.0,94986.0,1902.0,468845.0,13425.0
2020-11-09,25247.0,482.0,17588.0,1020.0,48447.0,3123.0,43726.0,683.0,150954.0,2169.0,27650.0,2991.0,12228.0,666.0,57997.0,963.0,97787.0,1963.0,481624.0,14060.0
2020-11-10,26050.0,499.0,18092.0,1073.0,49783.0,3272.0,44949.0,704.0,153700.0,2210.0,28749.0,3208.0,12651.0,693.0,59840.0,1011.0,100588.0,2024.0,494402.0,14694.0
2020-11-11,26853.0,516.0,18595.0,1126.0,51119.0,3421.0,46172.0,725.0,156446.0,2251.0,29848.0,3425.0,13074.0,720.0,61682.0,1059.0,103389.0,2085.0,507178.0,15328.0
2020-11-12,27922.0,542.0,19121.0,1206.0,52397.0,3641.0,47205.0,741.0,158543.0,2298.0,31031.0,3731.0,13647.0,754.0,63307.0,1098.0,105563.0,2135.0,518736.0,16146.0
2020-11-13,28991.0,568.0,19647.0,1286.0,53675.0,3860.0,48238.0,757.0,160639.0,2345.0,32214.0,4036.0,14220.0,788.0,64932.0,1137.0,107737.0,2184.0,530293.0,16961.0
2020-11-14,30060.0,594.0,20173.0,1365.0,54952.0,4079.0,49270.0,772.0,162735.0,2392.0,33397.0,4341.0,14793.0,821.0,66557.0,1176.0,109911.0,2233.0,541848.0,17773.0
2020-11-15,31129.0,620.0,20698.0,1444.0,56229.0,4298.0,50302.0,787.0,164831.0,2439.0,34580.0,4646.0,15366.0,854.0,68182.0,1215.0,112085.0,2282.0,553402.0,18585.0
2020-11-16,32198.0,646.0,21223.0,1523.0,57506.0,4517.0,51334.0,802.0,166927.0,2486.0,35762.0,4951.0,15939.0,887.0,69807.0,1254.0,114259.0,2331.0,564955.0,19397.0
2020-11-17,33266.0,672.0,21748.0,1602.0,58783.0,4736.0,52366.0,817.0,169023.0,2532.0,36944.0,5256.0,16512.0,920.0,71431.0,1293.0,116432.0,2380.0,576505.0,20208.0
2020-11-18,34334.0,697.0,22273.0,1681.0,60060.0,4955.0,53398.0,832.0,171119.0,2578.0,38126.0,5561.0,17084.0,953.0,73055.0,1331.0,118605.0,2429.0,588054.0,21017.0
2020-11-19,35167.0,725.0,22695.0,1787.0,61108.0,5233.0,54002.0,849.0,172439.0,2615.0,38986.0,5906.0,17338.0,975.0,74485.0,1375.0,119774.0,2460.0,595994.0,21925.0
2020-11-20,36000.0,753.0,23117.0,1893.0,62156.0,5511.0,54606.0,866.0,173759.0,2651.0,39845.0,6251.0,17592.0,997.0,75915.0,1418.0,120943.0,2491.0,603933.0,22831.0
2020-11-21,36833.0,781.0,23539.0,1998.0,63204.0,5789.0,55209.0,883.0,175079.0,2687.0,40704.0,6596.0,17846.0,1019.0,77345.0,1461.0,122111.0,2522.0,611870.0,23736.0
2020-11-22,37665.0,809.0,23961.0,2103.0,64252.0,6067.0,55812.0,900.0,176399.0,2723.0,41563.0,6941.0,18100.0,1041.0,78775.0,1504.0,123279.0,2553.0,619806.0,24641.0
2020-11-23,38497.0,837.0,24383.0,2208.0,65300.0,6345.0,56415.0,917.0,177718.0,2759.0,42422.0,7286.0,18354.0,1062.0,80204.0,1547.0,124447.0,2584.0,627740.0,25545.0
2020-11-24,39329.0,865.0,24805.0,2313.0,66347.0,6622.0,57018.0,934.0,179037.0,2795.0,43281.0,7631.0,18608.0,1083.0,81633.0,1590.0,125615.0,2615.0,635673.0,26448.0
2020-11-25,40161.0,893.0,25226.0,2418.0,67394.0,6899.0,57621.0,950.0,180356.0,2831.0,44140.0,7975.0,18861.0,1104.0,83062.0,1633.0,126783.0,2645.0,643604.0,27348.0
2020-11-26,40850.0,938.0,25718.0,2605.0,68581.0,7410.0,58064.0,982.0,181340.0,2865.0,45073.0,8502.0,19050.0,1127.0,84087.0,1690.0,127618.0,2668.0,650381.0,28787.0
2020-11-27,41539.0,983.0,26210.0,2792.0,69767.0,7921.0,58507.0,1014.0,182323.0,2899.0,46006.0,9029.0,19238.0,1150.0,85112.0,1746.0,128452.0,2691.0,657154.0,30225.0
2020-11-28,42228.0,1028.0,26702.0,2979.0,70953.0,8432.0,58949.0,1046.0,183306.0,2933.0,46938.0,9556.0,19426.0,1173.0,86137.0,1802.0,129286.0,2713.0,663925.0,31662.0
2020-11-29,42917.0,1072.0,27194.0,3166.0,72139.0,8943.0,59391.0,1078.0,184289.0,2967.0,47870.0,10083.0,19614.0,1196.0,87161.0,1858.0,130120.0,2735.0,670695.0,33098.0
2020-11-30,43605.0,1116.0,27686.0,3353.0,73325.0,9453.0,59833.0,1110.0,185272.0,3000.0,48802.0,10610.0,19802.0,1219.0,88185.0,1914.0,130954.0,2757.0,677464.0,34532.0
2020-12-01,44293.0,1160.0,28178.0,3540.0,74511.0,9963.0,60275.0,1142.0,186255.0,3033.0,49734.0,11137.0,19990.0,1241.0,89209.0,1970.0,131788.0,2779.0,684233.0,35965.0
2020-12-02,44981.0,1204.0,28670.0,3726.0,75697.0,10473.0,60717.0,1173.0,187238.0,3066.0,50666.0,11664.0,20178.0,1263.0,90233.0,2026.0,132622.0,2801.0,691002.0,37396.0
2020-12-03,45753.0,1283.0,29471.0,4208.0,77362.0,11455.0,61115.0,1226.0,188169.0,3136.0,52071.0,12630.0,20387.0,1310.0,91231.0,2144.0,133220.0,2825.0,698779.0,40217.0
2020-12-04,46524.0,1362.0,30272.0,4690.0,79027.0,12437.0,61513.0,1279.0,189100.0,3206.0,53476.0,13596.0,20596.0,1357.0,92229.0,2262.0,133818.0,2849.0,706555.0,43038.0
2020-12-05,47295.0,1441.0,31073.0,5172.0,80692.0,13419.0,61910.0,1331.0,190031.0,3276.0,54881.0,14562.0,20805.0,1404.0,93227.0,2380.0,134415.0,2873.0,714329.0,45858.0
2020-12-06,48066.0,1520.0,31873.0,5654.0,82357.0,14401.0,62307.0,1383.0,190962.0,3346.0,56286.0,15528.0,21014.0,1451.0,94225.0,2498.0,135012.0,2897.0,722102.0,48678.0
2020-12-07,48837.0,1599.0,32673.0,6136.0,84021.0,15383.0,62704.0,1435.0,191893.0,3416.0,57690.0,16494.0,21223.0,1498.0,95222.0,2616.0,135609.0,2921.0,729872.0,51498.0
2020-12-08,49608.0,1677.0,33473.0,6617.0,85685.0,16365.0,63101.0,1487.0,192824.0,3486.0,59094.0,17459.0,21432.0,1545.0,96219.0,2733.0,136206.0,2944.0,737642.0,54313.0
2020-12-09,50379.0,1755.0,34273.0,7098.0,87349.0,17346.0,63498.0,1539.0,193754.0,3555.0,60498.0,18424.0,21641.0,1591.0,97216.0,2850.0,136803.0,2967.0,745411.0,57125.0
2020-12-10,51143.0,1907.0,35705.0,8165.0,91443.0,20426.0,63981.0,1658.0,194946.0,3774.0,62934.0,20316.0,21927.0,1693.0,98484.0,3175.0,137488.0,3035.0,758051.0,64149.0
2020-12-11,51907.0,2059.0,37137.0,9231.0,95537.0,23505.0,64464.0,1777.0,196138.0,3992.0,65370.0,22208.0,22213.0,1795.0,99752.0,3500.0,138173.0,3103.0,770691.0,71170.0
2020-12-12,52670.0,2211.0,38568.0,10297.0,99631.0,26584.0,64947.0,1895.0,197330.0,4210.0,67806.0,24100.0,22499.0,1897.0,101020.0,3825.0,138858.0,3171.0,783329.0,78190.0
2020-12-13,53433.0,2363.0,39999.0,11363.0,103725.0,29663.0,65429.0,2013.0,198522.0,4428.0,70242.0,25991.0,22785.0,1998.0,102288.0,4150.0,139543.0,3239.0,795966.0,85208.0
2020-12-14,54196.0,2515.0,41430.0,12429.0,107819.0,32742.0,65911.0,2131.0,199714.0,4646.0,72678.0,27882.0,23071.0,2099.0,103556.0,4474.0,140227.0,3307.0,808602.0,92225.0
2020-12-15,54959.0,2667.0,42861.0,13495.0,111912.0,35821.0,66393.0,2249.0,200906.0,4864.0,75114.0,29773.0,23357.0,2200.0,104823.0,4798.0,140911.0,3375.0,821236.0,99242.0
2020-12-16,55722.0,2818.0,44292.0,14561.0,116005.0,38900.0,66875.0,2367.0,202097.0,5082.0,77549.0,31664.0,23643.0,2301.0,106090.0,5122.0,141595.0,3443.0,833868.0,106258.0
2020-12-17,56001.0,2929.0,45959.0,15968.0,119007.0,41397.0,67458.0,2609.0,203451.0,5543.0,79633.0,33368.0,24059.0,2505.0,107330.0,5687.0,142367.0,3623.0,845265.0,113629.0
2020-12-18,56280.0,3040.0,47626.0,17375.0,122008.0,43894.0,68041.0,2851.0,204805.0,6004.0,81717.0,35072.0,24475.0,2709.0,108570.0,6252.0,143139.0,3803.0,856661.0,121000.0
2020-12-19,56559.0,3151.0,49293.0,18782.0,125009.0,46391.0,68624.0,3093.0,206159.0,6465.0,83801.0,36775.0,24891.0,2912.0,109810.0,6817.0,143911.0,3983.0,868057.0,128369.0
2020-12-20,56838.0,3262.0,50959.0,20188.0,128010.0,48888.0,69207.0,3335.0,207513.0,6926.0,85885.0,38478.0,25307.0,3115.0,111050.0,7382.0,144683.0,4163.0,879452.0,135737.0
2020-12-21,57117.0,3373.0,52625.0,21594.0,131011.0,51384.0,69790.0,3576.0,208867.0,7386.0,87969.0,40181.0,25722.0,3318.0,112290.0,7947.0,145455.0,4343.0,890846.0,143102.0
2020-12-22,57396.0,3484.0,54291.0,23000.0,134012.0,53880.0,70373.0,3817.0,210221.0,7846.0,90052.0,41884.0,26137.0,3521.0,113530.0,8512.0,146227.0,4522.0,902239.0,150466.0
2020-12-23,57675.0,3595.0,55957.0,24406.0,137013.0,56376.0,70955.0,4058.0,211574.0,8306.0,92135.0,43587.0,26552.0,3724.0,114769.0,9076.0,146999.0,4701.0,913629.0,157829.0
2020-12-24,58181.0,3895.0,58177.0,26365.0,141562.0,60432.0,71998.0,4614.0,214064.0,9655.0,95315.0,46395.0,27040.0,4036.0,117102.0,10572.0,148150.0,5189.0,931589.0,171153.0
2020-12-25,58687.0,4195.0,60397.0,28324.0,146111.0,64488.0,73040.0,5170.0,216554.0,11004.0,98495.0,49203.0,27528.0,4348.0,119435.0,12068.0,149301.0,5676.0,949548.0,184476.0
2020-12-26,59193.0,4495.0,62617.0,30282.0,150659.0,68543.0,74082.0,5726.0,219044.0,12352.0,101675.0,52010.0,28016.0,4660.0,121768.0,13564.0,150452.0,6163.0,967506.0,197795.0
2020-12-27,59699.0,4795.0,64836.0,32240.0,155207.0,72598.0,75124.0,6282.0,221533.0,13700.0,104855.0,54817.0,28504.0,4972.0,124101.0,15060.0,151603.0,6650.0,985462.0,211114.0
2020-12-28,60205.0,5095.0,67055.0,34198.0,159755.0,76653.0,76166.0,6837.0,224022.0,15048.0,108035.0,57624.0,28992.0,5284.0,126434.0,16556.0,152754.0,7137.0,1003418.0,224432.0
2020-12-29,60711.0,5395.0,69274.0,36156.0,164303.0,80708.0,77208.0,7392.0,226511.0,16396.0,111214.0,60431.0,29479.0,5596.0,128766.0,18051.0,153905.0,7624.0,1021371.0,237749.0
2020-12-30,61216.0,5694.0,71493.0,38114.0,168851.0,84763.0,78250.0,7947.0,229000.0,17744.0,114393.0,63238.0,29966.0,5908.0,131098.0,19546.0,155056.0,8111.0,1039323.0,251065.0
2020-12-31,61944.0,6223.0,73489.0,39929.0,173637.0,89221.0,79521.0,8770.0,233131.0,20448.0,117447.0,66059.0,30770.0,6495.0,134653.0,22276.0,156625.0,8986.0,1061217.0,268407.0
2021-01-01,62672.0,6752.0,75485.0,41744.0,178423.0,93679.0,80792.0,9593.0,237262.0,23152.0,120501.0,68880.0,31573.0,7082.0,138207.0,25006.0,158194.0,9861.0,1083109.0,285749.0
2021-01-02,63400.0,7280.0,77481.0,43559.0,183209.0,98137.0,82062.0,10416.0,241393.0,25856.0,123555.0,71701.0,32376.0,7669.0,141761.0,27736.0,159762.0,10736.0,1104999.0,303090.0
2021-01-03,64128.0,7808.0,79477.0,45374.0,187995.0,102595.0,83332.0,11238.0,245524.0,28560.0,126609.0,74522.0,33179.0,8256.0,145315.0,30465.0,161330.0,11611.0,1126889.0,320429.0
2021-01-04,64856.0,8336.0,81473.0,47189.0,192781.0,107052.0,84602.0,12060.0,249655.0,31264.0,129663.0,77343.0,33982.0,8843.0,148869.0,33194.0,162898.0,12486.0,1148779.0,337767.0
2021-01-05,65583.0,8864.0,83469.0,49004.0,197567.0,111509.0,85872.0,12882.0,253785.0,33968.0,132717.0,80164.0,34785.0,9430.0,152423.0,35923.0,164466.0,13361.0,1170667.0,355105.0
2021-01-06,66310.0,9392.0,85464.0,50819.0,202352.0,115966.0,87142.0,13704.0,257915.0,36671.0,135771.0,82984.0,35588.0,10017.0,155977.0,38652.0,166034.0,14235.0,1192553.0,372440.0
2021-01-07,67220.0,10101.0,87224.0,52454.0,205064.0,118538.0,88098.0,14433.0,262566.0,40118.0,138182.0,85223.0,36181.0,10504.0,159503.0,41594.0,167389.0,15122.0,1211427.0,388087.0
2021-01-08,68130.0,10810.0,88984.0,54089.0,207776.0,121110.0,89054.0,15162.0,267217.0,43565.0,140593.0,87462.0,36773.0,10991.0,163029.0,44536.0,168743.0,16009.0,1230299.0,403734.0
2021-01-09,69040.0,11519.0,90744.0,55724.0,210488.0,123682.0,90010.0,15891.0,271867.0,47011.0,143003.0,89700.0,37365.0,11477.0,166555.0,47478.0,170097.0,16896.0,1249169.0,419378.0
2021-01-10,69950.0,12228.0,92503.0,57359.0,213200.0,126254.0,90965.0,16620.0,276517.0,50457.0,145413.0,91938.0,37957.0,11963.0,170081.0,50420.0,171451.0,17783.0,1268037.0,435022.0
2021-01-11,70860.0,12936.0,94262.0,58994.0,215911.0,128826.0,91920.0,17349.0,281167.0,53903.0,147823.0,94176.0,38549.0,12449.0,173607.0,53362.0,172805.0,18670.0,1286904.0,450665.0
2021-01-12,71769.0,13644.0,96021.0,60628.0,218622.0,131397.0,92875.0,18078.0,285817.0,57349.0,150233.0,96414.0,39141.0,12935.0,177133.0,56304.0,174159.0,19557.0,1305770.0,466306.0
2021-01-13,72678.0,14352.0,97780.0,62262.0,221333.0,133968.0,93830.0,18806.0,290467.0,60795.0,152643.0,98652.0,39733.0,13421.0,180658.0,59245.0,175513.0,20443.0,1324635.0,481944.0
2021-01-14,73506.0,15051.0,99047.0,63472.0,223402.0,135954.0,94714.0,19546.0,294034.0,63763.0,154774.0,100672.0,40229.0,13860.0,182502.0,60878.0,176677.0,21315.0,1338885.0,494511.0
2021-01-15,74334.0,15750.0,100314.0,64682.0,225471.0,137940.0,95598.0,20286.0,297601.0,66731.0,156905.0,102692.0,40725.0,14299.0,184346.0,62511.0,177841.0,22187.0,1353135.0,507078.0
2021-01-16,75162.0,16449.0,101581.0,65892.0,227540.0,139926.0,96481.0,21025.0,301168.0,69698.0,159036.0,104712.0,41220.0,14738.0,186190.0,64144.0,179005.0,23059.0,1367383.0,519643.0
2021-01-17,75990.0,17147.0,102848.0,67102.0,229608.0,141911.0,97364.0,21764.0,304735.0,72665.0,161167.0,106731.0,41715.0,15177.0,188033.0,65777.0,180169.0,23931.0,1381629.0,532205.0
2021-01-18,76818.0,17845.0,104115.0,68311.0,231676.0,143896.0,98247.0,22503.0,308302.0,75632.0,163297.0,108750.0,42210.0,15615.0,189876.0,67409.0,181332.0,24802.0,1395873.0,544763.0
2021-01-19,77646.0,18543.0,105382.0,69520.0,233744.0,145881.0,99130.0,23242.0,311869.0,78599.0,165427.0,110769.0,42705.0,16053.0,191719.0,69041.0,182495.0,25673.0,1410117.0,557321.0
2021-01-20,78474.0,19241.0,106649.0,70729.0,235812.0,147866.0,100013.0,23981.0,315435.0,81566.0,167557.0,112788.0,43200.0,16491.0,193562.0,70673.0,183658.0,26544.0,1424360.0,569879.0
2021-01-21,79160.0,19853.0,107520.0,71568.0,237108.0,149128.0,100733.0,24630.0,318042.0,83867.0,168913.0,114083.0,43534.0,16796.0,194767.0,71783.0,184870.0,27551.0,1434647.0,579259.0
2021-01-22,79846.0,20464.0,108391.0,72407.0,238404.0,150390.0,101453.0,25278.0,320649.0,86168.0,170269.0,115378.0,43868.0,17101.0,195972.0,72893.0,186082.0,28558.0,1444934.0,588637.0
2021-01-23,80531.0,21075.0,109261.0,73246.0,239700.0,151652.0,102173.0,25926.0,323256.0,88469.0,171625.0,116673.0,44202.0,17406.0,197177.0,74003.0,187294.0,29565.0,1455219.0,598015.0
2021-01-24,81216.0,21686.0,110131.0,74085.0,240996.0,152914.0,102893.0,26574.0,325863.0,90770.0,172980.0,117968.0,44535.0,17711.0,198381.0,75113.0,188506.0,30572.0,1465501.0,607393.0
2021-01-25,81901.0,22297.0,111001.0,74923.0,242292.0,154176.0,103613.0,27222.0,328470.0,93071.0,174335.0,119263.0,44868.0,18015.0,199585.0,76223.0,189718.0,31579.0,1475783.0,616769.0
2021-01-26,82586.0,22908.0,111871.0,75761.0,243587.0,155438.0,104332.0,27870.0,331076.0,95372.0,175690.0,120558.0,45201.0,18319.0,200789.0,77332.0,190930.0,32586.0,1486062.0,626144.0
2021-01-27,83271.0,23519.0,112741.0,76599.0,244882.0,156699.0,105051.0,28518.0,333682.0,97673.0,177045.0,121853.0,45534.0,18623.0,201993.0,78441.0,192141.0,33593.0,1496340.0,635518.0
2021-01-28,83822.0,24033.0,113345.0,77186.0,245893.0,157685.0,105710.0,29142.0,335684.0,99529.0,177954.0,122731.0,45784.0,18859.0,202943.0,79344.0,193202.0,34545.0,1504337.0,643054.0
2021-01-29,84373.0,24546.0,113948.0,77772.0,246904.0,158671.0,106369.0,29766.0,337686.0,101384.0,178863.0,123609.0,46034.0,19095.0,203893.0,80247.0,194263.0,35496.0,1512333.0,650586.0
2021-01-30,84924.0,25059.0,114551.0,78358.0,247914.0,159657.0,107028.0,30390.0,339688.0,103239.0,179771.0,124487.0,46284.0,19331.0,204843.0,81149.0,195324.0,36447.0,1520327.0,658117.0
2021-01-31,85474.0,25572.0,115154.0,78944.0,248924.0,160643.0,107687.0,31014.0,341690.0,105094.0,180679.0,125365.0,46534.0,19567.0,205792.0,82051.0,196384.0,37398.0,1528318.0,665648.0
2021-02-01,86024.0,26085.0,115757.0,79530.0,249934.0,161629.0,108346.0,31637.0,343692.0,106949.0,181587.0,126243.0,46783.0,19803.0,206741.0,82953.0,197444.0,38349.0,1536308.0,673178.0
2021-02-02,86574.0,26598.0,116360.0,80116.0,250944.0,162615.0,109004.0,32260.0,345693.0,108804.0,182495.0,127121.0,47032.0,20038.0,207690.0,83855.0,198504.0,39300.0,1544296.0,680707.0
2021-02-03,87124.0,27111.0,116963.0,80702.0,251954.0,163601.0,109662.0,32883.0,347694.0,110659.0,183403.0,127998.0,47281.0,20273.0,208639.0,84757.0,199564.0,40251.0,1552284.0,688235.0
2021-02-04,87428.0,27402.0,117221.0,80955.0,252366.0,164003.0,110121.0,33323.0,349015.0,111924.0,183801.0,128385.0,47456.0,20443.0,208996.0,85100.0,200417.0,41051.0,1556821.0,692586.0
2021-02-05,87732.0,27693.0,117478.0,81208.0,252778.0,164405.0,110580.0,33763.0,350336.0,113189.0,184199.0,128772.0,47631.0,20613.0,209353.0,85442.0,201270.0,41851.0,1561357.0,696936.0
2021-02-06,88036.0,27984.0,117735.0,81461.0,253190.0,164807.0,111039.0,34202.0,351657.0,114454.0,184597.0,129159.0,47806.0,20782.0,209710.0,85784.0,202123.0,42651.0,1565893.0,701284.0
2021-02-07,88340.0,28275.0,117992.0,81714.0,253602.0,165209.0,111497.0,34641.0,352978.0,115718.0,184995.0,129546.0,47981.0,20951.0,210067.0,86126.0,202976.0,43451.0,1570428.0,705631.0
2021-02-08,88644.0,28566.0,118249.0,81967.0,254014.0,165610.0,111955.0,35080.0,354299.0,116982.0,185393.0,129933.0,48156.0,21120.0,210423.0,86468.0,203829.0,44251.0,1574962.0,709977.0
2021-02-09,88948.0,28857.0,118506.0,82220.0,254426.0,166011.0,112413.0,35519.0,355619.0,118246.0,185791.0,130320.0,48331.0,21289.0,210779.0,86810.0,204681.0,45050.0,1579494.0,714322.0
2021-02-10,89251.0,29147.0,118763.0,82472.0,254838.0,166412.0,112871.0,35958.0,356939.0,119510.0,186188.0,130706.0,48505.0,21458.0,211135.0,87152.0,205533.0,45849.0,1584023.0,718664.0
