date,AB-pd,AB-pt,AB-dt,AB-dd,AB-ht,AB-it,BC-pd,BC-pt,BC-dt,BC-dd,BC-ht,BC-it,MB-pd,MB-pt,MB-dt,MB-dd,MB-ht,MB-it,NB-pd,NB-pt,NB-dt,NB-dd,NB-ht,NB-it,NL-pd,NL-pt,NL-dt,NL-dd,NL-ht,NL-it,NS-pd,NS-pt,NS-dt,NS-dd,NS-ht,NS-it,NT-pd,NT-pt,NT-dt,NT-dd,NT-ht,NT-it,NU-pd,NU-pt,NU-dt,NU-dd,NU-ht,NU-it,ON-pd,ON-pt,ON-dt,ON-dd,ON-ht,ON-it,PE-pd,PE-pt,PE-dt,PE-dd,PE-ht,PE-it,QC-pd,QC-pt,QC-dt,QC-dd,QC-ht,QC-it,SK-pd,SK-pt,SK-dt,SK-dd,SK-ht,SK-it,YT-pd,YT-pt,YT-dt,YT-dd,YT-ht,YT-it
2020-03-01,0,0,0,0,,,0,8,0,0,,,0,0,0,0,,,0,0,0,0,,,0,0,0,0,,,0,0,0,0,,,0,0,0,0,,,0,0,0,0,,,4,15,0,0,,,0,0,0,0,,,0,1,0,0,,,0,0,0,0,,,0,0,0,0,,
2020-03-02,0,0,0,0,,,0,8,0,0,,,0,0,0,0,,,0,0,0,0,,,0,0,0,0,,,0,0,0,0,,,0,0,0,0,,,0,0,0,0,,,3,18,0,0,,,0,0,0,0,,,0,1,0,0,,,0,0,0,0,,,0,0,0,0,,
2020-03-03,0,0,0,0,,,4,12,0,0,,,0,0,0,0,,,0,0,0,0,,,0,0,0,0,,,0,0,0,0,,,0,0,0,0,,,0,0,0,0,,,2,20,0,0,,,0,0,0,0,,,0,1,0,0,,,0,0,0,0,,,0,0,0,0,,
2020-03-04,0,0,0,0,,,1,13,0,0,,,0,0,0,0,,,0,0,0,0,,,0,0,0,0,,,0,0,0,0,,,0,0,0,0,,,0,0,0,0,,,0,20,0,0,,,0,0,0,0,,,0,1,0,0,,,0,0,0,0,,,0,0,0,0,,
2020-03-05,1,1,0,0,,,8,21,0,0,,,0,0,0,0,,,0,0,0,0,,,0,0,0,0,,,0,0,0,0,,,0,0,0,0,,,0,0,0,0,,,2,22,0,0,,,0,0,0,0,,,2,3,0,0,,,0,0,0,0,,,0,0,0,0,,
2020-03-06,1,2,0,0,,,0,21,0,0,,,0,0,0,0,,,0,0,0,0,,,0,0,0,0,,,0,0,0,0,,,0,0,0,0,,,0,0,0,0,,,6,28,0,0,,,0,0,0,0,,,0,3,0,0,,,0,0,0,0,,,0,0,0,0,,
2020-03-07,0,2,0,0,,,6,27,0,0,,,0,0,0,0,,,0,0,0,0,,,0,0,0,0,,,0,0,0,0,,,0,0,0,0,,,0,0,0,0,,,0,28,0,0,,,0,0,0,0,,,0,3,0,0,,,0,0,0,0,,,0,0,0,0,,
2020-03-08,2,4,0,0,,,0,27,0,0,,,0,0,0,0,,,0,0,0,0,,,0,0,0,0,,,0,0,0,0,,,0,0,0,0,,,0,0,0,0,,,3,31,0,0,,,0,0,0,0,,,1,4,0,0,,,0,0,0,0,,,0,0,0,0,,
2020-03-09,3,7,0,0,,,5,32,1,1,,,0,0,0,0,,,0,0,0,0,,,0,0,0,0,,,0,0,0,0,,,0,0,0,0,,,0,0,0,0,,,4,35,0,0,,,0,0,0,0,,,1,5,0,0,,,0,0,0,0,,,0,0,0,0,,
2020-03-10,7,14,0,0,,,7,39,1,0,,,0,0,0,0,,,0,0,0,0,,,0,0,0,0,,,0,0,0,0,,,0,0,0,0,,,0,0,0,0,,,1,36,0,0,,,0,0,0,0,,,2,7,0,0,,,0,0,0,0,,,0,0,0,0,,
2020-03-11,5,19,0,0,,,7,46,1,0,,,0,0,0,0,,,1,1,0,0,,,0,0,0,0,,,0,0,0,0,,,0,0,0,0,,,0,0,0,0,,,6,42,0,0,,,0,0,0,0,,,2,9,0,0,,,0,0,0,0,,,0,0,0,0,,
2020-03-12,4,23,0,0,,,7,53,1,0,,,3,3,0,0,,,0,1,0,0,,,0,0,0,0,,,0,0,0,0,,,0,0,0,0,,,0,0,0,0,,,17,59,0,0,,,0,0,0,0,,,8,17,0,0,,,1,1,0,0,,,0,0,0,0,,
2020-03-13,6,29,0,0,,,11,64,1,0,,,1,4,0,0,,,0,1,0,0,,,0,0,0,0,,,0,0,0,0,,,0,0,0,0,,,0,0,0,0,,,20,79,0,0,,,0,0,0,0,,,0,17,0,0,,,1,2,0,0,,,0,0,0,0,,
2020-03-14,10,39,0,0,,,9,73,1,0,,,0,4,0,0,,,1,2,0,0,,,1,1,0,0,,,0,0,0,0,,,0,0,0,0,,,0,0,0,0,,,24,103,0,0,,,1,1,0,0,,,7,24,0,0,,,4,6,0,0,,,0,0,0,0,,
2020-03-15,17,56,0,0,,,0,73,1,0,,,3,7,0,0,,,4,6,0,0,,,0,1,0,0,,,3,3,0,0,,,0,0,0,0,,,0,0,0,0,,,42,145,0,0,,,0,1,0,0,,,15,39,0,0,,,0,6,0,0,,,0,0,0,0,,
2020-03-16,18,74,0,0,,,30,103,4,3,6,,1,8,0,0,,,1,7,0,0,,,0,1,0,0,,,2,5,0,0,,,0,0,0,0,,,0,0,0,0,,,32,177,0,0,,,0,1,0,0,,,11,50,0,0,2,0,1,7,0,0,,,0,0,0,0,,
2020-03-17,23,97,0,0,,,83,186,7,3,7,4,7,15,0,0,,,1,8,0,0,,,2,3,0,0,,,2,7,0,0,,,0,0,0,0,,,0,0,0,0,,,12,189,1,1,,,0,1,0,0,,,24,74,0,0,5,0,1,8,0,0,,,0,0,0,0,,
2020-03-18,22,119,0,0,6,3,45,231,7,0,13,7,2,17,0,0,,,3,11,0,0,,,0,3,0,0,,,5,12,0,0,,,0,0,0,0,,,0,0,0,0,,,25,214,1,0,,,0,1,0,0,,,20,94,1,1,6,4,8,16,0,0,,,0,0,0,0,,
2020-03-19,27,146,1,1,5,2,40,271,8,1,17,9,0,17,0,0,,,0,11,0,0,,,0,3,0,0,,,2,14,0,0,,,0,0,0,0,,,0,0,0,0,,,44,258,2,1,,,1,2,0,0,,,27,121,1,0,7,4,4,20,0,0,,,0,0,0,0,,
2020-03-20,49,195,1,0,10,5,77,348,9,1,22,10,0,17,0,0,,,0,11,0,0,,,1,4,0,0,,,1,15,0,0,,,0,0,0,0,,,0,0,0,0,,,60,318,2,0,,,0,2,0,0,,,18,139,1,0,10,6,6,26,0,0,,,0,0,0,0,,
2020-03-21,31,226,1,0,11,6,76,424,10,1,27,12,2,19,0,0,,,6,17,0,0,,,2,6,0,0,,,6,21,0,0,1,,1,1,0,0,,,0,0,0,0,,,59,377,3,1,,6,0,2,0,0,,,42,181,4,3,19,10,18,44,0,0,,,0,0,0,0,,
2020-03-22,33,259,1,0,18,7,0,424,10,0,27,12,1,20,0,0,,,0,17,0,0,,,3,9,0,0,,,7,28,0,0,1,,0,1,0,0,,,0,0,0,0,,,48,425,5,2,,9,1,3,0,0,,,38,219,4,0,24,13,8,52,0,0,,,2,2,0,0,,
2020-03-23,42,301,1,0,18,7,48,472,13,3,33,14,0,20,0,0,,,0,17,0,0,,,15,24,0,0,,,13,41,0,0,1,,0,1,0,0,,,0,0,0,0,,,78,503,6,1,,10,0,3,0,0,,,409,628,4,0,45,20,14,66,0,0,,,0,2,0,0,,
2020-03-24,57,358,2,1,19,7,145,617,13,0,59,23,1,21,0,0,,,1,18,0,0,,,11,35,0,0,,,10,51,0,0,1,,0,1,0,0,,,0,0,0,0,,,85,588,8,2,,9,0,3,0,0,,,385,1013,4,0,67,31,6,72,0,0,,,0,2,0,0,,
2020-03-25,61,419,2,0,20,8,42,659,14,1,64,26,14,35,0,0,,,8,26,0,0,,,32,67,0,0,,,17,68,0,0,1,,0,1,0,0,,,0,0,0,0,,,100,688,13,5,,17,2,5,0,0,,,326,1339,6,2,78,35,14,86,0,0,,,1,3,0,0,,
2020-03-26,67,486,2,0,21,10,66,725,14,0,66,26,1,36,0,0,,,7,33,0,0,,,15,82,0,0,,,5,73,0,0,2,,0,1,0,0,,,0,0,0,0,,,170,858,15,2,,29,4,9,0,0,,,290,1629,8,2,106,43,9,95,0,0,5,2,0,3,0,0,,
2020-03-27,56,542,2,0,34,11,67,792,16,2,73,26,3,39,1,1,,,12,45,0,0,,,20,102,0,0,1,0,17,90,0,0,2,,0,1,0,0,,,0,0,0,0,,,135,993,18,3,60,43,2,11,0,0,,,392,2021,18,10,141,50,9,104,0,0,6,2,1,4,0,0,,
2020-03-28,79,621,2,0,34,11,92,884,17,1,81,52,25,64,1,0,,,6,51,0,0,,,18,120,0,0,1,0,20,110,0,0,3,,0,1,0,0,,,0,0,0,0,,,151,1144,19,1,118,63,0,11,0,0,,,477,2498,22,4,164,57,30,134,0,0,6,3,0,4,0,0,,
2020-03-29,40,661,3,1,34,11,0,884,17,0,81,52,8,72,1,0,,,15,66,0,0,,,15,135,0,0,7,2,12,122,0,0,3,,0,1,0,0,,,0,0,0,0,,,211,1355,23,4,176,92,0,11,0,0,,,342,2840,22,0,192,72,22,156,0,0,5,2,0,4,0,0,,
2020-03-30,29,690,8,5,28,11,86,970,19,2,106,60,24,96,1,0,4,1,2,68,0,0,,,13,148,1,1,9,2,5,127,0,0,4,,0,1,0,0,,,0,0,0,0,,,351,1706,33,10,234,100,7,18,0,0,,,590,3430,25,3,235,78,20,176,2,2,5,1,1,5,0,0,,
2020-03-31,64,754,9,1,26,11,43,1013,24,5,128,61,7,103,1,0,3,2,2,70,0,0,1,,4,152,1,0,11,2,20,147,0,0,4,,0,1,0,0,,,0,0,0,0,,,260,1966,33,0,291,125,3,21,0,0,,,732,4162,31,6,286,82,8,184,2,0,4,1,0,5,0,0,,
2020-04-01,117,871,11,2,29,13,53,1066,25,1,142,67,24,127,1,0,4,3,11,81,0,0,4,,23,175,1,0,15,3,26,173,0,0,5,,1,2,0,0,,,0,0,0,0,,,426,2392,37,4,332,145,0,21,0,0,,,449,4611,33,2,307,82,9,193,3,1,4,1,1,6,0,0,,
2020-04-02,97,968,13,2,32,14,55,1121,31,6,149,68,40,167,1,0,5,4,10,91,0,0,4,1,8,183,1,0,11,4,20,193,0,0,5,,2,4,0,0,,,0,0,0,0,,,401,2793,53,16,405,167,1,22,0,0,,,907,5518,36,3,365,96,13,206,3,0,4,2,0,6,0,0,,
2020-04-03,107,1075,18,5,39,15,53,1174,35,4,146,64,15,182,2,1,9,6,4,95,0,0,4,1,12,195,1,0,11,4,14,207,0,0,5,,0,4,0,0,,,0,0,0,0,,,462,3255,67,14,462,194,0,22,0,0,,,583,6101,61,25,429,122,14,220,3,0,3,1,0,6,0,0,,
2020-04-04,106,1181,20,2,42,14,29,1203,38,3,149,68,12,194,2,0,10,6,3,98,0,0,4,1,8,203,1,0,11,3,29,236,0,0,4,,0,4,0,0,,,0,0,0,0,,,375,3630,94,27,506,196,0,22,0,0,,,896,6997,75,14,478,130,11,231,3,0,4,1,0,6,0,0,,
2020-04-05,69,1250,23,3,48,13,0,1203,38,0,149,68,9,203,2,0,11,7,3,101,0,0,4,1,14,217,1,0,10,3,26,262,0,0,6,,1,5,0,0,,,0,0,0,0,,,407,4037,119,25,523,200,0,22,0,0,,,947,7944,94,19,525,154,18,249,3,0,4,2,0,6,0,0,,
2020-04-06,98,1348,24,1,48,13,63,1266,39,1,140,72,1,204,2,0,11,7,2,103,0,0,7,3,9,226,2,1,8,3,31,293,0,0,10,,0,5,0,0,,,0,0,0,0,,,310,4347,132,13,589,216,0,22,0,0,,,636,8580,122,28,533,164,4,253,3,0,4,2,1,7,0,0,,
2020-04-07,25,1373,26,2,42,15,25,1291,43,4,138,66,13,217,3,1,12,6,2,105,0,0,7,4,2,228,2,0,7,2,17,310,1,1,11,,0,5,0,0,,,0,0,0,0,,,379,4726,153,21,614,233,0,22,0,0,,,760,9340,150,28,583,164,7,260,3,0,7,2,0,7,0,0,,
2020-04-08,50,1423,29,3,44,16,45,1336,48,5,135,61,4,221,3,0,12,6,3,108,0,0,6,4,4,232,2,0,6,2,32,342,1,0,11,,0,5,0,0,,,0,0,0,0,,,550,5276,174,21,605,246,3,25,0,0,,,691,10031,175,25,632,181,11,271,3,0,8,2,1,8,0,0,,
2020-04-09,28,1451,32,3,47,14,34,1370,50,2,132,68,3,224,3,0,11,5,3,111,0,0,5,4,4,236,3,1,6,2,31,373,2,1,10,4,0,5,0,0,,,0,0,0,0,,,483,5759,200,26,632,264,0,25,0,0,,,881,10912,216,41,679,196,7,278,3,0,8,2,0,8,0,0,,
2020-04-10,49,1500,39,7,48,13,40,1410,55,5,128,65,6,230,4,1,10,5,1,112,0,0,5,3,3,239,3,0,7,2,34,407,2,0,8,4,0,5,0,0,,,0,0,0,0,,,478,6237,222,22,673,260,0,25,0,0,,,765,11677,241,25,733,186,7,285,3,0,8,2,0,8,0,0,,
2020-04-11,69,1569,40,1,47,13,35,1445,58,3,134,63,12,242,4,0,8,5,0,112,0,0,5,3,2,241,3,0,6,2,21,428,2,0,8,4,0,5,0,0,,,0,0,0,0,,,411,6648,253,31,691,257,0,25,0,0,,,615,12292,289,48,778,211,4,289,4,1,8,1,0,8,0,0,,
2020-04-12,82,1651,44,4,44,14,0,1445,58,0,134,63,0,242,4,0,8,4,2,114,0,0,7,3,1,242,3,0,7,3,17,445,2,0,9,4,0,5,0,0,,,0,0,0,0,,,401,7049,274,21,738,261,0,25,0,0,,,554,12846,328,39,824,217,9,298,4,0,7,0,0,8,0,0,,
2020-04-13,81,1732,46,2,47,14,45,1490,69,11,137,58,4,246,4,0,8,4,2,116,0,0,7,3,2,244,3,0,8,3,29,474,3,1,9,4,0,5,0,0,,,0,0,0,0,,,421,7470,291,17,760,263,0,25,0,0,,,711,13557,360,32,879,226,2,300,4,0,8,0,0,8,0,0,,
2020-04-14,138,1870,48,2,44,14,27,1517,72,3,134,58,0,246,4,0,9,4,0,116,0,0,5,3,0,244,3,0,8,3,43,517,3,0,10,4,0,5,0,0,,,0,0,0,0,,,483,7953,334,43,769,255,0,25,0,0,,,691,14248,435,75,936,230,1,301,4,0,7,0,0,8,0,0,,
2020-04-15,126,1996,48,0,44,14,44,1561,75,3,131,59,0,246,5,1,9,4,1,117,0,0,5,3,3,247,3,0,8,3,32,549,3,0,9,4,0,5,0,0,,,0,0,0,0,,,494,8447,385,51,795,254,1,26,0,0,,,612,14860,487,52,984,218,3,304,4,0,8,0,0,8,0,0,,
2020-04-16,162,2158,50,2,44,14,14,1575,77,2,120,56,4,250,5,0,8,4,0,117,0,0,6,3,5,252,3,0,7,3,30,579,3,0,11,4,0,5,0,0,,,0,0,0,0,,,514,8961,423,38,807,248,0,26,0,0,,,997,15857,630,143,1018,209,1,305,4,0,7,0,0,8,0,0,,
2020-04-17,239,2397,50,0,60,13,43,1618,78,1,119,52,0,250,5,0,8,4,0,117,0,0,5,3,4,256,3,0,7,3,27,606,4,1,11,5,0,5,0,0,,,0,0,0,0,,,564,9525,478,55,829,245,0,26,0,0,,,941,16798,688,58,1076,207,2,307,4,0,6,1,1,9,0,0,,
2020-04-18,165,2562,51,1,57,14,29,1647,81,3,115,54,3,253,5,0,7,4,1,118,0,0,5,3,0,256,3,0,6,3,43,649,7,3,11,5,0,5,0,0,,,0,0,0,0,,,485,10010,514,36,828,250,0,26,0,0,,,723,17521,805,117,1130,258,6,313,4,0,5,1,0,9,0,0,,
2020-04-19,241,2803,55,4,65,16,0,1647,81,0,115,54,0,253,5,0,8,5,0,118,0,0,5,3,0,256,3,0,6,3,26,675,9,2,11,4,0,5,0,0,,,0,0,0,0,,,568,10578,553,39,809,247,0,26,0,0,,,836,18357,877,72,1102,183,2,315,4,0,4,1,0,9,0,0,,
2020-04-20,105,2908,59,4,63,15,52,1699,86,5,104,49,1,254,6,1,8,5,0,118,0,0,5,2,0,256,3,0,6,2,46,721,9,0,12,4,0,5,0,0,,,0,0,0,0,,,606,11184,584,31,802,247,0,26,0,0,,,962,19319,939,62,1169,198,1,316,4,0,4,1,2,11,0,0,,
2020-04-21,187,3095,61,2,64,18,25,1724,87,1,109,51,1,255,6,0,7,4,0,118,0,0,5,1,0,256,3,0,6,2,16,737,10,1,11,3,0,5,0,0,,,0,0,0,0,,,551,11735,622,38,859,250,0,26,0,0,,,807,20126,1041,102,1224,201,4,320,4,0,5,1,0,11,0,0,,
2020-04-22,306,3401,66,5,70,18,71,1795,90,3,103,46,2,257,6,0,7,3,0,118,0,0,5,1,0,256,3,0,6,2,35,772,12,2,10,3,0,5,0,0,,,0,0,0,0,,,510,12245,659,37,878,243,0,26,0,0,,,839,20965,1134,93,1278,199,6,326,4,0,5,1,0,11,0,0,,
2020-04-23,319,3720,68,2,72,18,29,1824,94,4,103,44,5,262,6,0,7,2,0,118,0,0,5,1,0,256,3,0,6,2,55,827,16,4,10,4,0,5,0,0,,,0,0,0,0,,,634,12879,713,54,887,233,0,26,0,0,,,873,21838,1243,109,1411,207,5,331,4,0,5,1,0,11,0,0,,
2020-04-24,297,4017,72,4,76,18,29,1853,98,4,96,41,1,263,6,0,7,3,0,118,0,0,4,1,0,256,3,0,5,2,23,850,16,0,11,3,0,5,0,0,,,0,0,0,0,,,640,13519,763,50,910,243,0,26,0,0,,,778,22616,1340,97,1460,227,10,341,4,0,5,2,0,11,0,0,,
2020-04-25,216,4233,73,1,77,20,95,1948,100,2,96,41,4,267,6,0,7,2,0,118,0,0,4,0,1,257,3,0,5,2,15,865,22,6,11,3,0,5,0,0,,,0,0,0,0,,,476,13995,811,48,925,245,0,26,0,0,,,651,23267,1446,106,1509,217,8,349,4,0,4,2,0,11,0,0,,
2020-04-26,255,4488,73,0,77,20,0,1948,100,0,96,41,4,271,6,0,8,2,0,118,0,0,4,0,1,258,3,0,5,2,8,873,24,2,13,3,0,5,0,0,0,0,0,0,0,0,0,0,437,14432,835,24,938,252,0,26,0,0,0,0,840,24107,1515,69,1518,215,4,353,4,0,3,2,0,11,0,0,0,0
2020-04-27,208,4696,75,2,87,20,50,1998,103,3,97,36,1,272,6,0,7,2,0,118,0,0,3,0,0,258,3,0,5,2,27,900,24,0,12,3,0,5,0,0,0,0,0,0,0,0,0,0,424,14856,892,57,945,241,0,26,0,0,0,0,875,24982,1599,84,1541,210,12,365,5,1,7,5,0,11,0,0,0,0
2020-04-28,154,4850,80,5,82,21,55,2053,105,2,94,37,0,272,6,0,7,2,0,118,0,0,1,0,0,258,3,0,4,2,15,915,27,3,12,3,0,5,0,0,0,0,0,0,0,0,0,0,525,15381,951,59,957,239,1,27,0,0,0,0,775,25757,1682,83,1625,217,1,366,5,0,8,2,0,11,0,0,0,0
2020-04-29,315,5165,87,7,86,22,34,2087,109,4,89,35,1,273,6,0,5,0,0,118,0,0,1,0,0,258,3,0,4,2,20,935,28,1,11,3,0,5,0,0,0,0,0,0,0,0,0,0,347,15728,996,45,977,235,0,27,0,0,0,0,837,26594,1761,79,1648,222,17,383,6,1,10,3,0,11,0,0,0,0
2020-04-30,190,5355,89,2,90,22,25,2112,111,2,82,30,2,275,6,0,5,0,0,118,0,0,0,0,0,258,3,0,4,2,12,947,28,0,10,3,0,5,0,0,0,0,1,1,0,0,0,0,459,16187,1082,86,999,233,0,27,0,0,0,0,944,27538,1859,98,1684,214,6,389,6,0,10,3,0,11,0,0,0,0
2020-05-01,218,5573,92,3,86,22,33,2145,112,1,79,24,4,279,6,0,5,0,0,118,0,0,0,0,1,259,3,0,4,1,12,959,29,1,10,3,0,5,0,0,0,0,0,1,0,0,0,0,421,16608,1121,39,1017,225,0,27,0,0,0,0,1110,28648,2022,163,1716,218,26,415,6,0,7,3,0,11,0,0,0,0
2020-05-02,97,5670,94,2,88,19,26,2171,114,2,79,24,1,280,6,0,6,0,0,118,0,0,0,0,0,259,3,0,4,1,4,963,31,2,9,3,0,5,0,0,0,0,0,1,0,0,0,0,511,17119,1176,55,977,221,0,27,0,0,0,0,1008,29656,2136,114,1738,222,6,421,6,0,10,2,0,11,0,0,0,0
2020-05-03,96,5766,95,1,89,19,0,2171,114,0,79,24,1,281,6,0,5,0,0,118,0,0,0,0,0,259,3,0,4,2,8,971,37,6,6,3,0,5,0,0,0,0,0,1,0,0,0,0,434,17553,1216,40,1010,232,0,27,0,0,0,0,2209,31865,2205,69,1754,218,12,433,6,0,11,3,0,11,0,0,0,0
2020-05-04,70,5836,104,9,89,21,53,2224,117,3,77,20,0,281,6,0,5,0,0,118,0,0,0,0,0,259,3,0,4,2,14,985,38,1,6,2,0,5,0,0,0,0,-1,0,0,0,0,0,370,17923,1300,84,984,225,0,27,0,0,0,0,758,32623,2280,75,1772,218,34,467,6,0,7,4,0,11,0,0,0,0
2020-05-05,57,5893,106,2,87,20,8,2232,121,4,78,21,1,282,7,1,4,0,1,119,0,0,0,0,0,259,3,0,4,2,6,991,41,3,6,2,0,5,0,0,0,0,0,0,0,0,0,0,387,18310,1361,61,1043,223,0,27,0,0,0,0,794,33417,2398,118,1821,218,20,487,6,0,13,9,0,11,0,0,0,0
2020-05-06,70,5963,112,6,82,19,23,2255,124,3,74,19,2,284,7,0,5,0,1,120,0,0,0,0,0,259,3,0,4,2,7,998,41,0,5,2,0,5,0,0,0,0,0,0,0,0,0,0,412,18722,1429,68,1032,219,0,27,0,0,0,0,910,34327,2510,112,1840,213,25,512,6,0,13,4,0,11,0,0,0,0
2020-05-07,54,6017,114,2,85,18,33,2288,126,2,76,20,-1,283,7,0,5,0,0,120,0,0,0,0,2,261,3,0,4,2,9,1007,44,3,5,2,0,5,0,0,0,0,0,0,0,0,0,0,399,19121,1477,48,1033,220,0,27,0,0,0,0,911,35238,2631,121,1836,224,19,531,6,0,12,4,0,11,0,0,0,0
2020-05-08,81,6098,115,1,80,17,27,2315,127,1,73,20,1,284,7,0,5,0,0,120,0,0,0,0,0,261,3,0,4,2,1,1008,46,2,5,2,0,5,0,0,0,0,0,0,0,0,0,0,477,19598,1540,63,1028,213,0,27,0,0,0,0,912,36150,2725,94,1827,207,13,544,6,0,19,4,0,11,0,0,0,0
2020-05-09,59,6157,116,1,74,15,15,2330,129,2,73,20,0,284,7,0,4,0,0,120,0,0,0,0,0,261,3,0,4,2,3,1011,47,1,5,2,0,5,0,0,0,0,0,0,0,0,0,0,346,19944,1599,59,1016,203,0,27,0,0,0,0,836,36986,2786,61,1835,205,9,553,6,0,15,5,0,11,0,0,0,0
2020-05-10,96,6253,117,1,71,13,0,2330,129,0,73,20,3,287,7,0,4,1,0,120,0,0,0,0,0,261,3,0,4,2,7,1018,47,0,9,3,0,5,0,0,0,0,0,0,0,0,0,0,294,20238,1634,35,961,195,0,27,0,0,0,0,735,37721,2928,142,1831,199,11,564,6,0,8,4,0,11,0,0,0,0
2020-05-11,47,6300,117,0,73,12,23,2353,130,1,66,18,2,289,7,0,4,1,0,120,0,0,0,0,0,261,3,0,4,2,1,1019,48,1,9,3,0,5,0,0,0,0,0,0,0,0,0,0,308,20546,1669,35,1027,194,0,27,0,0,0,0,748,38469,3013,85,1838,193,4,568,6,0,8,3,0,11,0,0,0,0
2020-05-12,45,6345,118,1,73,12,7,2360,131,1,63,16,1,290,7,0,4,1,0,120,0,0,0,0,0,261,3,0,4,1,1,1020,48,0,9,4,0,5,0,0,0,0,0,0,0,0,0,0,361,20907,1725,56,1025,192,0,27,0,0,0,0,756,39225,3131,118,1841,186,5,573,6,0,8,3,0,11,0,0,0,0
2020-05-13,62,6407,120,2,70,11,16,2376,132,1,59,14,0,290,7,0,4,1,0,120,0,0,0,0,0,261,3,0,3,1,4,1024,51,3,9,4,0,5,0,0,0,0,0,0,0,0,0,0,329,21236,1765,40,1018,189,0,27,0,0,0,0,706,39931,3220,89,1876,194,4,577,6,0,7,3,0,11,0,0,0,0
2020-05-14,50,6457,121,1,49,8,16,2392,135,3,58,12,-1,289,7,0,4,1,0,120,0,0,0,0,0,261,3,0,3,1,2,1026,51,0,9,4,0,5,0,0,0,0,0,0,0,0,0,0,258,21494,1798,33,1026,184,0,27,0,0,0,0,793,40724,3351,131,1834,190,5,582,6,0,7,3,0,11,0,0,0,0
2020-05-15,58,6515,125,4,62,9,15,2407,140,5,51,12,0,289,7,0,3,1,0,120,0,0,0,0,-1,260,3,0,3,1,8,1034,55,4,9,5,0,5,0,0,0,0,0,0,0,0,0,0,428,21922,1825,27,986,179,0,27,0,0,0,0,696,41420,3401,50,1822,191,8,590,6,0,10,3,0,11,0,0,0,0
2020-05-16,72,6587,126,1,60,8,21,2428,141,1,49,11,0,289,7,0,2,1,0,120,0,0,0,0,0,260,3,0,3,1,3,1037,55,0,8,4,0,5,0,0,0,0,0,0,0,0,0,0,391,22313,1858,33,975,180,0,27,0,0,0,0,763,42183,3483,82,1763,179,1,591,6,0,8,3,0,11,0,0,0,0
2020-05-17,77,6664,127,1,57,9,0,2428,141,0,49,11,0,289,7,0,2,1,0,120,0,0,0,0,0,260,3,0,3,1,3,1040,55,0,8,4,0,5,0,0,0,0,0,0,0,0,0,0,340,22653,1881,23,934,171,0,27,0,0,0,0,737,42920,3562,79,1766,183,1,592,6,0,5,3,0,11,0,0,0,0
2020-05-18,19,6683,128,1,65,9,16,2444,143,2,47,12,1,290,7,0,1,0,0,120,0,0,0,0,0,260,3,0,3,1,3,1043,55,0,8,4,0,5,0,0,0,0,0,0,0,0,0,0,304,22957,1904,23,972,174,0,27,0,0,0,0,707,43627,3596,34,1771,179,0,592,6,0,5,3,0,11,0,0,0,0
2020-05-19,33,6716,128,0,61,8,2,2446,146,3,45,12,0,290,7,0,1,0,0,120,0,0,0,0,0,260,3,0,3,1,1,1044,56,1,9,5,0,5,0,0,0,0,0,0,0,0,0,0,427,23384,1919,15,987,167,0,27,0,0,0,0,570,44197,3647,51,1784,180,7,599,6,0,5,3,0,11,0,0,0,0
2020-05-20,19,6735,128,0,58,7,21,2467,149,3,43,10,0,290,7,0,1,0,0,120,0,0,0,0,0,260,3,0,3,1,1,1045,57,1,8,4,0,5,0,0,0,0,0,0,0,0,0,0,390,23774,1962,43,991,160,0,27,0,0,0,0,578,44775,3718,71,1516,183,21,620,7,1,4,3,0,11,0,0,0,0
2020-05-21,33,6768,132,4,59,6,12,2479,152,3,43,8,0,290,7,0,1,0,1,121,0,0,0,0,0,260,3,0,3,1,1,1046,58,1,9,4,0,5,0,0,0,0,0,0,0,0,0,0,413,24187,1993,31,984,155,0,27,0,0,0,0,720,45495,3800,82,1504,176,2,622,7,0,5,3,0,11,0,0,0,0
2020-05-22,32,6800,134,2,54,6,28,2507,155,3,41,8,2,292,7,0,1,0,0,121,0,0,0,0,0,260,3,0,3,1,2,1048,58,0,8,4,0,5,0,0,0,0,0,0,0,0,0,0,441,24628,2021,28,961,153,0,27,0,0,0,0,646,46141,3865,65,1479,171,5,627,7,0,5,3,0,11,0,0,0,0
2020-05-23,18,6818,135,1,48,6,10,2517,157,2,41,8,0,292,7,0,0,0,0,121,0,0,0,0,0,260,3,0,3,1,1,1049,58,0,6,3,0,5,0,0,0,0,0,0,0,0,0,0,412,25040,2048,27,912,147,0,27,0,0,0,0,697,46838,3940,75,1452,167,3,630,7,0,6,3,0,11,0,0,0,0
2020-05-24,42,6860,135,0,46,6,0,2517,157,0,41,8,0,292,7,0,0,0,0,121,0,0,0,0,0,260,3,0,3,1,1,1050,58,0,6,3,0,5,0,0,0,0,0,0,0,0,0,0,460,25500,2073,25,878,148,0,27,0,0,0,0,573,47411,3984,44,1435,170,2,632,7,0,5,3,0,11,0,0,0,0
2020-05-25,19,6879,138,3,45,5,13,2530,161,4,37,7,0,292,7,0,0,0,0,121,0,0,0,0,0,260,3,0,3,1,1,1051,58,0,6,3,0,5,0,0,0,0,0,0,0,0,0,0,404,25904,2102,29,859,148,0,27,0,0,0,0,573,47984,4069,85,1425,179,2,634,7,0,6,4,0,11,0,0,0,0
2020-05-26,22,6901,139,1,45,5,11,2541,161,0,37,7,0,292,7,0,0,0,1,122,0,0,0,0,0,260,3,0,1,0,1,1052,59,1,7,3,0,5,0,0,0,0,0,0,0,0,0,0,287,26191,2123,21,848,143,0,27,0,0,0,0,614,48598,4139,70,1403,181,0,634,8,1,5,3,0,11,0,0,0,0
2020-05-27,25,6926,141,2,43,4,9,2550,162,1,37,7,0,292,7,0,0,0,1,123,0,0,0,0,0,260,3,0,1,1,1,1053,59,0,7,3,0,5,0,0,0,0,0,0,0,0,0,0,292,26483,2155,32,847,150,0,27,0,0,0,0,541,49139,4228,89,1378,184,3,637,10,2,4,3,0,11,0,0,0,0
