date,AK-pt,AK-dt,AL-pt,AL-dt,AR-pt,AR-dt,AS-pt,AS-dt,AZ-pt,AZ-dt,CA-pt,CA-dt,CO-pt,CO-dt,CT-pt,CT-dt,DC-pt,DC-dt,DE-pt,DE-dt,FL-pt,FL-dt,GA-pt,GA-dt,GU-pt,GU-dt,HI-pt,HI-dt,IA-pt,IA-dt,ID-pt,ID-dt,IL-pt,IL-dt,IN-pt,IN-dt,KS-pt,KS-dt,KY-pt,KY-dt,LA-pt,LA-dt,MA-pt,MA-dt,MD-pt,MD-dt,ME-pt,ME-dt,MI-pt,MI-dt,MN-pt,MN-dt,MO-pt,MO-dt,MP-pt,MP-dt,MS-pt,MS-dt,MT-pt,MT-dt,NC-pt,NC-dt,ND-pt,ND-dt,NE-pt,NE-dt,NH-pt,NH-dt,NJ-pt,NJ-dt,NM-pt,NM-dt,NV-pt,NV-dt,NY-pt,NY-dt,OH-pt,OH-dt,OK-pt,OK-dt,OR-pt,OR-dt,PA-pt,PA-dt,PR-pt,PR-dt,RI-pt,RI-dt,SC-pt,SC-dt,SD-pt,SD-dt,TN-pt,TN-dt,TX-pt,TX-dt,UT-pt,UT-dt,VA-pt,VA-dt,VI-pt,VI-dt,VT-pt,VT-dt,WA-pt,WA-dt,WI-pt,WI-dt,WV-pt,WV-dt,WY-pt,WY-dt
2020-03-01,0,0,0,0,0,0,0,0,1,0,12,0,0,0,0,0,0,0,0,0,0,0,0,0,0,0,0,0,0,0,0,0,3,0,0,0,0,0,0,0,0,0,1,0,0,0,0,0,0,0,0,0,0,0,0,0,0,0,0,0,0,0,0,0,0,0,0,0,0,0,0,0,0,0,0,0,0,0,0,0,1,0,0,0,0,0,1,0,0,0,0,0,0,0,0,0,0,0,0,0,0,0,0,0,11,1,0,0,0,0,0,0
2020-03-02,0,0,0,0,0,0,0,0,1,0,21,0,0,0,0,0,0,0,0,0,1,0,0,0,0,0,0,0,0,0,0,0,4,0,0,0,0,0,0,0,0,0,1,0,0,0,0,0,0,0,0,0,0,0,0,0,0,0,0,0,0,0,0,0,0,0,1,0,0,0,0,0,0,0,1,0,0,0,0,0,3,0,0,0,0,0,2,0,0,0,0,0,0,0,0,0,0,0,0,0,0,0,0,0,18,6,0,0,0,0,0,0
2020-03-03,0,0,0,0,0,0,0,0,1,0,25,0,0,0,0,0,0,0,0,0,2,0,2,0,0,0,0,0,0,0,0,0,4,0,0,0,0,0,0,0,0,0,2,0,0,0,0,0,0,0,0,0,0,0,0,0,0,0,0,0,1,0,0,0,0,0,2,0,0,0,0,0,0,0,2,0,0,0,0,0,3,0,0,0,0,0,2,0,0,0,0,0,0,0,0,0,0,0,0,0,0,0,0,0,27,7,0,0,0,0,0,0
2020-03-04,0,0,0,0,0,0,0,0,1,0,35,1,0,0,0,0,0,0,0,0,2,0,2,0,0,0,0,0,0,0,0,0,4,0,0,0,0,0,0,0,0,0,2,0,0,0,0,0,0,0,0,0,0,0,0,0,0,0,0,0,1,0,0,0,0,0,2,0,0,0,0,0,0,0,11,0,0,0,0,0,3,0,0,0,0,0,2,0,0,0,0,0,0,0,0,0,0,0,0,0,0,0,0,0,39,10,0,0,0,0,0,0
2020-03-05,0,0,0,0,0,0,0,0,1,0,51,1,2,0,0,0,0,0,0,0,3,0,2,0,0,0,0,0,0,0,0,0,5,0,0,0,0,0,0,0,0,0,2,0,0,0,0,0,0,0,0,0,0,0,0,0,0,0,0,0,1,0,0,0,0,0,2,0,2,0,0,0,1,0,23,0,0,0,0,0,3,0,0,0,0,0,2,0,0,0,0,0,1,0,3,0,0,0,0,0,0,0,0,0,70,11,0,0,0,0,0,0
2020-03-06,0,0,0,0,0,0,0,0,2,0,59,1,8,0,0,0,0,0,0,0,3,0,3,0,0,0,0,0,0,0,0,0,5,0,1,0,0,0,1,0,0,0,6,0,3,0,0,0,0,0,1,0,0,0,0,0,0,0,0,0,2,0,0,0,1,0,2,0,2,0,0,0,2,0,31,0,0,0,0,0,3,0,2,0,0,0,2,0,0,0,0,0,1,0,4,0,0,0,0,0,0,0,0,0,78,13,0,0,0,0,0,0
2020-03-07,0,0,0,0,0,0,0,0,4,0,81,1,8,0,0,0,0,0,0,0,7,0,5,0,0,0,1,0,0,0,0,0,6,0,1,0,0,0,1,0,0,0,6,0,3,0,0,0,0,0,1,0,0,0,0,0,0,0,0,0,2,0,0,0,1,0,2,0,4,0,0,0,2,0,76,0,0,0,1,0,6,0,2,0,0,0,3,0,2,0,0,0,1,0,8,0,1,0,0,0,0,0,0,0,102,16,0,0,0,0,0,0
2020-03-08,0,0,0,0,0,0,0,0,4,0,95,1,8,0,0,0,0,0,0,0,10,2,5,0,0,0,1,0,0,0,0,0,7,0,2,0,1,0,1,0,0,0,22,0,5,0,0,0,0,0,1,0,1,0,0,0,0,0,0,0,2,0,0,0,1,0,4,0,5,0,0,0,4,0,106,0,0,0,1,0,14,0,6,0,0,0,3,0,2,0,0,0,3,0,11,0,1,0,2,0,0,0,1,0,122,18,0,0,0,0,0,0
2020-03-09,0,0,0,0,0,0,0,0,4,0,101,1,12,0,0,0,0,0,0,0,13,2,10,0,0,0,1,0,3,0,0,0,7,0,3,0,1,0,4,0,0,0,22,0,5,0,0,0,0,0,2,0,1,0,0,0,0,0,0,0,2,0,0,0,3,0,4,0,5,0,0,0,4,0,142,0,0,0,1,0,14,0,7,0,0,0,3,0,3,0,0,0,3,0,13,0,1,0,2,0,0,0,1,0,122,19,0,0,0,0,0,0
2020-03-10,0,0,0,0,0,0,0,0,6,0,144,2,17,0,1,0,0,0,0,0,15,2,17,0,0,0,3,0,8,0,0,0,12,0,6,0,1,0,5,0,0,0,41,0,8,0,0,0,0,0,2,0,1,0,0,0,0,0,0,0,7,0,0,0,3,0,4,0,15,1,0,0,4,0,150,0,3,0,2,0,14,0,12,0,0,0,3,0,7,0,0,0,3,0,16,0,2,0,8,0,0,0,1,0,167,23,3,0,0,0,0,0
2020-03-11,0,0,0,0,0,0,0,0,9,0,178,4,34,0,3,0,0,0,1,0,24,2,23,0,0,0,2,0,13,0,0,0,25,0,11,0,1,0,8,0,5,0,92,0,9,0,0,0,2,0,5,0,1,0,0,0,0,0,0,0,7,0,0,0,5,0,5,0,23,1,3,0,7,0,220,1,4,0,2,0,19,0,16,0,0,0,5,0,10,0,8,1,9,0,21,0,3,0,9,0,0,0,1,0,282,24,4,0,0,0,0,0
2020-03-12,0,0,0,0,0,0,0,0,9,0,221,4,49,1,5,0,0,0,1,0,30,2,31,1,0,0,2,0,14,0,0,0,32,0,13,0,4,0,10,0,19,0,107,0,12,0,1,0,3,1,9,0,1,0,0,0,1,0,0,0,15,0,1,0,10,0,6,0,29,1,5,0,10,0,327,1,5,0,3,0,24,0,22,0,0,0,3,0,7,0,7,1,18,0,27,0,3,0,12,0,0,0,2,0,442,31,8,0,0,0,1,0
2020-03-13,1,0,5,0,9,0,0,0,9,0,281,4,78,2,11,0,0,0,4,0,50,2,42,1,0,0,2,0,17,0,1,0,46,0,13,0,6,1,14,0,29,0,123,0,18,0,3,0,24,1,14,0,4,0,0,0,6,0,1,0,17,0,1,0,14,0,6,0,49,1,10,0,18,0,421,2,12,0,3,0,30,0,41,0,0,0,12,0,8,0,8,1,26,0,44,0,9,0,27,0,0,0,2,0,568,37,19,0,0,0,1,0
2020-03-14,1,0,7,0,12,0,0,0,12,0,372,3,103,2,23,0,0,0,6,0,76,2,73,1,0,0,4,0,17,0,2,0,64,0,16,0,8,1,16,0,77,1,138,0,27,0,3,0,36,1,21,0,4,0,0,0,6,0,5,0,25,0,1,0,18,0,7,0,69,1,13,0,20,0,613,5,26,0,4,0,36,0,47,0,0,0,20,0,19,0,8,1,32,0,60,0,10,0,37,1,0,0,5,0,642,39,27,0,0,0,2,0
2020-03-15,1,0,11,0,3,0,0,0,12,0,373,5,136,2,24,0,0,0,6,0,100,3,99,1,0,0,6,0,18,0,4,0,66,0,20,0,8,1,18,0,87,2,138,0,24,0,2,0,45,1,21,0,5,0,0,0,6,0,6,0,32,0,1,0,17,0,7,0,72,2,13,0,20,0,615,10,30,0,4,0,36,1,47,0,0,0,20,0,19,0,8,1,32,0,63,0,18,0,37,1,0,0,5,0,603,40,28,0,0,0,2,0
2020-03-16,1,0,29,0,3,0,0,0,18,0,557,7,161,2,41,0,22,0,8,0,101,3,121,1,3,0,8,0,23,0,4,0,83,0,25,1,11,1,21,1,115,3,187,0,42,0,17,0,76,1,53,0,8,0,0,0,12,0,6,0,39,0,1,0,18,0,17,0,176,2,21,0,45,1,967,21,50,0,10,0,39,1,79,0,5,0,21,0,30,1,10,1,52,0,85,0,28,0,49,2,1,0,12,0,779,48,48,0,0,0,2,0
2020-03-17,3,0,39,0,3,0,0,0,20,0,700,12,183,3,68,0,22,0,16,0,190,5,146,1,3,0,10,0,23,0,8,0,161,1,30,2,18,1,26,1,196,4,217,0,60,0,26,0,90,1,59,0,14,0,0,0,21,0,8,0,64,0,3,0,23,0,26,0,250,4,23,0,55,1,1578,35,67,0,17,0,66,1,112,0,5,0,23,0,47,1,11,1,74,0,110,1,39,0,67,2,2,0,12,0,955,55,73,0,0,0,11,0
2020-03-18,5,0,51,0,4,0,0,0,27,0,831,16,216,3,96,1,31,0,19,0,306,7,197,3,5,0,15,0,38,0,9,0,272,1,38,2,22,1,28,1,257,6,252,0,85,0,35,0,159,2,77,0,21,1,0,0,34,0,10,0,92,0,6,0,24,0,37,0,397,7,28,0,55,1,3038,60,89,0,17,0,75,3,155,1,5,0,33,0,60,1,11,1,100,0,196,4,47,0,79,2,2,0,13,0,1022,67,111,0,1,0,16,0
2020-03-19,8,0,78,0,62,0,0,0,45,0,1009,18,278,5,159,3,40,0,30,0,432,9,287,10,12,0,25,0,44,0,23,0,422,4,60,2,35,1,50,2,392,10,328,0,107,1,52,0,314,2,89,0,42,1,0,0,50,1,11,0,136,0,19,0,29,0,42,0,741,13,35,0,95,1,5704,92,119,0,44,1,88,3,206,1,5,0,44,0,80,1,14,1,154,0,306,5,62,0,103,2,3,0,22,2,1374,73,159,4,2,0,18,0
2020-03-20,11,0,106,0,100,0,0,0,68,0,1243,24,364,5,194,4,71,1,39,0,564,11,485,14,14,0,36,0,45,0,36,0,585,5,86,3,48,1,64,2,537,14,413,1,149,2,56,0,471,3,113,0,79,3,0,0,80,1,20,0,189,0,26,0,37,0,53,0,890,16,42,0,161,2,8403,147,173,3,49,1,114,3,311,1,14,0,54,0,126,3,14,1,223,1,429,5,95,0,123,2,3,0,29,2,1524,83,219,3,8,0,21,0
2020-03-21,13,0,131,0,122,0,0,0,104,1,1412,25,475,6,194,4,98,0,45,0,763,13,555,20,15,0,36,0,69,0,42,0,753,6,128,4,57,2,87,3,763,20,523,1,193,2,70,0,625,6,134,1,89,3,0,0,140,1,27,0,256,0,28,0,38,0,61,0,1327,22,55,0,161,2,11727,195,247,3,53,1,137,4,399,2,21,1,66,0,174,3,14,1,304,1,582,6,118,0,157,3,6,0,49,2,1793,94,282,4,12,0,23,0
2020-03-22,18,0,157,0,165,0,0,0,152,2,1651,30,595,7,327,8,102,2,56,0,1004,13,621,25,27,1,53,0,90,0,42,0,1049,9,204,6,65,2,103,3,837,20,640,5,244,3,89,0,1131,12,167,1,122,3,0,0,207,1,34,0,305,0,28,0,51,0,73,0,1914,29,57,0,190,2,15800,287,356,3,67,2,161,5,509,4,23,1,83,0,196,3,21,1,393,2,643,8,162,1,220,6,6,0,52,2,1997,97,381,4,16,0,26,0
2020-03-23,30,0,196,0,192,0,0,0,235,2,2113,39,723,7,415,10,120,2,68,0,1227,18,772,25,29,1,56,0,105,0,68,0,1285,12,270,7,84,2,123,4,1172,35,777,9,290,3,107,0,1454,18,234,1,225,4,0,0,249,1,34,0,353,0,30,0,51,0,101,1,2844,40,83,0,245,4,20884,387,443,6,81,2,191,5,698,6,31,2,106,0,298,5,28,1,614,2,758,10,257,1,254,6,7,0,75,5,2221,109,425,5,16,0,26,0
2020-03-24,34,0,242,0,219,2,0,0,326,5,2542,50,912,11,618,12,141,2,104,0,1412,18,1026,32,32,1,90,1,124,0,81,0,1537,16,368,12,100,2,162,4,1388,46,1159,11,349,4,118,0,1942,31,261,1,291,8,0,0,320,1,51,0,495,0,36,0,66,0,101,1,3675,60,100,0,278,4,25681,514,567,8,106,3,210,8,946,8,39,2,124,0,342,5,30,1,772,2,955,15,298,1,293,9,17,0,95,7,2328,116,481,5,22,0,29,0
2020-03-25,41,1,381,1,280,2,0,0,401,6,3009,65,1087,20,875,19,187,2,119,0,1682,23,1247,40,37,1,91,0,146,1,91,0,1865,19,477,14,134,3,197,5,1795,65,1838,15,425,4,142,0,2468,51,286,1,382,9,0,0,377,3,65,0,590,2,45,0,71,0,108,1,4402,81,113,1,323,6,30841,663,704,11,164,5,266,10,1260,15,51,2,132,0,424,7,41,1,916,3,1229,19,340,1,396,9,17,0,125,8,2591,133,621,7,39,0,44,0
2020-03-26,56,1,517,1,335,2,0,0,508,8,3910,81,1430,19,1012,21,231,3,130,1,2357,29,1525,48,45,1,95,0,179,1,146,3,2538,26,645,17,172,3,247,5,2304,83,2417,25,583,4,155,0,3032,71,344,2,577,9,0,0,485,6,90,0,738,3,51,0,74,0,137,1,6876,109,113,1,420,10,37877,912,868,15,248,7,316,11,1795,18,64,2,165,0,424,9,46,1,1097,3,1563,25,396,1,466,10,17,0,158,9,3207,150,728,10,52,0,53,0
2020-03-27,58,1,587,4,381,3,0,0,665,13,4679,94,1738,31,1291,27,271,3,163,2,2900,35,2000,64,51,1,106,0,235,3,205,3,3024,34,979,25,206,4,301,7,2744,119,3240,35,775,5,168,1,3848,107,396,4,744,9,0,0,579,8,109,1,887,4,68,1,82,0,158,1,8825,141,136,1,536,10,44876,1227,1137,19,322,8,416,12,2345,22,79,3,203,0,542,13,58,1,1318,6,1937,34,472,1,607,10,19,0,184,10,3477,157,926,14,76,0,70,0
2020-03-28,85,2,694,4,409,5,0,0,773,15,5110,110,2061,44,1524,33,304,4,214,5,3763,54,2366,69,55,1,149,0,298,3,234,4,3491,47,1233,31,266,4,380,9,3315,137,4257,44,995,5,211,1,4890,130,441,5,864,13,0,0,663,13,129,1,1020,5,94,1,96,2,187,2,11124,192,208,1,626,10,52410,1601,1406,25,377,15,479,13,2845,34,100,3,239,2,660,15,68,1,1511,7,2455,39,602,1,740,13,22,0,211,12,4030,188,1055,17,96,0,82,0
2020-03-29,102,2,825,10,426,6,0,0,919,17,5863,124,2308,47,1993,34,342,5,232,6,4246,56,2651,80,56,1,149,0,336,4,281,5,4596,66,1513,32,330,7,438,9,3540,151,4955,48,1239,10,253,3,5753,157,503,9,934,16,0,0,759,14,154,1,1191,7,98,1,108,2,214,2,13386,219,237,2,920,15,59648,2031,1653,29,429,16,548,13,3432,41,127,3,294,3,774,16,90,1,1720,8,2792,47,720,2,890,20,23,0,235,12,4465,198,1164,18,113,0,86,0
2020-03-30,114,3,899,10,473,7,0,0,1157,20,7155,146,2627,51,2571,36,401,9,264,6,5473,63,2808,87,58,1,175,0,424,6,340,6,5056,73,1786,35,372,8,479,11,4025,185,5752,56,1413,15,275,3,6803,213,576,10,1289,16,0,0,847,16,171,5,1313,7,109,2,145,2,314,3,16636,268,237,2,1012,15,66663,2585,1933,40,481,16,606,16,4155,50,174,6,408,4,925,18,101,1,1917,14,3147,57,798,4,1020,15,30,0,256,12,4923,205,1230,20,145,1,94,0
2020-03-31,119,3,987,23,523,8,0,0,1289,25,8233,173,2966,69,3128,69,495,9,319,10,6741,85,3929,111,69,2,204,0,497,7,515,8,5994,99,2158,49,434,9,628,11,5237,239,6620,89,1660,18,303,5,7951,292,629,12,1550,19,2,0,937,20,198,5,1535,12,122,3,172,3,357,3,18696,366,315,4,1114,26,75833,3244,2199,55,568,23,690,18,4963,63,239,8,488,8,1083,22,108,1,2391,23,3809,68,888,5,1249,27,30,0,293,13,5432,225,1412,25,162,1,109,0
2020-04-01,132,3,1060,27,584,10,0,0,1413,32,9410,199,3342,79,3557,85,586,9,368,11,6956,87,4638,139,77,3,224,1,547,9,566,9,6980,141,2564,65,485,10,632,18,6424,273,7738,122,1986,31,303,5,9717,370,689,17,1803,24,6,1,1073,22,208,6,1675,14,142,3,210,4,367,3,22255,476,327,5,1279,31,83948,3976,2547,65,721,30,736,19,6009,74,286,11,566,10,1293,26,129,2,2933,24,4355,85,888,5,1483,34,30,0,321,16,5608,234,1556,27,191,1,130,0
2020-04-02,143,3,1233,32,643,12,0,0,1596,35,10790,238,3728,97,3824,112,653,12,393,12,9008,164,5348,163,82,3,256,1,614,11,776,9,7695,163,3038,78,553,12,770,31,9149,310,8966,154,2331,36,376,7,11230,453,742,18,2003,32,6,1,1177,26,241,6,1977,21,159,3,246,5,479,3,25590,681,373,6,1463,38,92506,4813,2901,81,881,34,826,21,7268,90,316,12,645,12,1554,31,165,2,3013,36,5069,100,1086,7,1706,41,30,0,338,17,6389,271,1748,38,216,2,150,0
2020-04-03,157,3,1495,38,704,12,0,0,1769,44,12016,265,4173,111,4914,131,757,15,450,14,10268,170,5831,184,84,4,319,3,699,11,891,9,8904,210,3437,102,629,18,770,34,10297,370,10402,192,2758,43,432,9,13221,518,788,22,2124,45,8,1,1358,29,243,5,2251,27,173,3,279,6,479,5,29895,817,490,10,1514,43,102987,5519,3312,91,990,38,899,22,8570,102,316,15,711,14,1700,34,187,2,3067,41,5734,118,1248,7,2012,46,37,0,389,17,6846,291,2012,51,237,2,162,0
2020-04-04,171,5,1614,44,743,14,0,0,2019,52,12837,289,4565,126,5276,165,902,21,593,14,11537,195,6160,201,93,4,351,3,787,14,1022,10,10357,244,3953,116,698,21,917,40,12496,409,11736,216,3125,54,456,10,14735,585,865,24,2472,51,8,1,1455,35,265,6,2486,34,186,3,321,6,540,7,34124,1059,506,11,1742,46,113833,6110,3739,102,1161,42,899,22,10444,136,452,18,806,17,1917,40,212,2,3322,50,6567,135,1428,8,2407,52,40,0,461,20,7247,315,2030,54,282,2,187,0
2020-04-05,185,6,1765,45,837,16,0,0,2269,64,15034,348,4950,140,5675,189,1002,22,673,14,12350,221,6647,211,112,4,371,4,869,18,1078,10,11259,274,4411,127,751,22,955,45,13010,477,12500,231,3617,67,470,10,16268,675,935,29,2568,64,8,1,1638,43,286,6,2649,38,207,3,364,8,621,9,37505,1185,624,12,1855,46,123160,6932,4043,119,1254,46,1068,27,11589,151,475,20,922,25,2049,44,240,2,3633,53,7209,163,1601,8,2640,52,42,1,512,22,7825,336,2320,74,324,3,197,0
2020-04-06,190,6,1952,49,875,16,0,0,2460,65,16024,380,5183,150,6906,206,1097,24,783,15,13324,236,7314,229,113,4,387,5,946,25,1101,10,12262,307,4956,143,849,25,955,45,14867,512,13837,260,4045,91,499,10,17820,793,986,30,3030,72,8,1,1738,51,299,6,2962,45,225,3,417,9,715,9,41090,1337,686,12,1953,46,131815,7962,4453,142,1329,51,1068,27,13127,179,513,21,1082,27,2232,48,288,4,3802,65,8043,182,1678,13,2878,66,43,1,543,23,8311,381,2449,78,345,4,210,0
2020-04-07,213,6,2169,64,946,18,0,0,2575,73,17351,432,5429,179,7781,277,1211,22,928,16,14545,283,8822,329,121,4,410,5,1046,25,1170,13,13553,380,5510,173,912,29,1149,65,16284,582,15202,356,4371,103,519,12,19644,917,1069,34,3327,92,8,2,1915,60,319,6,3299,53,237,4,447,10,715,9,44416,1633,794,13,2124,72,139875,9043,4782,167,1474,67,1132,29,14853,247,573,23,1229,30,2417,51,320,6,4139,72,8925,195,1739,13,3335,66,43,1,575,23,8692,400,2578,92,412,4,216,0
2020-04-08,226,7,2328,66,1000,18,0,0,2726,89,18897,495,5655,193,7781,326,1440,27,1116,19,15456,309,9901,362,121,4,410,5,1145,27,1210,15,15078,462,5943,203,1046,34,1149,65,17030,652,16790,433,5529,124,537,14,21076,1037,1154,39,3511,107,11,2,2003,67,332,6,3499,66,251,4,519,12,747,13,47437,1974,821,13,2259,72,151061,10028,5148,193,1526,79,1181,33,16631,318,620,24,1450,35,2417,51,393,6,4363,80,9777,221,1848,13,3645,66,45,1,605,23,9276,426,2710,100,483,4,221,0
2020-04-09,235,7,2703,70,1119,21,0,0,3018,98,19710,544,6202,226,9784,380,1523,32,1209,23,16364,354,10566,379,128,4,442,6,1270,29,1232,18,16422,528,6351,245,1116,42,1341,73,18283,702,18941,503,6185,138,560,16,22297,1164,1240,50,3754,123,11,2,2260,76,354,6,3736,76,269,5,568,14,819,21,51027,2250,865,16,2456,81,161779,11001,5512,213,1686,80,1321,44,18300,345,683,33,1727,43,2793,67,447,6,4634,94,11208,247,1856,13,4042,109,45,1,628,23,9639,456,2886,111,514,5,230,0
2020-04-10,246,7,2947,80,1171,21,0,0,3112,106,21081,583,6513,250,10538,448,1660,38,1326,32,17531,390,11485,416,130,4,442,6,1388,31,1354,24,17887,597,6907,300,1117,42,1693,90,19253,755,20974,599,6968,171,586,17,23279,1371,1336,57,4149,133,11,2,2469,82,365,6,3965,83,278,6,635,15,819,21,54588,2529,1081,17,2722,90,172348,11850,5878,231,1794,88,1322,44,20051,418,725,39,1727,43,3067,72,536,6,4891,98,12105,272,2103,17,4509,121,50,1,679,24,10119,483,3068,128,574,5,239,0
2020-04-11,257,8,3217,92,1228,25,0,0,3393,117,21717,604,6893,274,11510,494,1778,47,1479,33,18494,438,12159,429,133,5,465,8,1510,34,1396,25,19180,677,7435,330,1275,55,1693,90,20014,806,22860,686,7694,206,616,19,24500,1487,1427,64,4395,145,11,2,2642,93,377,6,4354,89,293,7,699,17,885,22,58151,2854,1091,19,2702,102,181026,12777,6250,247,1868,94,1371,48,21719,503,788,42,2349,56,3211,80,626,6,5132,106,13023,304,2207,18,5077,130,51,1,711,25,10434,495,3213,137,577,5,261,0
2020-04-12,272,8,3563,93,1280,27,0,0,3542,125,22800,640,7307,289,12035,554,1875,50,1625,35,19895,461,12452,433,133,5,499,9,1587,41,1407,27,20852,720,7928,343,1344,56,1963,97,20595,840,25475,756,8225,236,633,19,25183,1592,1621,70,4534,157,11,2,2781,96,387,6,4570,89,308,7,791,17,929,23,61850,3096,1245,26,2836,112,189033,13752,6604,253,1970,96,1527,52,22938,557,897,44,2665,63,3320,82,730,6,5508,106,13677,325,2303,18,5274,141,51,1,727,27,10609,506,3341,144,593,6,270,0
2020-04-13,277,8,3734,99,1410,29,0,0,3705,132,23934,714,7696,306,13381,602,1955,52,1758,41,21019,499,13315,465,133,5,504,9,1710,41,1426,27,22025,798,8359,350,1390,62,2018,113,21016,884,26867,844,8936,262,698,19,26622,1724,1621,70,4714,167,11,2,2942,98,394,7,4886,94,331,8,814,17,985,23,64584,3263,1262,26,2990,114,195749,14730,6975,274,2069,99,1584,53,24292,589,903,45,2665,63,3391,82,868,6,5610,109,14275,351,2363,13,5747,149,51,1,748,28,10635,513,3428,154,611,8,275,1
2020-04-14,285,9,3953,114,1498,32,0,0,3809,143,25389,767,7950,327,13989,671,2058,67,1926,43,21628,571,14578,525,133,5,511,9,1899,49,1464,33,23248,868,8527,387,1441,69,2048,106,21518,1013,28164,844,9472,302,735,20,28042,1899,1695,79,4880,185,11,2,3087,111,399,7,5113,112,341,8,897,20,922,25,68824,3678,1345,31,3134,126,203020,15612,7285,324,2184,108,1633,55,25465,691,923,45,3251,80,3553,97,988,6,5827,124,15006,388,2417,18,6182,154,51,1,752,29,10799,530,3555,170,640,9,282,1
2020-04-15,293,9,4075,118,1569,33,0,0,3964,155,26686,860,8280,354,14755,868,2197,72,2014,46,22511,596,14987,552,135,5,524,9,1995,53,1473,39,24593,949,8960,436,1504,71,2210,115,21951,1103,29919,1108,10032,311,770,24,29144,2056,1809,87,5005,202,13,2,3360,122,404,7,5340,130,365,9,901,20,1139,32,71030,4088,1484,36,3211,131,214454,16398,7794,362,2263,123,1663,58,26753,779,974,51,3251,80,3656,106,1168,6,5827,124,15907,422,2548,20,6500,195,51,1,759,29,10942,552,3721,183,702,10,287,1
2020-04-16,300,9,4345,133,1620,37,0,0,4237,164,27677,956,8675,372,15884,971,2350,81,2070,55,23343,668,15669,587,135,5,530,9,2141,60,1587,41,25734,1072,9542,477,1615,80,2435,129,22532,1156,32181,1108,10784,319,796,27,29966,2136,1809,87,5308,216,13,2,3624,129,415,7,5639,150,393,9,952,21,1139,32,75317,4510,1484,36,3214,137,223691,17140,8414,407,2357,131,1736,64,28258,841,1043,56,3529,87,3931,111,1311,7,6166,136,16876,463,2683,20,6889,208,51,1,774,33,11057,579,3875,197,728,12,296,2
2020-04-17,309,9,4571,148,1695,37,0,0,4511,183,29157,1037,9047,389,16809,1036,2476,86,2317,61,24759,725,17194,650,136,5,541,9,2332,64,1609,41,27578,1132,10154,522,1730,82,2522,137,23118,1213,34985,1245,11572,334,827,29,31225,2375,2070,111,5520,229,13,2,3793,140,422,8,6045,177,393,9,1066,24,1287,37,78467,4881,1597,44,3524,142,230597,18190,9107,418,2465,136,1785,70,29888,921,1068,58,4177,118,4099,116,1411,7,6263,141,17849,503,2793,23,7491,231,51,2,779,35,11517,603,4053,206,775,16,305,2
2020-04-18,314,9,4712,153,1744,38,0,0,4724,180,30511,1140,9440,411,17550,1086,2666,91,2538,67,25492,748,17669,673,136,5,574,9,2513,74,1655,43,29160,1259,10641,545,1821,85,2707,144,23580,1267,36963,1404,12326,421,847,32,32031,2460,2209,121,5713,236,14,2,3974,152,426,10,6328,187,528,9,1249,24,1342,38,81420,5169,1798,53,3626,151,237474,19236,10222,451,2465,136,1844,72,31652,1042,1118,60,4491,137,4248,119,1542,7,6589,142,18704,529,2917,25,8053,258,53,3,803,38,11776,613,4199,212,785,16,309,2
2020-04-19,319,9,4888,157,1781,39,0,0,4933,184,31431,1177,9730,420,17962,1127,2793,96,2538,67,26314,774,18301,687,136,5,580,10,2902,75,1668,44,30357,1290,11211,562,1905,93,2960,146,23928,1296,38674,1706,12847,461,867,34,32688,2551,2356,134,5881,242,14,2,4274,159,433,10,6601,200,585,9,1474,28,1390,38,85301,5505,1845,55,3728,158,243382,19105,11602,471,2567,140,1910,74,32902,1276,1213,62,4706,150,4377,120,1635,7,7070,148,19260,546,3069,27,8542,277,53,3,813,38,11978,636,4346,220,890,18,313,2
2020-04-20,321,9,5079,163,1973,41,0,0,5068,191,33686,1225,10112,447,19815,1331,2927,105,2745,72,27059,822,19407,775,136,5,584,10,3159,79,1672,45,31513,1349,11688,577,2048,102,3050,154,24523,1328,40252,1706,13684,582,875,35,33324,2637,2470,143,6043,263,14,2,4512,169,433,10,6895,218,627,9,1648,33,1447,42,88722,5678,1971,58,3830,159,248416,19724,12919,509,2680,143,1957,75,33914,1348,1252,63,5090,155,4446,123,1685,7,7238,152,19751,563,3213,28,8990,300,53,3,816,38,12114,643,4499,230,902,24,317,2
2020-04-21,329,9,5317,183,1990,42,0,0,5256,208,35480,1282,10473,483,20360,1423,3098,112,2931,82,27869,867,19881,798,136,5,586,10,3641,83,1736,48,33059,1468,12097,635,2164,109,3204,171,24854,1405,41832,1961,14193,652,888,36,34048,2746,2567,160,6242,281,14,2,4716,183,437,12,7134,245,644,13,1685,33,1490,42,92387,5974,1971,58,3937,163,253519,20351,13725,557,2807,164,2004,78,35249,1614,1298,64,5500,171,4439,124,1755,8,7394,157,20664,601,3297,32,9630,324,53,3,818,40,12392,664,4625,244,908,26,443,2
2020-04-22,335,9,5593,196,2276,42,0,0,5473,231,37352,1421,10891,506,22469,1544,3206,127,3200,89,28309,893,21214,848,136,5,592,12,3748,90,1766,51,35107,1565,12438,666,2331,112,3378,185,25258,1473,43614,2182,14775,698,907,39,35404,2987,2722,179,6433,301,14,2,4894,193,439,14,7495,265,679,14,1813,38,1588,48,95914,6407,2210,71,4081,172,258222,20866,14117,610,2894,170,2059,78,36082,1673,1252,63,5841,181,4761,140,1858,9,7394,157,21321,626,3445,32,10266,349,54,3,823,40,12596,686,4845,248,939,27,447,6
2020-04-23,337,9,5832,202,2599,45,0,0,5772,249,39561,1533,11278,552,23100,1639,3361,139,3308,92,29648,987,21883,881,139,5,596,12,3924,96,1836,54,36937,1688,13039,706,2721,113,3479,191,25739,1599,46727,2360,15737,748,937,44,36845,3157,2942,200,6700,317,14,2,5153,201,442,14,7820,281,709,15,2202,47,1670,51,100025,6713,2379,78,4208,195,263460,21523,14694,656,3017,179,2127,83,38379,1724,1416,69,6256,189,4917,150,1956,9,8266,171,22650,676,3612,35,10998,373,54,3,825,43,12753,711,5052,258,981,31,453,7
2020-04-24,339,9,6026,209,2810,47,0,0,6045,266,41355,1621,12256,674,23936,1767,3528,153,3442,100,30533,1046,22491,899,141,5,601,13,4445,107,1870,54,39658,1795,13681,741,2959,118,3779,200,26140,1660,51700,2556,16616,798,965,47,38330,3267,3185,221,6943,343,14,2,5434,209,444,14,8290,294,748,15,2424,50,1720,53,102196,7003,2521,84,4398,197,271590,22076,15169,690,3121,188,2177,86,40208,1747,1276,77,6699,202,5070,157,2040,10,8728,169,23642,699,3782,39,11594,411,54,3,827,44,12977,722,5356,263,1010,32,473,7
2020-04-25,339,9,6026,209,2911,48,0,0,6286,273,42368,1689,12968,684,24583,1865,3699,165,3576,112,30839,1055,23222,907,141,5,605,13,5092,112,1887,56,41777,1875,14399,786,3135,120,3915,205,26512,1707,54135,2730,17766,875,965,47,38789,3339,3446,244,7108,357,14,2,5718,221,445,14,8768,305,803,16,2719,50,1797,53,105498,7274,2660,93,4539,205,282143,22511,15587,711,3194,194,2253,87,41153,1793,1307,83,7129,215,5253,166,2147,10,9189,177,24153,720,3948,41,12366,437,55,3,843,46,13319,737,5687,266,1010,32,491,7
2020-04-26,340,9,6421,219,3001,51,0,0,6534,275,43559,1725,13441,688,25269,1924,3841,178,4034,120,31532,1075,23486,916,141,5,606,14,5476,118,1897,56,43903,1933,15012,813,3277,121,4085,208,26773,1729,55753,2899,18581,910,1015,50,39540,3505,3602,272,7275,374,14,2,5911,227,448,14,8997,324,867,17,3030,56,1864,60,109038,7330,2726,99,4734,206,288045,22917,15972,728,3254,195,2311,92,42616,1816,1371,84,7439,226,5498,174,2212,11,9667,181,24967,738,4123,41,12970,449,57,4,851,46,13521,749,5912,272,1055,34,502,7
2020-04-27,345,9,6539,228,3069,51,0,0,6725,275,44972,1779,13879,706,25997,2012,3892,185,4162,125,32138,1088,24302,995,141,5,607,16,5868,127,1897,56,45883,1983,15961,844,3473,126,4156,213,27068,1740,57295,3003,19487,945,1023,51,40034,3598,3811,286,7444,395,14,2,6094,229,449,14,9321,340,942,19,3358,56,1938,60,111188,7473,2825,99,4700,206,291996,23399,16325,753,3281,197,2354,92,43558,1886,1389,84,7708,233,5613,177,2244,11,9918,184,25412,760,4236,41,13538,460,57,4,855,47,13686,764,6081,281,1063,34,520,7
2020-04-28,351,9,6750,242,3127,57,0,0,6955,275,46164,1864,14316,736,26312,2087,3994,190,4575,137,32848,1171,24922,1036,141,5,609,16,6376,136,1952,60,48102,2125,16588,901,3652,127,4375,225,27286,1801,59193,3153,20113,1016,1040,51,41166,3766,4181,301,7591,409,14,2,6342,239,451,15,9755,363,991,19,3517,56,2010,60,113856,7904,2974,105,4821,219,295106,23734,16769,799,3410,207,2385,99,45137,2046,1400,86,7927,239,5735,192,2313,11,10052,188,26357,800,4345,41,14339,492,57,4,862,47,13842,786,6289,300,1095,38,536,7
2020-04-29,355,9,6912,256,3193,57,0,0,7209,308,48747,1946,14758,766,26767,2169,4106,205,4655,144,33193,1218,25775,1101,141,5,613,16,6843,148,1952,60,50358,2215,17182,964,3839,134,4537,234,27660,1845,61201,3405,20849,1078,1056,52,42379,3869,4644,319,7761,424,14,2,6569,250,451,16,10180,382,1033,19,3851,56,2058,60,116365,8254,3213,112,4934,230,299691,24180,17303,937,3473,214,2446,101,46327,2373,1433,86,8247,251,5882,231,2373,13,10366,195,27369,834,4497,45,14962,522,57,4,862,47,14070,801,6520,308,1110,38,545,7
2020-04-30,355,9,7088,272,3281,61,0,0,7655,320,50130,2031,15284,777,27700,2257,4323,224,4734,152,33690,1268,26264,1132,145,5,618,16,7145,162,1984,60,52918,2355,17835,1114,4413,134,4708,240,28001,1905,63211,3562,21742,1140,1095,53,43478,3991,5136,343,7956,443,14,2,6815,261,453,16,10754,406,1067,19,4281,70,2146,72,118652,8737,3411,123,5053,243,304372,24552,18027,976,3618,222,2510,103,47971,2475,1539,92,8621,266,6095,244,2449,17,10735,199,28727,889,4672,46,15847,552,66,4,866,49,14327,814,6854,316,1125,41,559,7
2020-05-01,364,9,7294,289,3337,64,0,0,7969,330,52026,2126,15793,821,28764,2339,4658,231,4918,159,34728,1314,27489,1169,145,5,619,16,7884,170,2015,63,56055,2457,18630,1175,4634,140,4882,246,28711,1970,65388,3716,23472,1080,1123,55,44524,4069,5730,370,8190,457,14,2,7212,281,453,16,11070,419,1107,23,5008,73,2310,81,121190,9072,3513,131,5248,246,308314,24921,18743,1003,3748,230,2579,104,49579,2635,1575,94,8962,279,6258,256,2525,21,11891,204,29692,914,4828,46,16902,581,66,4,879,50,14637,824,7314,327,1152,46,566,7
2020-05-02,365,9,7611,288,3372,72,0,0,8364,330,53347,2180,16225,832,29287,2436,4797,240,5038,168,35463,1364,28331,1177,145,5,620,16,8643,175,2061,64,58505,2559,19295,1229,4885,142,4879,248,29140,1993,67438,3846,24473,1251,1153,56,45424,4224,6232,394,8449,472,14,2,7441,291,455,16,11588,431,1153,24,5317,73,2429,84,123717,9302,3732,138,5389,255,312977,25211,19335,1022,3851,238,2635,109,50494,2695,1757,95,9289,296,6489,267,2588,21,12661,209,30917,933,4985,49,17738,617,66,4,886,51,15003,830,7660,334,1185,48,579,7
2020-05-03,368,9,7888,290,3437,76,0,0,8640,362,54903,2216,16635,842,29287,2436,5016,251,5208,177,36078,1379,28665,1184,145,5,620,17,9175,184,2061,64,61499,2618,19933,1246,5156,144,5130,253,29340,2012,69318,4004,25462,1281,1185,57,46047,4258,6663,418,8712,484,14,2,7550,303,455,16,11770,434,1191,25,5661,78,2518,86,126744,9456,3850,151,5472,258,316415,25495,19914,1039,3972,238,2680,109,51225,2720,1808,97,9477,320,6626,275,2631,21,13177,210,31998,948,5175,50,18672,660,66,4,897,53,15185,834,7964,339,1195,48,586,7
2020-05-04,370,9,8112,298,3491,80,0,0,8924,362,55884,2278,16918,851,29973,2556,5170,258,5288,182,36897,1399,29451,1246,145,5,621,17,9703,188,2106,64,63777,2659,20507,1264,5383,156,5245,261,29673,2064,70388,4090,26408,1317,1205,57,46348,4345,7234,427,8998,495,14,2,7877,310,457,16,11971,442,1225,25,6037,78,2588,86,128269,9519,4031,156,5630,265,318953,25848,20474,1057,4044,238,2759,109,52816,2838,1843,97,9652,341,6757,283,2668,21,13571,219,32783,972,5317,50,19493,684,66,4,902,52,15462,841,8236,340,1224,48,596,7
2020-05-05,371,9,8437,315,3525,83,0,0,9305,395,58456,2381,17367,903,30621,2633,5322,264,5371,187,37439,1471,29998,1299,145,5,625,17,10111,207,2127,65,65889,2834,21033,1326,5648,161,5822,275,29996,2115,71654,4212,27117,1390,1226,61,46914,4391,7851,455,9195,524,14,2,8207,342,456,16,12510,472,1266,25,6373,78,2636,92,130593,9863,4138,162,5660,270,321192,26130,20969,1135,4127,247,2839,113,53864,3179,1924,99,9933,355,6841,296,2721,24,13690,226,33912,995,5449,56,20257,713,66,4,907,52,15594,862,8566,353,1246,48,604,7
2020-05-06,372,10,8691,343,3611,87,0,0,9707,426,60616,2464,17832,919,30995,2718,5461,277,5778,193,38002,1539,30743,1327,149,5,626,17,10404,219,2158,66,68232,2974,21870,1377,5993,164,5934,283,30399,2167,73538,4420,28163,1437,1254,62,47738,4465,8579,485,9447,539,15,2,8424,374,456,16,13053,492,1323,31,6689,78,2741,92,131890,10187,4291,169,5741,289,323978,26699,21576,1225,4202,253,2916,115,54800,3345,1968,99,10205,370,6936,305,2780,29,13938,239,34928,1025,5595,58,20985,737,66,4,908,52,15905,870,8901,362,1242,50,631,7
2020-05-07,374,10,9046,369,3703,87,0,0,9945,450,62148,2535,18370,944,31784,2797,5654,285,5939,202,38828,1600,31618,1355,149,5,629,17,11059,231,2178,67,70871,3111,22503,1414,6332,165,6129,294,30652,2208,75338,4552,29374,1503,1330,62,48412,4556,9365,508,9683,562,15,2,8686,396,456,16,13540,513,1371,31,7334,91,2843,114,133991,10460,4493,172,5855,297,327469,26928,22131,1271,4330,260,2989,121,55956,3589,2031,102,10530,388,7142,316,2906,31,14096,238,36036,1058,5724,61,21570,769,66,4,916,53,16231,891,9215,374,1287,51,635,7
2020-05-08,377,10,9385,383,3747,88,0,0,10526,517,63800,2613,18827,960,32411,2874,5899,304,6111,213,39199,1669,32181,1400,151,5,629,17,11457,243,2178,67,73760,3241,23146,1447,6667,168,6288,298,30855,2227,77090,4702,30485,1560,1374,63,49170,4614,10088,534,9829,583,15,2,9090,409,458,16,14006,530,1425,33,7818,90,2947,121,135840,10635,4673,181,5920,294,330407,27245,23016,1306,4424,266,3068,124,57371,3715,2156,107,10779,399,7367,320,3145,31,14441,242,37246,1096,5919,61,22342,812,68,4,919,53,16388,905,9590,384,1323,52,644,7
2020-05-09,378,10,9668,390,3747,88,0,0,10960,532,66572,2687,19375,967,32984,2932,6102,311,6277,221,40001,1715,32588,1403,151,5,631,17,11671,252,2205,67,76085,3349,23732,1490,6829,174,6440,304,31417,2267,78561,4840,31534,1614,1408,64,49676,4757,10790,558,9988,594,16,2,9378,421,458,16,14478,551,1464,35,8093,90,3011,131,137397,10805,4778,191,6171,313,333122,27466,23697,1331,4490,270,3160,127,58560,3779,2173,108,10989,418,7531,330,3393,34,14768,242,38394,1132,6103,66,23196,827,68,4,921,53,16674,921,9939,398,1323,52,653,7
2020-05-10,379,10,9889,393,4012,91,0,0,11119,536,67600,2716,19703,971,33554,2967,6272,323,6277,221,40596,1721,33580,1406,151,5,632,17,11959,265,2230,67,77741,3406,24126,1508,6951,174,6440,304,31600,2286,79676,4979,32587,1644,1436,64,50086,4783,11271,578,10105,605,16,2,9501,430,458,16,14938,564,1491,35,8171,90,3071,133,138754,10962,4863,200,6120,310,335395,27640,24081,1341,4589,272,3228,127,59939,3806,2198,111,11274,422,7653,331,3517,34,14985,243,39258,1158,6251,67,24081,839,69,4,927,53,16891,931,10219,400,1360,54,662,7
2020-05-11,379,10,10164,403,4043,94,0,0,11383,542,69329,2779,19879,987,33765,3008,6389,328,6565,225,40982,1735,34002,1444,151,5,634,17,12373,271,2260,70,79007,3459,24627,1540,7159,180,6677,311,31815,2308,80409,5108,33373,1683,1462,65,50631,4812,11799,591,10212,622,19,2,9674,435,459,16,15274,575,1518,36,8407,98,3160,133,140206,11053,5069,208,6152,312,337055,27838,24777,1357,4613,274,3286,130,60459,3832,2256,113,11450,430,7792,346,3614,34,15544,251,40555,1176,6362,68,25070,850,69,5,926,53,17122,945,10418,409,1366,54,669,7
2020-05-12,383,10,10464,435,4164,95,0,0,11736,562,70980,2879,20157,1010,34333,3041,6485,336,6741,237,41923,1779,34924,1498,152,5,635,17,12912,289,2293,69,83021,3601,25127,1578,7240,184,6853,321,32050,2347,81370,5141,34061,1756,1477,65,51263,4904,12494,614,10329,632,19,2,9908,457,461,16,15622,600,1571,38,8532,100,3239,142,140917,11256,5212,219,6313,321,338485,28055,25250,1436,4732,278,3358,130,61310,3914,2299,114,11614,444,7927,355,3663,39,16111,266,41668,1207,6432,73,25800,892,69,6,927,53,17330,962,10611,418,1378,58,675,7
2020-05-13,383,10,10700,450,4236,97,0,0,12216,595,72798,2957,20475,1062,34855,3125,6584,350,6952,247,42402,1827,35427,1517,152,5,638,17,13289,306,2293,69,84694,3792,25473,1619,7518,188,6853,321,32662,2381,82657,5315,34812,1809,1515,66,51819,4945,12917,638,10520,653,19,2,10090,465,462,16,16352,625,1647,40,8912,103,3299,150,141560,11448,5364,231,6476,331,340661,28259,25721,1483,4858,278,3416,134,62101,4094,2329,115,11835,462,8030,362,3732,39,16370,273,43020,1233,6620,75,26746,928,69,6,929,53,17512,974,10902,421,1398,58,688,7
2020-05-14,383,10,11101,473,4366,98,0,0,12674,624,74871,3052,20838,1086,35464,3219,6736,358,7223,260,43210,1875,35977,1545,152,5,637,17,13675,318,2351,72,87937,3928,26053,1646,7705,189,7225,328,33489,2417,84460,5482,35903,1866,1565,69,53167,5019,13435,672,10684,665,19,2,10483,480,462,16,16968,641,1712,40,9260,103,3382,151,142704,11689,5503,242,6504,333,343051,28420,26357,1534,4963,284,3479,137,63105,4288,2427,117,12016,468,8189,371,3792,43,16699,287,44480,1296,6749,75,27813,956,69,6,932,53,17773,983,11275,434,1427,60,701,7
2020-05-15,388,10,11373,483,4463,98,0,0,13169,651,76693,3136,21232,1150,36085,3285,6871,368,7373,271,44138,1917,36772,1588,154,5,638,17,14049,336,2351,72,90369,4059,26656,1691,7886,193,7444,332,33837,2448,85786,5592,36986,1911,1603,69,53810,5058,14240,692,10873,680,19,2,10801,493,466,16,17494,667,1761,42,9610,113,3453,159,143984,11895,5662,253,6733,343,345813,28685,26954,1581,5087,285,3541,137,64136,4422,2542,122,12219,479,8407,380,3887,44,16960,290,45721,1349,6913,77,28672,978,69,6,933,53,17951,991,11685,445,1447,64,716,7
2020-05-16,388,10,11674,485,4578,98,0,0,13666,679,78725,3208,21633,1192,36703,3339,7042,375,7547,286,44811,1964,37212,1598,154,5,639,17,14328,346,2419,73,92457,4129,27280,1741,7939,195,7688,334,34117,2479,87374,5705,37968,1957,1648,70,54315,5114,14969,709,11049,691,21,2,11123,510,468,16,18130,676,1848,42,10220,123,3556,171,145089,12013,5847,259,6813,347,348232,28857,27474,1610,5237,288,3612,137,65185,4480,2589,122,12434,489,8661,380,3959,44,17263,295,47452,1383,7068,78,29683,1003,69,6,934,53,18288,999,12187,453,1470,64,741,7
2020-05-17,388,10,11771,488,4759,98,0,0,13945,680,80166,3240,21938,1215,37419,3408,7123,383,7670,290,45588,1973,37579,1610,154,5,640,17,14651,351,2419,73,94191,4177,27778,1751,7953,195,7688,334,34432,2491,88500,5797,38804,1992,1687,70,54963,5124,15668,731,11172,698,21,2,11296,521,468,16,18673,686,1900,43,10177,123,3596,172,146504,12118,5938,265,6949,350,350121,28983,27923,1625,5310,288,3623,137,65700,4495,2646,123,12674,499,8816,385,3987,44,17359,298,48396,1411,7238,80,30388,1010,69,6,940,54,18433,1001,12543,453,1492,67,754,8
2020-05-18,388,10,12086,489,4813,100,0,0,14208,687,81518,3279,22202,1224,38116,3450,7270,392,7869,297,46442,1997,38283,1649,154,5,640,17,14955,355,2455,74,96485,4234,28255,1765,8303,198,7935,346,34709,2563,89566,5862,39762,2023,1713,71,55855,5148,16372,740,11320,714,21,2,11432,527,470,16,19207,693,1931,44,10625,123,3652,172,148240,12200,6096,270,7061,358,351371,29070,28454,1657,5398,288,3687,138,66669,4515,2710,124,12795,506,8942,391,4027,44,18011,301,49177,1418,7384,80,31140,1015,69,6,940,54,18611,1002,12687,459,1502,68,766,10
2020-05-19,400,10,12376,504,4923,102,0,0,14576,705,83764,3403,22482,1257,38430,3472,7434,400,8037,304,46944,2052,38855,1675,154,5,641,17,15296,367,2455,74,98030,4379,28705,1824,8353,199,8069,366,35038,2581,90521,5938,41546,2081,1741,73,56465,5250,17029,757,11452,729,21,2,11704,554,471,16,19239,693,1994,45,10854,123,3721,172,149356,12349,6192,276,7096,358,352845,29271,28952,1720,5489,293,3726,140,67311,4628,2805,124,12951,532,9056,399,4085,46,18412,305,50552,1459,7518,88,32145,1042,69,6,944,54,18811,1031,12885,467,1502,68,776,10
2020-05-20,401,10,13052,522,5003,107,0,0,14906,747,86018,3497,22797,1299,39017,3529,7551,407,8194,310,47471,2096,39801,1697,154,5,643,17,15620,393,2506,77,100418,4525,29274,1864,8507,202,8167,376,35316,2608,91654,6066,42323,2123,1819,73,57322,5296,17670,786,11628,740,21,2,11967,570,478,16,20262,726,2095,49,11122,138,3868,190,150776,12520,6317,283,7388,377,354370,29389,29436,1781,5532,299,3801,144,68126,4770,2866,125,13356,538,9175,407,4177,46,18412,305,51859,1504,7710,90,32908,1075,69,6,944,54,18971,1037,13413,481,1567,69,787,11
2020-05-21,401,10,13288,529,5458,110,0,0,15348,764,88056,3583,23191,1310,39208,3583,7788,412,8386,317,48675,2144,40663,1775,165,5,647,17,16170,410,2506,77,102688,4607,29936,1913,8625,204,8286,386,36504,2629,92860,6148,43531,2159,1877,73,57988,5366,18200,818,11775,749,22,2,12222,580,479,16,20512,734,2229,51,11427,138,3935,199,151586,12623,6472,294,7400,383,356458,29479,30167,1837,5680,304,3817,145,69252,4869,2913,126,13571,556,9381,416,4177,48,18961,313,53053,1532,7874,92,34137,1100,69,6,950,54,19117,1044,13885,487,1593,70,801,12
2020-05-22,403,10,13670,541,5612,113,0,0,15624,775,90281,3665,23487,1324,39640,3637,7893,418,8529,322,49451,2190,41482,1808,165,5,642,17,16492,424,2595,79,105444,4715,30409,1941,8909,205,8426,391,36925,2668,93796,6228,44424,2207,1948,75,58543,5395,19005,851,11986,758,22,2,12625,595,479,16,22110,775,2317,52,11662,147,4014,204,152579,12769,6625,302,7525,386,358154,29582,30794,1872,5849,307,3864,147,70211,5010,3030,126,13736,579,9638,419,4356,50,19394,315,53539,1545,8057,93,34950,1136,69,6,952,54,19265,1050,14396,496,1705,72,803,12
2020-05-23,407,10,14117,549,5775,115,0,0,16053,801,92564,3737,23964,1327,40022,3675,7966,427,8529,322,50127,2233,42242,1822,165,5,643,17,16898,446,2595,79,107796,4790,30901,1964,8946,205,8571,391,36925,2668,94641,6304,45495,2243,2013,77,59046,5460,19845,861,12145,765,22,2,13005,616,479,16,22864,778,2365,52,11963,147,4089,208,153140,12869,6625,308,7526,387,359926,29771,31408,1956,5960,311,3888,147,71009,5112,3100,127,13952,597,9895,425,4464,50,19785,329,54776,1553,8260,97,35749,1159,69,6,954,54,19265,1050,14877,507,1705,72,813,12
2020-05-24,407,10,14478,551,5922,116,0,0,16377,801,94069,3753,24174,1332,40468,3693,8110,432,8809,326,50867,2237,42902,1827,166,5,643,17,17251,456,2626,79,110304,4856,31376,1976,9004,205,8571,391,37169,2691,95708,6372,46313,2277,2055,78,59395,5466,20573,878,12394,768,22,2,13260,625,479,16,23365,784,2418,53,12134,147,4149,209,154154,12927,6943,317,7881,380,361515,29856,31911,1969,6037,311,3927,148,71563,5136,3189,127,14065,608,10096,435,4563,50,20111,336,55861,1613,8392,97,36244,1171,69,6,956,54,19828,1061,15277,510,1759,72,838,12
2020-05-25,408,10,14986,566,6029,117,0,0,16575,807,96470,3768,24256,1333,40873,3742,8225,440,8965,332,51746,2252,43400,1848,166,5,643,17,17557,456,2626,79,112017,4885,31715,1984,9125,207,8571,391,37809,2691,96366,6416,47152,2302,2074,78,59621,5479,21315,890,12549,773,22,2,13458,635,479,16,24057,790,2457,54,12362,147,4197,210,155092,12941,7026,320,7956,394,362764,29955,32477,1987,6090,313,3949,148,71925,5146,3260,129,14065,608,10178,440,4586,50,20535,338,56409,1623,8521,98,37727,1208,69,6,962,54,20065,1070,15584,514,1774,72,843,12
2020-05-26,410,10,15650,580,6180,119,0,0,16864,810,99492,3818,24552,1352,41303,3769,8334,440,9066,335,52255,2259,43983,1896,167,5,643,17,17703,477,2626,79,113195,4923,32078,2004,9199,210,8951,394,38054,2702,96826,6473,47687,2333,2109,79,59974,5506,21960,908,12721,780,22,2,13731,652,479,17,24455,801,2422,54,12619,147,4231,214,155764,12994,7130,325,8057,394,363836,30015,33006,2002,6138,318,3967,148,72778,5163,3324,129,14210,634,10416,446,4653,50,20895,343,57230,1640,8620,101,39342,1236,69,6,967,54,20181,1078,15863,517,1774,72,850,13
2020-05-27,411,10,16032,583,6277,120,0,0,17318,834,101071,3894,24754,1392,41288,3803,8406,445,9096,344,52634,2319,44638,1933,170,5,644,17,18369,496,2699,81,114306,5083,32437,2030,9291,213,9077,400,38497,2723,97428,6547,48423,2392,2137,81,60592,5574,22464,942,12872,776,22,2,14044,670,481,17,24916,844,2439,56,12984,153,4286,223,156628,13143,7252,329,8150,402,364965,30201,33439,2044,6229,322,4038,148,73557,5265,3397,129,14353,655,10623,466,4710,54,21285,353,58542,1680,8706,105,40249,1281,69,6,971,54,20406,1095,16462,539,1899,74,860,14
2020-05-28,424,10,16530,591,6538,125,0,0,17877,860,103813,3993,25107,1421,41559,3826,8492,453,9171,345,53285,2364,45266,1973,171,5,647,17,18586,506,2770,82,115833,5186,33068,2068,9371,214,9185,409,38802,2741,98198,6640,49709,2428,2189,84,61116,5612,22947,977,13083,789,22,2,14372,693,485,17,25800,876,2481,57,13249,163,4389,232,157185,13218,7364,335,8248,406,366733,30235,33915,2098,6273,325,4086,151,74220,5373,3486,131,14494,677,10788,470,4793,54,21679,356,60395,1715,8921,106,41401,1338,69,6,974,55,20764,1106,16974,550,1935,74,876,15
2020-05-29,429,10,17031,610,6777,132,0,0,18472,886,106638,4077,25598,1436,41762,3868,8538,460,9236,356,54497,2413,45881,1987,172,5,649,17,18957,524,2770,82,117455,5270,33558,2110,9662,215,9464,418,38802,2767,98880,6718,50988,2466,2226,85,61833,5646,23531,1006,13233,794,22,2,14793,710,493,17,26885,919,2520,59,13648,164,4492,238,158844,13345,7493,344,8376,406,368284,30342,34566,2131,6338,329,4131,151,74984,5464,3647,132,14635,693,11131,483,4866,59,22063,361,60901,1723,9264,107,42533,1358,69,6,975,55,21071,1111,17707,568,1951,74,891,15
2020-05-30,433,10,17359,618,7013,133,0,0,19258,904,109895,4144,26084,1443,42022,3912,8717,462,9422,361,55424,2447,46331,2004,172,5,651,17,19244,531,2803,82,118917,5330,34211,2125,9690,215,9704,431,39577,2786,99773,6768,52015,2509,2282,89,62225,5704,24190,1036,13400,812,22,2,15229,723,505,17,27794,929,2554,60,13905,170,4492,238,159608,13450,7624,351,8517,417,369660,30429,35033,2149,6418,334,4185,153,75697,5537,3718,133,14819,711,11394,487,4960,62,22566,364,62894,1769,9533,112,43611,1370,69,6,977,55,21349,1118,18230,588,1989,75,898,16
2020-05-31,459,10,17952,630,7253,133,0,0,19936,907,111951,4172,26364,1445,42201,3944,8801,466,9498,366,56163,2451,47063,2053,172,5,652,17,19552,535,2839,82,120260,5390,34574,2134,9700,215,9704,431,39916,2791,100468,6846,52778,2532,2325,89,62711,5731,24850,1050,13573,814,22,2,15523,734,515,17,28785,937,2577,61,14101,170,4651,245,160445,13518,7689,356,8628,417,370770,30489,35513,2155,6418,334,4243,153,76129,5555,3776,136,14928,718,11861,494,4993,62,22566,364,64652,1788,9797,113,44607,1375,69,6,981,55,21702,1118,18403,592,2010,75,903,16
2020-06-01,466,10,18630,646,7443,133,0,0,20129,918,114733,4217,26563,1458,42740,3970,8857,468,9605,368,56830,2460,47902,2094,175,5,652,17,19699,555,2839,82,121234,5412,34830,2143,9920,217,10046,439,40341,2801,100805,7035,53327,2552,2349,89,62928,5758,25208,1060,13787,815,22,2,15752,739,519,17,29592,948,2625,61,14345,170,4685,245,160918,13547,7800,362,8702,417,371711,30623,35984,2207,6573,334,4302,154,76646,5567,3873,136,14991,720,12148,500,5034,62,22566,364,65593,1797,9999,113,45398,1392,70,6,983,55,21977,1123,18543,595,2028,76,910,17
2020-06-02,486,10,18766,653,7818,136,0,0,21264,943,117215,4305,26774,1474,42979,3972,8886,470,9685,373,57447,2530,48207,2102,175,5,653,17,20019,561,2933,83,122848,5525,35237,2197,9965,222,10185,442,40746,2835,101163,7085,54175,2597,2377,94,63240,5795,25508,1082,14055,825,23,2,16041,767,523,17,30023,961,2646,65,14616,170,4749,256,161545,13599,8024,367,8858,417,373040,30676,36350,2259,6692,339,4335,157,77225,5667,3935,138,15112,732,12419,501,5067,62,24342,381,67310,1836,10202,113,46239,1407,70,6,988,55,22157,1129,18917,607,2056,78,912,17
2020-06-03,504,10,18851,653,8067,142,0,0,22356,983,119374,4374,27046,1494,43091,3989,9016,473,9712,375,58764,2566,48894,2123,177,5,653,17,20300,574,2933,83,123830,5621,35712,2207,10092,226,10410,450,41133,2870,101592,7152,54982,2641,2418,95,63657,5813,25870,1097,14298,831,24,2,16322,782,525,17,31276,999,2679,66,14885,170,4795,265,162068,13710,8140,375,8951,431,374085,30734,36792,2300,6805,341,4399,159,77780,5742,4023,140,15219,742,12470,518,5162,62,24833,388,68877,1866,10497,117,46905,1428,70,6,990,55,22484,1135,19400,616,2077,78,915,17
2020-06-04,512,10,19072,653,8425,151,0,0,22886,999,122194,4444,27346,1512,43239,4007,9120,475,9746,386,60183,2607,49859,2149,179,5,655,17,20806,583,2990,83,124759,5736,36096,2231,10167,227,10705,458,41562,2883,102063,7201,55858,2668,2446,95,63979,5839,26273,1126,14586,833,26,2,16560,794,539,17,32075,1006,2706,66,15139,187,4876,273,162530,13805,8353,383,9129,430,375133,30863,37282,2340,6907,344,4474,159,78335,5832,4508,140,15325,756,12526,525,5247,64,25190,401,70555,1900,10813,117,47856,1445,71,6,1026,55,22729,1138,19892,626,2102,79,921,17
2020-06-05,523,10,19387,676,8651,152,0,0,24439,1015,125783,4529,27601,1524,43460,4038,9199,479,9773,388,61488,2660,50621,2174,179,5,664,17,21154,593,3111,83,125915,5795,36578,2258,10306,232,10977,466,41989,2912,102557,7235,56770,2702,2482,98,64821,5909,26980,1159,14753,840,26,2,16769,803,541,18,33295,1015,2745,71,15406,187,4953,278,163336,13887,8672,387,9309,436,376208,30925,37758,2357,7007,345,4570,161,78815,5898,4620,141,15441,772,13458,539,5277,64,25664,408,72548,1936,11252,120,48532,1454,71,6,1027,55,22993,1149,20249,633,2119,84,933,17
2020-06-06,535,10,20043,689,9101,154,0,0,25451,1043,128606,4607,27834,1527,43818,4055,9269,483,9845,390,62758,2688,51359,2178,179,5,673,17,21478,599,3139,83,126890,5864,36997,2292,10361,233,11287,470,42486,2925,103132,7289,57482,2740,2524,98,64914,5916,27501,1181,15042,848,26,2,17039,811,540,18,34718,1028,2816,72,15572,187,5019,283,163893,13945,8800,392,9491,437,377316,30974,38111,2372,7059,347,4570,161,79505,5931,4915,142,15441,772,13538,545,5367,65,26177,417,74470,1957,11798,121,49397,1461,71,6,1046,55,23442,1153,20571,645,2136,84,939,17
2020-06-07,543,10,20500,692,9426,154,0,0,26989,1051,130657,4632,27987,1527,43968,4071,9332,489,9942,398,63938,2700,51898,2180,179,5,675,17,21712,605,3139,83,127757,5904,37397,2303,10406,233,11287,470,42816,2936,103436,7316,57973,2749,2570,99,64969,5927,27886,1197,15132,850,27,2,17270,817,545,18,35625,1032,2861,72,15664,187,5043,286,164164,14016,8940,396,9669,438,378097,31068,38476,2379,7150,348,4662,163,79908,5943,4985,142,15441,772,14302,546,5438,65,26493,418,75408,1966,12066,121,50681,1472,71,6,1063,55,23729,1157,20835,647,2144,84,947,17
2020-06-08,562,10,20925,718,9740,155,0,0,27678,1053,133816,4657,28169,1543,44092,4084,9389,491,9972,398,64904,2712,52497,2208,179,5,676,17,22007,617,3189,83,128415,5924,37623,2316,10544,236,11476,472,43050,2944,103626,7353,58404,2776,2588,99,65104,5942,28224,1208,15355,854,28,2,17768,837,548,18,36517,1041,2880,72,15786,188,5079,286,164497,14055,9062,400,9816,442,378799,31123,38837,2406,7205,348,4922,164,80339,5953,5046,142,15642,799,14800,557,5471,65,27005,421,76463,1980,12322,124,51251,1477,71,6,1075,55,24041,1161,21038,646,2161,84,960,17
2020-06-09,572,11,21422,729,10080,161,0,0,28296,1076,136681,4745,28333,1553,44179,4097,9474,495,10020,410,66000,2765,53249,2285,180,5,682,17,22237,626,3221,85,129212,6018,38033,2339,10609,237,11707,477,43612,2957,103889,7408,58904,2811,2606,100,65167,5951,28523,1228,15566,862,30,2,18123,847,554,18,37227,1068,2901,72,15918,189,5079,286,164796,14148,9105,404,10045,446,379482,31158,39162,2423,7363,354,4988,169,80870,6014,5185,142,15691,808,15228,568,5523,68,27575,435,78208,2000,12559,127,51738,1496,71,6,1084,55,24354,1176,21308,661,2169,84,970,17
2020-06-10,592,11,21989,744,10368,165,0,0,29852,1101,139715,4854,28484,1572,44347,4120,9537,499,10056,413,67371,2801,53980,2329,180,5,685,17,22626,631,3260,85,129837,6095,38337,2355,10750,240,11883,484,44030,2968,104156,7454,59465,2844,2637,100,65182,5952,28869,1267,15754,865,30,2,18483,868,561,18,38473,1090,2941,73,16058,191,5178,301,165346,14224,9250,410,10218,449,380156,31238,39575,2459,7483,356,5060,169,81316,6062,5329,143,15756,812,15759,575,5604,69,27930,437,80777,2037,12864,128,52177,1514,72,6,1095,55,24354,1176,21593,671,2194,85,980,18
2020-06-11,609,11,22845,755,10816,171,0,0,31267,1135,143439,4934,28632,1582,44461,4146,9589,502,10106,414,69069,2848,54973,2375,183,5,692,17,22973,640,3260,85,130603,6185,38748,2380,10823,243,11945,493,44472,2987,104667,7492,60197,2875,2667,100,65449,5985,29316,1280,15946,865,30,2,18483,868,563,18,39584,1106,2980,74,16315,212,5209,308,165816,14291,9367,420,10473,459,380892,31269,40004,2492,7626,358,5237,171,81848,6113,5352,144,15862,823,16441,588,5665,73,28340,441,82658,2068,13252,131,52647,1520,72,6,1110,55,24779,1194,21926,682,2217,86,1009,18
2020-06-12,624,12,23710,769,11547,176,0,0,33039,1156,146659,4978,28807,1582,44689,4159,9654,506,10173,414,70971,2877,55783,2418,183,5,706,17,23350,644,3353,87,131198,6260,39146,2396,10973,243,12166,497,44995,2996,105059,7538,60613,2900,2721,100,65672,5990,29795,1305,15997,881,30,2,19091,881,573,18,41417,1121,3016,74,16522,215,5251,315,166164,14341,9526,420,10704,461,381714,31423,40424,2510,7849,360,5377,173,82481,6162,5536,146,15947,833,17170,593,5742,74,29118,466,84927,2100,13577,139,53211,1534,72,6,1119,55,25171,1204,22246,689,2249,88,1027,18
2020-06-13,653,12,24601,773,12095,177,0,0,34660,1189,150034,5076,29002,1597,44994,4186,9709,511,10229,419,73552,2925,56804,2447,183,5,723,17,23717,650,3353,87,131871,6289,39543,2413,11020,245,12445,499,46283,3004,105395,7576,61305,2926,2757,100,65836,6013,30172,1314,16232,887,30,2,19348,889,588,18,42845,1127,3058,74,16640,215,5299,318,166605,14476,9621,431,10997,462,382630,31441,40851,2556,8073,359,5377,173,82944,6211,5690,146,15947,833,17955,599,5833,75,29549,472,86915,2125,13981,139,53869,1541,72,6,1125,55,25538,1213,22518,691,2274,88,1050,18
2020-06-14,660,12,25615,773,12501,179,0,0,35706,1191,152349,5099,29115,1598,45088,4201,9767,515,10264,422,75568,2931,57681,2451,183,5,728,17,23926,652,3399,87,132543,6308,39909,2422,11101,245,12445,499,46619,3014,105603,7624,61701,2939,2793,100,66054,6016,30471,1329,16262,889,30,2,19516,891,601,19,44264,1132,3080,74,16730,215,5318,320,166881,14515,9723,435,11201,463,383324,31468,41148,2559,8231,359,5636,176,83203,6215,5811,147,15947,833,18795,600,5898,75,30343,474,88523,2147,14313,139,54506,1546,72,6,1127,55,25834,1217,22758,692,2290,88,1060,18
2020-06-15,663,12,26272,774,12917,182,0,0,36844,1203,155726,5114,29284,1605,45235,4204,9799,515,10340,423,77326,2938,58414,2494,185,5,736,17,24082,658,3399,87,133016,6326,40430,2433,11319,246,12647,505,47172,3018,105690,7647,62032,2947,2810,101,66085,6018,30693,1335,16611,891,30,2,19799,895,609,19,45114,1140,3101,74,16851,220,5345,320,167103,14565,9845,440,11315,465,383944,31498,41576,2575,8417,359,5820,180,83589,6243,5890,147,16093,851,19378,602,5928,75,31004,482,90211,2163,14608,143,54886,1552,72,6,1128,55,26158,1220,22932,694,2322,88,1079,18
2020-06-16,675,12,26912,785,13191,188,0,0,39185,1228,158961,5200,29427,1617,45349,4210,9818,520,10403,424,80109,2993,59078,2529,186,5,736,17,24179,665,3462,88,133639,6398,40786,2447,11411,246,12647,505,47706,3042,105885,7665,62409,2982,2819,101,66269,6034,30882,1344,16857,895,30,2,20152,915,614,19,45907,1169,3124,74,17038,231,5364,326,167426,14651,9933,447,11683,467,384575,31553,42010,2599,8645,363,6098,182,83978,6276,5951,147,16164,865,19990,607,5966,77,31751,493,93569,2213,14937,145,55331,1570,72,6,1131,55,26531,1231,23198,703,2341,88,1089,18
2020-06-17,695,12,27312,790,13606,197,0,0,40937,1249,162798,5271,29656,1631,45429,4219,9847,523,10444,426,82719,3018,60030,2575,188,5,744,17,24460,675,3632,88,134185,6485,41013,2475,11644,247,12995,518,48634,3062,106151,7734,62969,2996,2836,102,66497,6036,31296,1357,17069,914,30,2,20641,938,630,20,46934,1181,3166,74,17231,234,5436,330,167703,14694,10065,452,11854,473,385142,31579,42422,2611,8904,364,6218,183,84289,6319,6003,147,16213,876,20556,617,6050,78,32114,498,97699,2254,15344,149,55775,1583,73,6,1130,55,26784,1226,23456,713,2376,88,1114,18
2020-06-18,707,12,28206,810,13928,208,0,0,43445,1283,167133,5355,29886,1638,45440,4226,9903,527,10499,431,85926,3061,60912,2605,192,5,762,17,24861,680,3743,89,134778,6537,41438,2491,11753,251,13197,520,48634,3062,106422,7770,63229,3016,2878,102,66798,6061,31675,1376,17371,950,30,2,20641,938,655,20,48167,1188,3193,75,17414,239,5450,331,168107,14729,10153,456,12169,475,385760,31603,43122,2633,9355,366,6366,187,84683,6361,6111,147,16269,885,21533,621,6109,78,32770,508,101259,2299,15839,152,56238,1586,73,6,1135,56,27192,1245,23876,719,2418,88,1144,18
2020-06-19,720,12,29002,822,14631,214,0,0,46910,1321,170862,5426,30172,1643,45557,4238,9952,530,10611,433,89748,3104,62009,2636,200,5,789,17,25274,681,3871,89,135470,6580,41746,2516,12021,253,13454,522,48515,3084,106650,7800,63548,3030,2913,102,67097,6067,32031,1393,17667,963,30,2,20641,938,666,20,49785,1202,3226,76,17588,244,5486,337,168496,14762,10260,464,12524,479,386556,31624,43731,2667,9707,367,6572,188,85199,6399,6195,147,16337,894,22608,639,6158,81,34017,515,105394,2328,16425,155,56793,1602,73,6,1144,56,27601,1255,24154,730,2468,88,1173,20
2020-06-20,741,12,29549,838,15142,224,0,0,50127,1346,175243,5494,30333,1647,45715,4251,9984,531,10681,434,93797,3144,63809,2642,222,5,789,17,25496,681,4004,89,136104,6625,42061,2536,12097,256,13630,524,49385,3104,106936,7828,63956,3052,2938,102,67545,6087,32467,1404,18057,973,30,2,20641,938,698,20,51390,1215,3251,76,17707,244,5518,339,168834,14785,10430,466,12976,486,387272,31703,44261,2697,10038,368,6750,189,85590,6419,6463,147,16337,894,23756,644,6225,81,34446,524,109581,2355,17068,155,57443,1607,73,6,1147,56,28225,1265,24539,744,2500,88,1179,20
2020-06-21,752,12,30021,839,15561,225,0,0,52591,1349,178657,5515,30524,1647,45755,4260,10020,533,10775,435,97291,3161,64701,2643,222,5,814,17,25963,686,4006,89,136762,6647,42423,2540,12136,257,13750,526,49778,3105,107061,7858,64306,3066,2957,102,67711,6090,32920,1412,18460,975,30,2,20641,938,717,20,52801,1245,3288,77,17812,244,5544,339,169142,14802,10565,469,13240,487,387936,31739,44808,2700,10516,369,6937,190,85935,6423,6525,149,16337,894,24661,653,6297,81,35102,526,112944,2368,17462,158,57994,1611,76,6,1159,56,28680,1270,24819,744,2533,89,1197,20
2020-06-22,758,12,30454,841,16083,227,0,0,54599,1351,184765,5566,30689,1651,45782,4263,10058,535,10820,435,100217,3173,65928,2648,222,5,816,17,26146,686,4256,89,137224,6671,42633,2553,12428,258,13839,526,50239,3117,107210,7874,64603,3074,2971,102,67957,6097,33227,1416,18593,980,30,2,22329,978,734,21,53964,1278,3313,77,17963,249,5558,339,169415,14840,10694,469,13528,489,388488,31773,45537,2704,10734,369,7083,192,86576,6426,6564,149,16459,903,25666,659,6326,81,35553,531,117790,2384,17906,158,58465,1620,76,6,1163,56,28870,1276,25068,745,2552,89,1230,20
2020-06-23,760,12,31097,864,16678,237,0,0,58378,1396,191477,5626,30877,1665,45899,4277,10094,537,10847,504,103503,3238,67810,2695,225,5,819,17,26469,689,4254,89,137825,6707,42871,2569,12537,260,14141,537,51595,3134,107439,7890,65007,3092,2996,102,68197,6109,33469,1425,19005,988,30,2,22898,989,743,21,54639,1296,3320,78,18099,256,5571,343,169734,14893,10838,476,13997,492,389085,31835,46127,2735,11031,371,7274,192,87208,6464,6685,149,16533,906,26572,673,6353,83,36303,542,122932,2421,18300,163,58994,1645,76,6,1164,56,29386,1284,25331,750,2593,92,1254,20
2020-06-24,789,12,32064,891,17375,240,0,0,60190,1467,196024,5725,31139,1667,45913,4287,10128,541,10889,505,109014,3281,69381,2698,226,5,835,17,26601,690,4402,89,138540,6770,43140,2578,12930,260,14363,538,52477,3152,107611,7938,65337,3108,3017,103,68555,6114,33763,1432,19123,998,30,2,23424,1011,766,21,56527,1325,3362,78,18221,257,5598,347,169892,14944,10990,480,14362,494,389666,31862,46759,2755,11510,372,7444,195,87685,6518,6820,149,16606,912,27897,683,6419,84,37235,556,128132,2462,18784,163,59514,1661,76,6,1184,56,29869,1293,25763,757,2631,92,1282,20
2020-06-25,813,12,33206,896,18062,240,0,0,63281,1495,201112,5806,31463,1669,45994,4298,10159,543,10980,507,114018,3327,71095,2745,231,5,851,17,27373,696,4865,90,139434,6810,43655,2586,13107,262,14617,546,53415,3164,107837,7963,65777,3129,3070,103,68989,6133,34123,1441,19637,1000,30,2,24516,1016,803,21,57472,1336,3393,78,18346,260,5638,357,170196,14872,11192,485,14859,495,390415,31903,47651,2772,11948,375,7568,197,88141,6557,6877,151,16640,920,29022,693,6479,87,38034,567,134558,2514,19374,164,59946,1675,80,6,1191,56,30367,1300,26227,766,2694,92,1326,20
2020-06-26,833,14,34183,907,18740,249,0,0,66659,1536,206844,5868,31780,1673,46059,4307,10185,546,11017,507,122960,3366,72995,2770,247,5,866,17,27717,704,4865,90,140291,6847,44140,2595,13462,265,14859,553,54769,3190,108070,8013,66115,3142,3102,103,69329,6134,34616,1446,20216,1009,30,2,25066,1022,829,22,59158,1348,3421,78,18524,266,5671,365,170584,14914,11408,489,15240,498,391220,31921,48638,2788,12347,377,7818,202,88860,6579,6922,151,16661,927,30335,694,6535,88,39444,577,140173,2558,20050,166,60570,1700,81,6,1198,56,30855,1304,26747,766,2730,92,1368,20
2020-06-27,851,14,35083,919,19310,259,0,0,70124,1580,210692,5899,32006,1674,46206,4311,10216,548,11091,507,132545,3390,74985,2776,247,5,872,18,28073,704,5322,91,141077,6873,44575,2616,13617,268,15167,554,54769,3190,108443,8041,66450,3157,3154,104,69679,6153,35033,1452,20572,1014,30,2,25531,1035,852,22,60812,1353,3458,78,18775,267,5717,367,170873,14948,11619,491,16339,500,391923,31938,49455,2804,12646,384,8094,202,89446,6603,7066,152,16661,927,31939,711,6626,91,40172,584,145894,2603,20628,167,61247,1724,81,6,1200,56,31404,1310,27286,777,2782,93,1392,20
2020-06-28,880,14,35441,919,19818,264,0,0,73920,1594,215487,5932,32290,1676,46303,4316,10248,550,11226,507,141075,3419,77210,2778,247,5,899,18,28520,706,5322,91,141723,6888,44930,2619,13847,269,15232,558,56236,3199,108667,8060,66777,3168,3191,104,69946,6157,35549,1460,20796,1014,30,2,25892,1039,863,22,62248,1352,3495,79,18899,267,5747,367,171182,14975,11809,492,17160,500,392539,31943,50309,2807,12947,385,8341,202,89863,6606,7189,153,16661,927,33320,716,6681,91,40172,584,150722,2628,21100,167,61736,1732,81,6,1202,56,31752,1310,27743,777,2832,93,1417,20
2020-06-29,901,14,37175,929,20257,265,0,0,74545,1598,223646,5983,32494,1681,46362,4320,10292,551,11376,507,146341,3447,79417,2784,253,5,900,18,28845,711,5752,91,142461,6902,45228,2624,14209,273,15347,560,57081,3199,108768,8095,67254,3175,3219,105,70223,6161,35861,1470,21315,1016,30,2,26567,1059,919,22,63736,1357,3539,79,19042,269,5760,367,171272,14992,11982,493,17894,504,392930,31961,51046,2818,13175,385,8485,204,90467,6614,7250,153,16764,946,34644,720,6716,91,42297,592,156706,2655,21664,168,62189,1740,81,6,1208,56,32253,1320,28058,777,2870,93,1450,20
2020-06-30,937,14,38045,950,20777,270,0,0,79228,1645,231418,6082,32698,1690,46514,4322,10327,551,11474,509,152434,3505,81291,2805,257,5,917,18,29074,716,6117,92,143185,6923,45594,2640,14370,273,15624,565,58095,3221,108882,8054,67559,3190,3253,105,70728,6193,36303,1476,21812,1019,30,2,27247,1073,967,22,65327,1380,3576,79,19177,274,5782,371,171667,15035,12147,497,18456,507,393454,32032,51789,2863,13757,387,8656,207,91139,6649,7465,153,16813,950,36399,739,6764,91,43509,604,163060,2708,22217,172,62787,1763,81,6,1208,56,32824,1332,28659,784,2905,93,1487,20
2020-07-01,975,14,38962,972,21197,277,0,0,84105,1725,238681,6169,33012,1697,46572,4324,10365,553,11510,509,158997,3550,84242,2827,267,5,926,18,29514,717,6370,92,144013,6951,45952,2650,14830,277,15842,572,60178,3238,109143,8081,67918,3205,3294,105,71089,6198,36716,1482,22104,1033,30,2,27900,1082,1016,22,66751,1398,3615,80,19310,276,5802,373,171928,15078,12276,500,19101,511,394079,32043,52865,2876,14119,389,8931,208,91775,6684,7537,153,16853,956,37919,766,6826,93,45315,609,172368,2770,22716,173,63203,1786,90,6,1210,56,33435,1339,29199,786,2979,93,1514,20
2020-07-02,1014,14,40111,985,22075,279,0,0,87445,1764,246550,6265,33335,1701,46646,4326,10390,554,11731,510,169106,3617,87709,2849,280,5,946,18,30259,719,6593,92,144882,6987,46387,2662,15002,280,16079,581,61561,3255,109338,8132,68423,3212,3328,105,71678,6212,37210,1495,22636,1044,31,2,28770,1092,1083,22,68216,1409,3657,80,19452,282,5822,375,172356,15107,12520,503,19733,525,394954,32064,54166,2903,14531,395,9294,209,92612,6712,7608,153,16941,959,39701,784,6893,97,46890,620,179137,2835,23270,176,63735,1816,92,6,1227,56,34151,1342,29738,793,3053,93,1550,20
2020-07-03,1060,15,41865,1006,22622,281,0,0,91872,1798,250514,6315,33595,1701,46717,4335,10435,555,11923,512,178594,3684,90493,2857,280,5,975,19,30463,721,6994,93,145750,7005,46915,2681,15659,282,16376,585,63289,3278,109628,8149,68961,3223,3373,105,72175,6215,37624,1503,23160,1047,31,2,29684,1103,1128,23,70262,1419,3722,80,19660,284,5857,376,172742,15164,12776,511,20718,528,395872,32137,55257,2903,15069,398,9636,209,93392,6746,7683,154,16991,960,41532,793,6978,97,48712,633,186799,2907,23866,181,64393,1845,98,6,1236,56,34778,1352,30317,796,3126,93,1582,20
2020-07-04,1107,16,42862,1007,23209,286,0,0,94567,1817,252895,6334,33849,1701,46717,4335,10447,557,11996,512,190052,3702,93319,2857,280,5,999,19,31061,721,7370,93,146612,7014,47432,2687,15911,283,16376,585,63289,3278,109838,8172,69341,3236,3397,107,72581,6218,37624,1503,23583,1050,31,2,30674,1107,1167,23,71670,1422,3779,80,19827,284,5872,379,173033,15189,13063,513,21575,530,396598,32157,56183,2907,15648,398,9930,213,93922,6749,7787,155,16991,960,43386,813,7028,97,50140,637,193958,2951,24542,181,65109,1849,111,6,1238,56,35247,1354,31055,796,3205,94,1606,20
2020-07-05,1134,16,43953,1007,23814,287,0,0,98103,1825,264681,6373,34048,1701,46717,4335,10482,559,12128,512,200111,3731,95516,2860,280,5,1023,19,31517,721,7733,93,147251,7020,48201,2693,16081,284,16376,585,65226,3288,109974,8183,69632,3243,3415,109,72941,6218,38136,1508,23816,1051,31,2,30900,1111,1212,23,72992,1423,3816,80,19929,284,5897,381,173402,15211,13256,513,22418,534,397131,32206,57150,2911,15931,398,10230,215,94403,6753,7916,155,16991,960,44847,820,7063,97,51316,645,197421,3000,24952,184,65748,1853,111,6,1249,56,35898,1359,31577,796,3262,94,1634,20
2020-07-06,1162,16,44878,1007,24253,292,0,0,101455,1829,271035,6441,34240,1691,46976,4338,10515,561,12293,512,206447,3778,97064,2878,301,5,1030,19,31758,723,8052,94,147865,7026,48524,2698,16638,285,17152,593,66327,3296,110137,8198,69904,3246,3423,109,73267,6221,38569,1511,24211,1051,31,2,31257,1114,1249,23,74775,1432,3849,80,20046,283,5914,382,173611,15229,13507,515,22909,537,397649,32219,57956,2927,16362,399,10395,215,95100,6754,8585,155,16991,960,46380,827,7105,97,52039,652,205642,3062,25469,190,66102,1853,112,6,1251,56,36985,1369,32061,796,3442,95,1675,20
2020-07-07,1180,17,45785,1033,24512,301,0,0,105094,1927,284012,6573,34647,1696,47033,4338,10569,561,12414,514,213794,3841,100470,2899,303,5,1071,19,32153,732,8539,94,149574,7273,48626,2717,16860,289,17519,602,68263,3319,110338,8213,70396,3266,3440,110,73900,6251,39133,1514,24918,1067,31,2,32214,1158,1327,23,76290,1446,3898,84,20201,282,5932,384,173878,15281,13727,519,23785,548,398237,32243,58904,2970,17220,404,10605,220,95898,6787,8714,157,17154,969,47352,846,7163,98,53514,665,216026,3192,26033,194,66740,1881,116,6,1254,56,37420,1384,32556,805,3505,95,1709,21
2020-07-08,1222,17,46962,1058,25246,305,0,0,108614,1963,292560,6718,35099,1704,47108,4343,10642,564,12462,515,223783,3889,103890,2922,307,5,1094,19,32624,736,8969,98,150554,7309,49063,2732,17332,289,17919,608,70151,3339,110602,8243,70861,3275,3460,110,74551,6262,39589,1523,25590,1069,31,2,32888,1188,1371,23,77687,1462,3971,85,20425,282,5952,386,174039,15332,14017,527,24301,553,398929,32251,60181,2991,17894,407,10817,224,96725,6812,8745,159,17204,971,48909,884,7242,98,55986,685,224929,3319,26755,201,67375,1905,122,6,1256,56,37941,1394,33154,807,3707,95,1740,21
2020-07-09,1268,17,49174,1068,26052,309,0,0,112671,2038,302484,6859,35507,1706,47209,4348,10679,568,12531,517,232718,4009,106727,2930,309,5,1130,19,33254,741,9429,100,151572,7329,49575,2739,17785,293,18245,612,71994,3355,110897,8268,71447,3288,3486,111,75063,6271,40163,1528,26410,1073,31,2,33591,1204,1466,25,79656,1477,4071,85,20623,284,5973,387,174270,15448,14251,533,24904,571,399513,32283,61331,3006,18497,410,11188,230,97542,6848,8862,159,17243,974,50691,905,7336,101,57591,710,236541,3472,27356,205,67988,1937,144,6,1272,56,38581,1409,33908,809,3826,95,1769,21
2020-07-10,1323,17,50508,1104,26803,313,0,0,116892,2082,310885,6955,36173,1724,47287,4348,10743,568,12652,517,244151,4102,111217,2965,310,5,1158,19,34172,743,9929,101,152899,7345,50300,2748,18303,293,18672,620,74636,3380,111110,8296,71910,3303,3499,111,75685,6285,40767,1533,27069,1084,31,2,34622,1215,1593,28,82032,1497,4155,85,20777,286,5991,390,174628,15479,14549,539,25908,579,400299,32331,62856,3032,19092,416,11454,232,98482,6880,9137,159,17312,976,52419,929,7401,107,59546,723,245920,3556,28223,207,68931,1958,153,6,1277,56,39218,1424,34753,814,3983,95,1790,21
2020-07-11,1385,17,51947,1114,27864,319,0,0,119930,2151,318761,7027,36573,1725,47287,4348,10801,568,12743,517,254511,4197,114401,2996,310,5,1200,19,34658,748,10506,102,154094,7369,51079,2756,18687,295,19121,622,76803,3403,111398,8310,72467,3310,3520,112,76370,6313,41571,1537,27606,1091,33,2,35419,1230,1677,29,83906,1513,4243,87,20998,285,6024,391,174959,15525,14773,543,26838,592,401029,32343,64214,3036,19779,421,11851,232,99216,6897,9366,167,17312,976,54699,951,7454,109,61006,738,254415,3638,28855,212,69782,1962,167,6,1283,56,39218,1424,35679,821,4146,96,1839,21
2020-07-12,1479,17,53587,1121,28367,321,0,0,122467,2237,324543,7051,36895,1725,47287,4348,10847,568,12804,517,269811,4242,116935,3003,310,5,1220,19,35410,752,10903,102,155048,7388,51612,2760,18981,297,19389,625,78122,3416,111597,8325,73109,3319,3539,114,76776,6314,42281,1540,27880,1092,33,2,36287,1249,1758,29,85771,1522,4334,87,21172,285,6054,391,175298,15525,15028,545,27683,593,401706,32350,65592,3058,20235,422,12170,234,99794,6904,9654,167,17312,976,56648,961,7499,109,61960,741,262762,3739,29484,215,70670,1966,181,6,1296,56,40656,1438,36448,820,4244,96,1862,21
2020-07-13,1539,17,55545,1124,28939,323,0,0,123824,2246,333357,7089,37218,1727,47510,4371,10906,568,12879,517,282435,4277,120572,3026,312,5,1243,22,35631,755,11404,102,155931,7394,52037,2762,19645,298,19653,629,79827,3423,111827,8330,73527,3325,3558,114,77198,6321,42772,1542,28289,1105,33,2,36680,1250,1843,32,87669,1529,4442,87,21399,288,6068,391,175522,15560,15291,548,28515,593,402263,32395,66853,3064,20746,424,12438,237,100330,6911,10010,167,17487,984,58168,972,7524,109,65274,749,269778,3827,30030,216,71642,1968,206,6,1301,56,41757,1399,36942,820,4313,97,1903,21
2020-07-14,1579,17,57255,1164,29812,331,0,0,128097,2337,346211,7250,37668,1738,47530,4372,10946,568,12969,518,291629,4409,123963,3054,312,5,1264,22,35866,757,11720,103,156638,7419,52685,2775,19887,299,20223,635,82042,3445,112130,8340,74260,3334,3566,114,77864,6326,43170,1548,29240,1114,36,2,37542,1272,1952,34,90000,1571,4493,88,21717,286,6091,392,175915,15582,15514,551,29619,612,403175,32408,67995,3069,21740,428,12805,244,101266,6931,10123,169,17588,985,60389,993,7572,109,66788,767,279577,3941,30478,226,72443,1977,206,6,1305,56,42304,1404,37906,826,4407,97,1950,22
2020-07-15,1631,17,59067,1211,30297,335,0,0,131354,2434,354885,7375,38137,1744,47636,4380,11026,571,13050,521,301810,4521,127838,3091,313,5,1292,22,36536,777,12449,110,157825,7427,53370,2785,20349,304,20677,645,84131,3461,112347,8368,75016,3341,3578,114,78913,6330,43742,1558,30057,1119,36,2,38567,1290,2096,34,91837,1589,4565,88,21979,291,6113,394,176278,15634,15841,557,30468,618,404006,32427,69311,3075,22814,432,13081,247,102269,6957,10379,171,17640,987,62245,998,7652,111,69061,783,290892,4104,30891,233,73527,1992,243,6,1318,56,43046,1421,38727,827,4557,98,1985,22
2020-07-16,1693,17,61088,1230,31114,341,0,0,134613,2492,364706,7489,38708,1745,47750,4389,11076,574,13114,521,315775,4677,131287,3105,314,5,1311,22,37350,781,13134,114,159082,7452,54080,2795,20817,305,21083,650,86411,3485,112581,8380,75664,3347,3598,114,79839,6348,44347,1566,30873,1121,37,2,39797,1308,2231,35,93708,1607,4668,89,22134,299,6139,395,176501,15665,16138,562,31915,626,404775,32446,70601,3103,23440,438,13509,249,103075,6984,10574,172,17711,988,64083,1070,7694,115,71540,796,305854,4265,31845,234,74431,2007,249,6,1325,56,44313,1427,39627,831,4657,99,2026,24
2020-07-17,1734,17,63091,1265,31762,353,0,0,138523,2583,373259,7603,39326,1751,47893,4396,11115,577,13337,521,327241,4805,135192,3132,314,5,1334,23,37903,785,13753,118,160509,7465,54813,2803,21388,306,21605,658,88590,3509,112879,8402,76371,3359,3636,115,80593,6355,45013,1573,31738,1125,37,2,40829,1332,2366,37,95570,1623,4792,90,22361,301,6165,395,176551,15684,16456,565,33295,637,405551,32463,72280,3112,24140,445,13802,254,104079,7004,11120,177,17793,990,66060,1096,7789,116,73819,815,317768,4440,32572,235,75433,2013,263,6,1334,56,45067,1434,40507,833,4783,100,2069,24
2020-07-18,1796,18,65234,1286,32533,357,0,0,141265,2730,380745,7702,39770,1752,47893,4396,11194,578,13429,523,337569,4895,139880,3169,314,5,1354,24,38313,789,14303,119,161785,7483,55654,2820,21693,308,22184,667,88590,3509,113238,8419,77206,3368,3645,117,81338,6364,45470,1578,32704,1136,37,2,41846,1346,2471,37,98092,1648,4907,90,22481,301,6188,396,176814,15699,16736,569,34477,646,406305,32478,73821,3132,25057,451,14149,257,104780,7015,11453,178,17793,990,67612,1135,7862,116,76336,838,327106,4576,33332,243,76373,2025,283,6,1338,56,46026,1444,41485,843,4894,100,2108,24
2020-07-19,1875,18,67011,1287,33228,357,0,0,143624,2761,386906,7715,40124,1752,47893,4396,11261,578,13519,523,350047,4982,143129,3174,314,5,1381,24,38813,793,14874,119,162750,7488,56571,2822,21996,309,23161,670,91706,3543,113534,8431,78131,3377,3687,117,81868,6366,46204,1581,33521,1136,37,2,42638,1355,2533,37,99803,1652,5019,92,22583,301,6203,398,176783,15706,16971,571,35765,647,406807,32495,74932,3174,25266,451,14579,260,105384,7022,12063,178,17793,990,69986,1155,7906,118,78115,843,335257,4679,34117,243,77430,2027,283,6,1350,56,46946,1447,42315,844,4990,100,2126,25
2020-07-20,1950,18,68891,1291,33927,363,0,0,145183,2784,397870,7770,40548,1758,48055,4406,11339,579,13624,523,360394,5072,145582,3177,319,5,1393,24,39343,798,15268,122,163922,7494,57206,2825,22656,312,23414,671,94892,3574,113789,8433,78685,3382,3711,117,82395,6373,47107,1585,34102,1138,38,2,43889,1358,2620,39,101231,1677,5126,93,22847,313,6249,398,176963,15715,17215,578,36713,648,407326,32506,76168,3189,25436,452,14847,262,106405,7025,12461,180,17904,995,71445,1164,7943,118,79754,847,343783,4796,34526,247,78375,2031,304,6,1360,56,47743,1453,43018,846,5084,100,2187,24
2020-07-21,2042,18,70358,1303,34655,374,0,0,148683,2918,409305,7888,41041,1763,48096,4406,11427,580,13746,525,369834,5206,148988,3254,319,5,1418,24,39721,806,15823,126,164864,7517,57916,2846,22929,316,24060,674,96583,3610,114033,8450,79545,3402,3723,118,83059,6382,47457,1588,35194,1148,38,2,45524,1389,2711,40,103216,1705,5207,94,23190,310,6262,400,177256,15737,17517,588,37528,676,408181,32520,77215,3219,26326,461,15139,269,107460,7051,12940,180,17986,996,73337,1221,8019,118,81944,871,351071,4916,35012,251,79371,2048,304,6,1366,56,48575,1465,44135,859,5172,101,2238,25
2020-07-22,2131,19,71813,1364,35246,380,0,0,150609,2974,421286,8047,41680,1771,48223,4406,11529,580,13792,527,379619,5345,152302,3335,330,5,1435,25,40208,814,16322,135,166475,7540,58673,2863,23481,321,24540,677,99354,3670,114320,8468,80172,3405,3722,118,83730,6388,47961,1592,36497,1159,38,2,47071,1423,2812,42,105276,1732,5367,96,23486,311,6295,402,177645,15707,17828,591,38657,704,408886,32558,78742,3235,27298,474,15393,271,108223,7077,13038,185,18062,997,75042,1285,8077,119,84417,888,363615,5172,35578,260,80393,2051,320,7,1366,56,49247,1468,44847,865,5212,101,2288,25
2020-07-23,2193,19,74212,1397,36259,386,0,0,152944,3063,430773,8201,42295,1786,48232,4410,11571,581,13924,529,389868,5518,156607,3361,337,5,1490,26,40796,820,16737,138,168096,7560,59602,2880,23956,322,25147,684,101650,3686,114647,8484,80836,3409,3737,118,84431,6395,48721,1601,38060,1189,38,2,48053,1436,2909,43,107125,1756,5493,97,23818,316,6318,405,177887,15730,18163,596,39919,709,409697,32594,80186,3256,27969,477,15713,273,109105,7093,13473,188,18148,1001,76606,1334,8143,121,86987,925,373037,5362,36099,267,81237,2054,336,7,1377,56,50009,1482,45899,878,5452,102,2347,25
2020-07-24,2249,19,76005,1438,37249,394,0,0,156301,3143,440185,8337,42962,1790,48776,4413,11649,581,14202,578,402312,5653,161420,3443,337,5,1549,26,41434,826,17265,144,169696,7577,60598,2884,24554,330,25932,691,103734,3715,114985,8498,81766,3422,3757,118,85072,6400,49488,1606,39635,1195,38,2,49585,1463,3038,46,109728,1789,5614,99,24174,316,6375,407,178345,15765,18475,601,40885,722,410450,32596,81746,3297,29116,484,16104,282,110292,7116,13967,191,18224,1002,78607,1385,8200,122,89078,938,380364,5523,36962,273,82364,2067,352,7,1385,56,50824,1495,46917,878,5653,103,2405,25
2020-07-25,2339,20,78130,1456,37981,399,0,0,160041,3286,446452,8408,43771,1794,48776,4413,11717,581,14175,579,414511,5777,165188,3494,337,5,1620,26,41886,826,17826,146,171122,7589,61520,2895,25009,329,26764,696,103734,3715,115268,8510,83054,3433,3790,119,85622,6400,50291,1611,41034,1200,40,2,50981,1478,3259,46,111421,1811,5736,99,24395,316,6415,409,178858,15776,18788,607,41816,732,411200,32608,83184,3297,30081,496,16492,285,111115,7124,14540,201,18224,1002,80008,1465,8305,122,90796,964,390286,5705,37623,274,83609,2075,352,7,1396,56,51849,1494,47870,891,5775,103,2446,25
2020-07-26,2525,20,79294,1473,38623,401,0,0,162014,3305,452288,8448,44318,1794,48776,4413,11780,581,14290,579,423855,5854,167953,3498,337,5,1683,26,42357,829,18178,146,172663,7590,62372,2903,25290,331,27082,700,107574,3763,115637,8529,83748,3440,3814,119,86661,6400,51153,1614,42160,1209,40,2,52154,1493,3341,46,112937,1817,5876,99,24618,316,6436,409,179363,15787,19042,614,42843,734,411736,32630,84073,3307,31285,496,16758,289,111745,7127,15143,201,18224,1002,81199,1491,8395,123,93936,967,394084,5798,37973,274,84567,2078,352,7,1400,56,52635,1501,48827,892,5889,103,2475,25
2020-07-27,2623,21,81115,1491,39447,408,0,0,163827,3304,458121,8494,44547,1799,48983,4418,11858,582,14406,579,432747,5931,170843,3509,349,5,1711,26,42696,836,18692,152,173894,7608,62907,2906,25804,333,27586,709,109917,3786,115926,8536,84876,3447,3832,119,87173,6405,51803,1616,43489,1221,40,2,52781,1498,3380,47,114916,1838,5986,99,24899,317,6441,409,179812,15804,19502,619,43831,739,412344,32645,85177,3344,32685,496,17088,289,112995,7131,15431,201,18515,1004,82417,1506,8444,123,96489,978,400336,6483,38409,281,86072,2082,364,7,1402,56,53321,1518,49417,893,5999,104,2520,25
2020-07-28,2730,22,82366,1491,40181,428,0,0,165934,3408,470762,8679,45296,1807,49077,4423,11945,583,14476,580,441977,6117,175052,3563,351,5,1757,26,42928,839,19220,160,174968,7638,63678,2924,26058,340,28111,719,111038,3812,116182,8551,85524,3458,3838,121,87958,6421,52281,1620,45181,1232,40,2,54085,1540,3474,51,116700,1860,6141,100,25157,321,6500,409,180295,15825,19791,626,44936,759,412878,32653,86497,3382,33775,509,17408,303,114083,7154,15840,209,18725,1005,84109,1565,8492,123,99044,999,408493,6753,38855,286,86994,2095,375,7,1405,56,54205,1548,50179,906,6120,108,2589,26
2020-07-29,2798,22,83782,1538,40968,434,0,0,168273,3454,484913,8908,45778,1822,49540,4425,11999,584,14602,581,451423,6333,178323,3642,354,5,1865,26,43623,854,19674,173,176363,7654,64299,2932,26591,349,28727,724,112773,3883,116684,8580,86285,3478,3866,121,88974,6422,52947,1629,46942,1239,42,2,55804,1563,3676,54,118387,1888,6227,102,25422,324,6513,411,180600,15798,20136,632,45806,780,413593,32658,87893,3422,34623,523,17721,311,114939,7171,16061,211,18800,1007,85846,1615,8641,129,100822,1020,418995,7066,39194,292,87993,2125,385,8,1406,56,54985,1555,51049,911,6277,111,2628,26
2020-07-30,2879,23,85762,1565,41759,442,0,0,170798,3626,492934,9026,46186,1822,49670,4431,12057,584,14689,581,461379,6586,182286,3671,356,5,1989,26,44285,865,20242,177,178135,7670,65253,2946,26885,357,29386,731,114481,3925,117098,8580,87177,3488,3888,122,89781,6443,53692,1634,49139,1255,42,2,57579,1611,3814,55,120532,1922,6301,103,25766,328,6544,415,180970,15809,20388,635,46824,801,414370,32683,89626,3442,35740,536,18131,316,115807,7194,16572,214,18950,1007,87572,1667,8685,129,102871,1033,428229,7189,39696,300,88904,2141,385,8,1407,57,55803,1564,52108,919,6375,112,2686,26
2020-07-31,2990,23,87723,1580,42511,453,0,0,174010,3694,500556,9214,46791,1838,49810,4432,12126,585,14788,585,470386,6843,186352,3752,356,5,2111,26,44753,872,20716,188,180115,7692,66154,2965,27364,358,30151,735,116280,3949,117612,8609,88346,3493,3912,123,90574,6450,54463,1640,50616,1265,42,2,58747,1663,3965,60,122298,1942,6469,103,26211,332,6583,415,181660,15819,20600,642,48088,830,415014,32689,91159,3489,36487,541,18492,322,116787,7207,16781,219,19022,1007,89016,1712,8764,130,105959,1060,438293,7309,40196,304,89888,2174,406,8,1414,57,55803,1564,52940,934,6579,116,2726,26
2020-08-01,3136,24,89349,1603,43173,458,0,0,177002,3747,506613,9345,47249,1844,49810,4432,12205,585,14877,585,480028,7022,190012,3825,356,5,2197,26,45293,874,21110,197,181754,7700,67122,2971,27592,358,30723,740,116280,3949,118040,8626,89365,3506,3937,123,91332,6457,55188,1646,51632,1276,44,2,59881,1693,4081,61,124006,1979,6602,103,26391,332,6614,416,182029,15830,20796,651,49074,832,415767,32694,92087,3515,37731,549,18817,325,117468,7219,17872,225,19022,1007,90599,1751,8867,134,108184,1067,444738,7576,40702,310,90801,2215,421,8,1421,57,57541,1592,54002,947,6738,116,2769,26
2020-08-02,3280,24,91444,1627,43810,464,0,0,178467,3765,512175,9396,47709,1844,49810,4432,12274,586,14949,585,487132,7084,193177,3840,368,5,2242,26,45723,878,21110,197,183224,7714,67857,2975,27871,361,31185,742,119747,4007,118458,8638,90274,3515,3958,123,91758,6457,55947,1654,52184,1276,45,2,60553,1703,4193,61,125330,1983,6660,105,26702,332,6634,417,182350,15836,21016,654,50205,832,416298,32710,93031,3529,38225,550,19097,326,118033,7223,18411,230,19022,1007,91788,1777,8955,135,109627,1073,448145,7581,41175,311,91782,2218,421,8,1426,57,58173,1596,54924,948,6858,117,2808,26
2020-08-03,3341,25,92661,1633,44597,475,0,0,179497,3779,516851,9441,47950,1844,50062,4437,12313,586,15055,585,491884,7157,195435,3842,375,5,2448,26,45905,884,21670,200,184522,7723,68433,2980,28432,367,31508,744,120846,4024,118657,8648,91144,3523,3970,124,92374,6467,56560,1656,53214,1279,46,2,61125,1711,4233,64,127630,2043,6785,105,26956,328,6660,417,182614,15846,21130,655,51199,847,416843,32719,93963,3539,38602,551,19366,328,118894,7224,18791,230,19246,1010,92951,1793,9020,135,110636,1092,456624,7718,41529,314,93106,2218,439,8,1427,57,58715,1600,55328,949,6978,117,2848,27
2020-08-04,3394,25,93702,1666,45381,490,0,0,180505,3845,526685,9684,48376,1849,50110,4437,12398,587,15137,587,497330,7402,197948,3921,389,5,2591,27,46231,888,22236,210,185993,7742,69255,2996,28782,368,32197,751,124461,4051,119203,8657,91854,3530,3977,123,93175,6471,57162,1660,54422,1290,46,2,62199,1753,4314,64,128715,2061,6933,107,27178,332,6693,418,182970,15857,21340,658,52179,862,417589,32725,95106,3570,39463,566,19699,333,119724,7248,19324,237,19390,1011,94190,1847,9079,136,112441,1117,466032,7952,41907,321,94251,2244,463,8,1431,57,59379,1619,56056,961,7059,124,2884,27
2020-08-05,3448,25,94654,1695,46293,508,0,0,182203,3932,530606,9808,48970,1851,50225,4437,12443,587,15296,587,502739,7627,201713,3984,397,5,2763,27,46836,900,22708,217,187752,7770,69975,3007,29256,372,32741,752,125943,4096,119643,8659,92426,3536,3994,124,93893,6478,57779,1670,55614,1297,46,2,63444,1804,4429,65,129733,2085,7057,108,27489,340,6719,418,183327,15842,21566,667,52828,890,418225,32754,96305,3596,40564,583,19978,338,120446,7254,19651,246,19481,1012,95472,1894,9168,137,114098,1144,476999,8310,42328,327,95049,2274,481,8,1436,57,60084,1624,56940,970,7162,124,2923,27
2020-08-06,3483,25,96592,1714,47028,515,0,0,183656,4002,541339,10021,49418,1852,50245,4437,12518,587,15365,587,510389,7747,204895,4026,411,5,2914,29,47559,912,23401,223,189705,7791,71015,3013,29617,378,33254,760,127246,4146,119874,8691,93005,3551,3999,124,94656,6506,58640,1677,56773,1302,47,2,64400,1825,4602,65,131802,2126,7177,109,27821,340,6742,419,183701,15849,21773,669,53557,900,418928,32756,97471,3618,41401,593,20224,339,121247,7282,19934,258,19611,1014,96797,1942,9273,141,116350,1186,483920,8569,42915,330,95867,2299,501,9,1445,58,60917,1653,57779,978,7278,124,2953,27
2020-08-07,3536,25,98301,1735,48039,521,0,0,185053,4081,546814,10133,49875,1857,50320,4441,12589,589,15445,588,518075,7927,209004,4117,411,5,3115,31,48040,915,23925,229,191808,7822,72254,3023,30137,379,33796,764,128746,4207,120291,8709,93806,3565,4016,124,95470,6524,59185,1681,57837,1324,47,2,65436,1848,4757,70,133337,2160,7327,110,28104,345,6779,419,184061,15849,21965,675,54533,920,419642,32760,98675,3652,42255,600,20635,348,122028,7296,20686,265,19738,1014,98219,1962,9371,144,118782,1206,491304,8847,43375,335,97882,2317,522,9,1448,58,61587,1672,58768,990,7452,127,3000,28
2020-08-08,3613,26,100173,1755,48811,535,0,0,186107,4137,554388,10307,50306,1857,50320,4441,12653,590,15502,590,526577,8109,213427,4186,411,5,3346,31,48535,927,24497,235,193998,7840,73287,3036,30463,380,34578,772,128746,4207,120711,8721,94581,3577,4028,125,96191,6520,60101,1689,58021,1327,48,2,66646,1874,4889,75,134948,2184,7508,112,28245,345,6818,419,184429,15869,22115,681,55419,949,420345,32768,99969,3668,43080,603,21010,355,122665,7310,21424,274,19738,1014,99460,2007,9477,146,120585,1215,497632,9058,43751,335,99189,2322,528,9,1454,58,62523,1688,59933,996,7563,131,3015,28
2020-08-09,3711,26,101334,1768,49383,544,0,0,186923,4150,559746,10377,50642,1858,50320,4441,12753,591,15575,591,532806,8186,216596,4199,418,5,3498,31,48919,931,24675,237,195380,7845,74328,3041,30662,380,34982,773,131399,4263,121040,8735,95503,3585,4044,125,96726,6519,60898,1698,59383,1334,48,2,67173,1896,4952,75,136346,2192,7596,112,28432,345,6835,419,184773,15874,22315,685,56230,957,420860,32774,100848,3669,43566,603,21272,356,123312,7311,22121,279,19738,1014,100435,2031,9605,146,122712,1223,503328,9157,44127,336,100086,2326,528,9,1459,58,63072,1688,60554,998,7695,139,3050,28
2020-08-10,3774,26,103020,1797,50028,555,0,0,187523,4154,574231,10476,51020,1862,50567,4444,12807,591,15634,591,536961,8277,219025,4229,418,5,3638,34,49165,934,25104,239,196699,7846,74992,3044,31183,386,35254,775,131961,4287,121315,8741,96258,3591,4051,125,97306,6526,61516,1701,60359,1341,49,2,67649,1912,5017,75,137562,2199,7713,113,28696,348,6840,419,185031,15878,22444,690,56972,963,421336,32781,101731,3673,43963,605,21488,357,124221,7314,22821,279,19934,1015,101159,2048,9663,146,123914,1233,509581,9230,44390,345,100749,2327,547,9,1462,58,63647,1697,61061,998,7757,141,3042,28
2020-08-11,3819,26,103851,1847,50411,566,0,0,188737,4199,578946,10523,51422,1874,50684,4444,12896,593,15699,591,542792,8553,222588,4351,449,5,3756,34,49521,946,25598,246,198248,7866,75862,3069,31468,393,35793,783,133125,4313,121707,8751,96843,3604,4052,126,98213,6533,61839,1707,61440,1346,49,2,68293,1944,5104,77,138743,2238,7885,118,29030,351,6861,419,185475,15890,22643,693,57520,981,422003,32787,102826,3708,44728,618,21774,368,125016,7343,23403,287,20053,1016,102130,2098,9713,146,124915,1271,517700,9222,44752,349,101745,2344,576,9,1472,58,64151,1716,61785,1006,7879,147,3073,29
2020-08-12,3879,27,104786,1882,51096,572,0,0,189443,4347,591376,10753,51737,1875,50706,4450,12959,593,15765,592,550901,8765,226153,4456,449,5,3958,38,49973,953,26134,246,199893,7881,76522,3086,32097,397,36945,790,134304,4356,122000,8769,97384,3612,4070,126,98689,6539,62303,1724,62956,1354,49,2,69374,1989,5268,80,139739,2280,7970,120,29244,356,6887,420,185938,15885,22816,695,58048,996,422703,32797,104248,3734,45398,627,22022,375,125918,7380,24074,295,20129,1018,102974,2144,9815,147,126393,1289,523977,9527,45090,351,102521,2352,639,9,1478,58,64702,1724,62263,1011,8018,153,3086,29
2020-08-13,3963,27,105557,1890,51766,582,0,0,190794,4383,597984,10870,52200,1882,50782,4450,13024,594,15967,593,557137,8913,228668,4538,477,5,4312,40,50373,960,26629,251,201727,7905,77565,3105,32484,403,37686,796,135439,4402,122423,8790,98160,3620,4089,126,99856,6555,62993,1731,64429,1356,49,2,69986,2011,5407,81,140824,2287,8171,120,29660,360,6921,422,186594,15893,22987,697,58650,1030,423440,32805,105426,3755,46103,638,22300,383,126905,7395,24446,306,20240,1019,103909,2184,9897,148,128511,1313,530857,9771,45424,353,103622,2363,682,9,1484,58,65339,1736,63206,1018,8163,153,3119,30
2020-08-14,4073,27,106309,1893,52392,587,0,0,191721,4423,613101,11148,52519,1888,50897,4453,13118,594,16340,593,563285,9141,231895,4573,502,5,4543,40,51247,970,27171,265,204023,7932,78632,3113,33030,404,38298,804,136737,4430,122728,8810,98875,3631,4116,126,100724,6566,63723,1739,65793,1365,50,2,70930,2043,5541,81,142170,2313,8322,121,29988,361,6964,423,187164,15903,23160,703,59749,1045,424167,32827,106557,3784,46897,644,22613,385,127732,7434,25128,317,20335,1021,104841,2204,10024,150,130458,1326,539673,10078,45976,360,104838,2370,704,9,1501,58,66139,1755,64227,1025,8277,157,3183,30
2020-08-15,4156,28,107580,1896,51992,600,0,0,192654,4492,617994,11218,52819,1896,50897,4453,13159,597,16396,593,569637,9345,235168,4669,502,5,4825,40,52065,975,27475,269,205851,7937,79676,3128,33885,406,38930,810,136737,4430,123199,8826,99693,3636,4144,127,101782,6586,64413,1705,67004,1378,50,2,71755,2080,5659,82,143704,2343,8444,121,30241,361,6980,423,187442,15910,23302,711,60608,1069,424901,32833,107674,3824,47798,657,23018,386,128531,7451,25695,329,20335,1021,105882,2260,10118,152,131747,1345,546552,10268,46321,363,105750,2381,734,9,1509,58,66885,1766,65056,1038,8462,160,3227,30
2020-08-16,4259,28,108433,1898,52665,599,0,0,193537,4506,623873,11243,53157,1896,50897,4453,13220,597,16451,593,573416,9452,237030,4702,502,5,5042,40,52447,975,27656,269,207412,7955,80415,3133,33885,406,38930,810,137918,4507,123593,8838,100212,3639,4168,127,102259,6592,65152,1752,68196,1383,50,2,72136,2084,5750,82,144952,2347,8587,125,30372,361,6988,423,187455,15912,23408,714,61305,1072,425508,32840,108287,3826,48342,661,23262,388,129070,7453,26006,335,20335,1021,106497,2269,10274,153,133708,1366,555394,10396,46652,363,106687,2381,741,9,1515,58,67461,1781,65741,1039,8567,160,3286,30
2020-08-17,4309,28,109004,1925,53077,603,0,0,194005,4506,629415,11296,53351,1896,51267,4456,13273,597,16536,593,576094,9539,238861,4727,577,5,5215,40,52829,987,27937,273,209185,7967,81006,3135,34614,406,39691,818,138485,4526,123841,8842,100715,3641,4197,127,102749,6592,65716,1758,69225,1415,54,2,72412,2095,5792,82,145516,2348,8647,126,30563,362,7004,423,187767,15916,23500,718,61967,1077,425916,32846,109062,3832,48711,665,23451,388,129647,7453,26760,335,20572,1023,106953,2288,10360,153,134744,1387,561110,10447,46894,364,107421,2385,760,9,1527,58,67721,1785,66196,1039,8641,160,3331,30
2020-08-18,4371,29,110361,1936,53487,619,0,0,194920,4529,638140,11504,53612,1899,51255,4456,13325,599,16593,593,579932,9758,241677,4794,599,5,5349,41,53201,1002,28321,282,210924,7994,81847,3165,34874,411,40299,830,139125,4554,124063,8848,101235,3650,4213,127,103402,6608,66092,1767,70055,1425,54,2,73207,2127,5846,84,146779,2396,8782,128,30825,369,7017,424,188098,15925,23579,723,62639,1102,426571,32857,109910,3866,49312,679,23676,397,130247,7474,27713,346,20692,1024,107672,2343,10441,154,135770,1424,568812,10678,47157,369,108282,2396,796,9,1530,58,68263,1808,66196,1039,8738,162,3360,30
2020-08-19,4438,29,111478,1944,54216,631,0,0,195557,4634,647274,11690,53882,1900,51314,4457,13354,600,16643,595,584047,9932,243982,4849,599,5,5609,42,53523,1010,28680,289,213220,8017,82336,3180,35419,415,40926,842,139903,4609,124415,8876,101649,3661,4235,127,104091,6618,66618,1784,71285,1434,54,2,74555,2163,5956,84,147925,2431,8968,130,31040,371,7036,427,188427,15926,23749,729,63028,1134,427202,32865,110881,3907,49923,699,23870,408,130905,7508,27934,356,20795,1027,108411,2360,10566,155,137800,1452,574633,10934,47521,377,109019,2410,828,9,1533,58,68689,1822,67493,1060,8807,166,3431,34
2020-08-20,4520,29,112449,1974,54765,641,0,0,196280,4684,652267,11810,54211,1903,51432,4458,13409,601,16718,595,588602,10049,246741,4904,704,6,5844,45,54533,1016,29110,296,215052,8044,83277,3191,35907,419,41626,856,140821,4637,124728,8888,102229,3669,4253,128,104618,6634,67308,1791,72353,1442,54,2,75449,2190,6072,89,149904,2465,9242,130,31348,373,7050,428,188527,15932,23951,734,63584,1172,427803,32861,112003,3929,50669,709,24165,412,131692,7520,28143,367,20871,1028,109320,2401,10691,157,139175,1488,579892,11174,47982,381,109879,2427,869,10,1537,58,69389,1837,68233,1067,8987,167,3457,34
2020-08-21,4588,30,113632,1996,55652,663,0,0,196899,4688,658900,11946,54211,1910,51519,4460,13469,602,16770,600,593286,10168,249630,4998,767,6,6072,46,55331,1029,29364,305,217345,8066,84317,3208,36895,426,42265,864,141720,4687,125216,8901,102899,3674,4286,129,104618,6634,68133,1799,73623,1445,54,2,76323,2214,6216,89,151910,2494,9474,132,31626,376,7071,428,188817,15941,24095,739,64433,1185,428512,32864,113046,3955,51746,715,24421,414,132417,7537,28846,374,21022,1030,110378,2459,10884,159,140844,1549,585562,11415,48445,383,110857,2436,932,10,1541,58,69779,1850,69059,1068,9077,171,3524,37
2020-08-22,4677,31,114532,2011,56199,674,0,0,197895,4756,664435,12131,54864,1918,51519,4460,13534,604,16828,600,597597,10274,252222,5092,767,6,6356,47,55996,1033,29659,306,219701,8083,85317,3218,37388,426,43066,872,141720,4687,125360,8921,103523,3685,4318,130,106044,6655,68867,1807,74952,1451,54,2,77268,2237,6376,90,153640,2521,9736,135,31780,376,7094,429,189346,15943,24302,743,65069,1197,429165,32871,114165,3975,52599,725,24710,417,133160,7555,29577,381,21022,1030,111295,2493,11135,160,142083,1563,589279,11578,48814,385,112068,2443,960,10,1553,58,70595,1857,70009,1081,9185,177,3543,37
2020-08-23,4741,32,115060,2013,56574,687,0,0,198103,4771,669280,12153,55123,1918,51519,4460,13590,604,16895,600,600571,10325,253949,5132,767,6,6600,47,56446,1037,29845,307,221594,8089,85932,3220,37658,426,43066,872,142943,4746,125360,8921,104102,3691,4336,131,106808,6659,69584,1813,75783,1453,54,2,77894,2240,6429,90,155113,2531,9876,136,31889,378,7107,429,189494,15946,24396,745,65601,1197,429737,32883,114802,3978,53165,726,24937,417,133679,7557,29896,390,21022,1030,111988,2504,11276,161,143937,1567,594035,11696,49115,385,112960,2467,980,11,1557,58,71012,1863,70462,1081,9273,179,3578,37
2020-08-24,4810,32,116710,2024,56894,696,0,0,198414,4771,675561,12235,55321,1919,52011,4460,13639,604,16942,604,602829,10397,256253,5156,907,7,6769,49,56909,1047,30057,314,223206,8097,87592,3225,38546,429,43898,884,143566,4764,126022,8949,104669,3694,4357,131,107686,6663,70298,1817,76597,1453,54,2,78405,2248,6489,91,156396,2535,10000,137,32047,383,7140,429,189719,15946,24542,749,66010,1200,430145,32887,115651,3986,53522,730,25155,420,134204,7557,30618,390,21302,1035,112551,2511,11425,161,144604,1588,598262,11742,49364,390,113623,2471,984,11,1566,58,71371,1867,70854,1081,9315,179,3603,37
2020-08-25,4843,36,117242,2037,57374,711,0,0,199273,4792,681032,12382,55780,1926,52040,4463,13684,604,16962,603,605502,10580,258354,5262,984,7,6984,49,57606,1059,30465,326,224887,8126,88421,3241,38861,430,44568,895,144116,4797,126420,8961,105046,3707,4369,131,108637,6684,70707,1825,77390,1470,54,2,79206,2315,6624,97,157741,2570,10229,138,32348,383,7156,429,190021,15953,24606,752,66413,1230,430774,32918,116495,3996,54172,744,25391,428,134760,7582,30720,395,21372,1039,113488,2529,11505,161,145417,1628,604328,11935,49767,397,114626,2494,998,12,1572,58,71705,1876,71492,1094,9399,187,3632,37
2020-08-26,4895,37,119254,2045,58023,732,0,0,199459,4896,687004,12532,55973,1927,52220,4463,13684,605,16986,604,608722,10733,260590,5311,1120,9,7260,51,58807,1071,30771,337,227043,8163,89359,3259,39880,442,45230,902,144960,4851,126756,8987,105486,3717,4389,132,109480,6690,71236,1840,78743,1481,54,2,80110,2373,6785,98,158985,2606,10467,138,32727,386,7156,429,190306,15914,24732,755,66666,1250,431340,32921,117584,4044,54838,763,25571,433,135279,7613,30744,404,21454,1041,114093,2573,11571,162,147353,1648,610648,12140,50174,401,115448,2515,1030,14,1577,58,72161,1880,72260,1100,9544,190,3680,37
2020-08-27,4974,37,121023,2076,58745,739,0,0,200139,4929,691821,12677,56323,1931,52350,4465,13794,605,16976,604,611991,10868,263074,5393,1232,9,7566,55,61488,1091,31113,343,228750,8186,90504,3266,40360,444,45978,910,145637,4874,127124,9008,106063,3722,4414,132,110343,6706,72390,1855,80214,1488,54,2,80695,2399,6929,98,161076,2630,10800,139,33101,391,7194,431,190613,15921,24920,764,67220,1271,432131,32926,118828,4076,55550,778,25761,438,135912,7622,31383,412,21589,1044,114598,2628,12194,162,149179,1673,614549,12365,50557,403,116569,2527,1052,14,1586,58,72703,1890,73138,1111,9633,198,3733,37
2020-08-28,5092,37,122185,2107,59583,756,0,0,200658,4978,697385,12805,56753,1937,52495,4465,13851,605,17083,604,615806,10957,265372,5471,1287,10,7830,59,62828,1108,31376,353,231186,8206,91313,3277,41050,445,46757,918,146243,4904,127584,9024,106664,3727,4436,132,111136,6712,73240,1859,81672,1500,54,2,81294,2413,7063,100,162491,2652,11110,139,33436,392,7216,432,190971,15930,25042,767,67852,1287,432767,32934,120124,4105,56260,786,26054,447,136781,7642,31988,424,21683,1046,115951,2655,12517,165,150815,1701,619354,12537,50948,407,117578,2550,1075,14,1589,58,73301,1905,73981,1113,9826,201,3803,37
2020-08-29,5182,37,123889,2152,60378,772,0,0,201287,5007,702038,12894,57020,1942,52495,4465,13925,605,17349,604,619003,11105,267758,5576,1287,10,8139,62,63612,1100,31668,358,233066,8217,92434,3285,41595,449,47577,921,146243,4904,128030,9036,107294,3746,4492,132,111136,6712,74257,1863,83168,1528,56,2,82029,2427,7251,104,165076,2683,11484,141,33753,392,7246,432,191320,15933,25178,769,68461,1302,433402,32938,121320,4252,57353,797,26293,454,137576,7656,32550,428,21683,1046,117249,2698,12942,167,152280,1725,626751,12607,51406,407,118794,2568,1118,14,1605,58,73879,1905,74800,1119,9970,215,3795,37
