date,AK-xt,AL-xt,AR-xt,AS-xt,AZ-xt,CA-xt,CO-xt,CT-xt,DC-xt,DE-xt,FL-xt,GA-xt,GU-xt,HI-xt,IA-xt,ID-xt,IL-xt,IN-xt,KS-xt,KY-xt,LA-xt,MA-xt,MD-xt,ME-xt,MI-xt,MN-xt,MO-xt,MP-xt,MS-xt,MT-xt,NC-xt,ND-xt,NE-xt,NH-xt,NJ-xt,NM-xt,NV-xt,NY-xt,OH-xt,OK-xt,OR-xt,PA-xt,PR-xt,RI-xt,SC-xt,SD-xt,TN-xt,TX-xt,UT-xt,VA-xt,VI-xt,VT-xt,WA-xt,WI-xt,WV-xt,WY-xt
2020-03-01,,,,,,,,,,,,,,,,,,,,,,,,,,,,,,,,,,,,,,,,,,,,,,,,,,,,,,,,
2020-03-02,,,,,,,,,,,,,,,,,,,,,,,,,,,,,,,,,,,,,,,,,,,,,,,,,,,,,,,,
2020-03-03,,,,,,,,,,,,,,,,,,,,,,,,,,,,,,,,,,,,,,,,,,,,,,,,,,,,,,,,
2020-03-04,,,,,,,,,,,,,,,,,,,,,,,,,,,,,,,,,,,,,,,,,,,,,,,,,,,,,,,,
2020-03-05,,,,,,,,,,,,,,,,,,,,,,,,,,,,,,,,,,,,,,,,,,,,,,,,,,,,,,,,
2020-03-06,,,,,,,,,,,,,,,,,,,,,,,,,,,,,,,,,,,,,,,,,,,,,,,,,,,,,,,,
2020-03-07,,,,,,,,,,,,,,,,,,,,,,,,,,,,,,,,,,,,,,,,,,,,,,,,,,,,,,,,
2020-03-08,,,,,,,,,,,,,,,,,,,,,,,,,,,,,,,,,,,,,,,,,,,,,,,,,,,,,,,,
2020-03-09,,,,,,,,,,,,,,,,,,,,,,,,,,,,,,,,,,,,,,,,,,,,,,,,,,,,,,,,
2020-03-10,,,,,,,,,,,,,,,,,,,,,,,,,,,,,,,,,,,,,,,,,,,,,,,,,,,,,,,,
2020-03-11,,,,,,,,,,,,,,,,,,,,,,,,,,,,,,,,,,,,,,,,,,,,,,,,,,,,,,,,
2020-03-12,,,,,,,,,,,,,,,,,,,,,,,,,,,,,,,,,,,,,,,,,,,,,,,,,,,,,,,,
2020-03-13,,,,,,,,,,,,,,,,,,,,,,,,,,,,,,,,,,,,,,,,,,,,,,,,,,,,,,,,
2020-03-14,,,,,,,,,,,,,,,,,,,,,,,,,,,,,,,,,,,,,,,,,,,,,,,,,,,,,,,,
2020-03-15,,,,,,,,,,,,,,,,,,,,,,,,,,,,,,,,,,,,,,,,,,,,,,,,,,,,,,,,
2020-03-16,,,,,,,,,,,,,,,,,,,,,,,,,,,,,,,,,,,,,,,,,,,,,,,,,,,,,,,,
2020-03-17,,,,,,,,,,,,,,,,,,,,,,,,,,,,,,,,,,,,,,,,,,,,,,,,,,,,,,,,
2020-03-18,,,,,,,,,,,,,,,,,,,,,,,,,,,,,,,,,,,,,,,,,,,,,,,,,,,,,,,,
2020-03-19,,,,,,,,,,,,,,,,,,,,,,,,,,,,,,,,,,,,,,,,,,,,,,,,,,,,,,,,
2020-03-20,,,,,,,,,,,,,,,,,,,,,,,,,,,,,,,,,,,,,,,,,,,,,,,,,,,,,,,,
2020-03-21,,,,,,,,,,,,,,,,,,,,,,,,,,,,,,,,,,,,,,,,,,,,,,,,,,,,,,,,
2020-03-22,,,,,,,,,,,,,,,,,,,,,,,,,,,,,,,,,,,,,,,,,,,,,,,,,,,,,,,,
2020-03-23,,,,,,,,,,,,,,,,,,,,,,,,,,,,,,,,,,,,,,,,,,,,,,,,,,,,,,,,
2020-03-24,,,,,,,,,,,,,,,,,,,,,,,,,,,,,,,,,,,,,,,,,,,,,,,,,,,,,,,,
2020-03-25,,,,,,,,,,,,,,,,,,,,,,,,,,,,,,,,,,,,,,,,,,,,,,,,,,,,,,,,
2020-03-26,,,,,,,,,,,,,,,,,,,,,,,,,,,,,,,,,,,,,,,,,,,,,,,,,,,,,,,,
2020-03-27,,,,,,,,,,,,,,,,,,,,,,,,,,,,,,,,,,,,,,,,,,,,,,,,,,,,,,,,
2020-03-28,,,,,,,,,,,,,,,,,,,,,,,,,,,,,,,,,,,,,,,,,,,,,,,,,,,,,,,,
2020-03-29,,,,,,,,,,,,,,,,,,,,,,,,,,,,,,,,,,,,,,,,,,,,,,,,,,,,,,,,
2020-03-30,,,,,,,,,,,,,,,,,,,,,,,,,,,,,,,,,,,,,,,,,,,,,,,,,,,,,,,,
2020-03-31,,,,,,,,,,,,,,,,,,,,,,,,,,,,,,,,,,,,,,,,,,,,,,,,,,,,,,,,
2020-04-01,,,,,,,,,,,,,,,,,,,,,,,,,,,,,,,,,,,,,,,,,,,,,,,,,,,,,,,,
2020-04-02,,,,,,,,,,,,,,,,,,,,,,,,,,,,,,,,,,,,,,,,,,,,,,,,,,,,,,,,
2020-04-03,,,,,,,,,,,,,,,,,,,,,,,,,,,,,,,,,,,,,,,,,,,,,,,,,,,,,,,,
2020-04-04,,,,,,,,,,,,,,,,,,,,,,,,,,,,,,,,,,,,,,,,,,,,,,,,,,,,,,,,
2020-04-05,,,,,,,,,,,,,,,,,,,,,,,,,,,,,,,,,,,,,,,,,,,,,,,,,,,,,,,,
2020-04-06,,,,,,,,,,,,,,,,,,,,,,,,,,,,,,,,,,,,,,,,,,,,,,,,,,,,,,,,
2020-04-07,,,,,,,,,,,,,,,,,,,,,,,,,,,,,,,,,,,,,,,,,,,,,,,,,,,,,,,,
2020-04-08,,,,,,,,,,,,,,,,,,,,,,,,,,,,,,,,,,,,,,,,,,,,,,,,,,,,,,,,
2020-04-09,,,,,,,,,,,,,,,,,,,,,,,,,,,,,,,,,,,,,,,,,,,,,,,,,,,,,,,,
2020-04-10,,,,,,,,,,,,,,,,,,,,,,,,,,,,,,,,,,,,,,,,,,,,,,,,,,,,,,,,
2020-04-11,,,,,,,,,,,,,,,,,,,,,,,,,,,,,,,,,,,,,,,,,,,,,,,,,,,,,,,,
2020-04-12,,,,,,,,,,,,,,,,,,,,,,,,,,,,,,,,,,,,,,,,,,,,,,,,,,,,,,,,
2020-04-13,,,,,,,,,,,,,,,,,,,,,,,,,,,,,,,,,,,,,,,,,,,,,,,,,,,,,,,,
2020-04-14,,,,,,,,,,,,,,,,,,,,,,,,,,,,,,,,,,,,,,,,,,,,,,,,,,,,,,,,
2020-04-15,,,,,,,,,,,,,,,,,,,,,,,,,,,,,,,,,,,,,,,,,,,,,,,,,,,,,,,,
2020-04-16,,,,,,,,,,,,,,,,,,,,,,,,,,,,,,,,,,,,,,,,,,,,,,,,,,,,,,,,
2020-04-17,,,,,,,,,,,,,,,,,,,,,,,,,,,,,,,,,,,,,,,,,,,,,,,,,,,,,,,,
2020-04-18,,,,,,,,,,,,,,,,,,,,,,,,,,,,,,,,,,,,,,,,,,,,,,,,,,,,,,,,
2020-04-19,,,,,,,,,,,,,,,,,,,,,,,,,,,,,,,,,,,,,,,,,,,,,,,,,,,,,,,,
2020-04-20,,,,,,,,,,,,,,,,,,,,,,,,,,,,,,,,,,,,,,,,,,,,,,,,,,,,,,,,
2020-04-21,,,,,,,,,,,,,,,,,,,,,,,,,,,,,,,,,,,,,,,,,,,,,,,,,,,,,,,,
2020-04-22,,,,,,,,,,,,,,,,,,,,,,,,,,,,,,,,,,,,,,,,,,,,,,,,,,,,,,,,
2020-04-23,,,,,,,,,,,,,,,,,,,,,,,,,,,,,,,,,,,,,,,,,,,,,,,,,,,,,,,,
2020-04-24,,,,,,,,,,,,,,,,,,,,,,,,,,,,,,,,,,,,,,,,,,,,,,,,,,,,,,,,
2020-04-25,,,,,,,,,,,,,,,,,,,,,,,,,,,,,,,,,,,,,,,,,,,,,,,,,,,,,,,,
2020-04-26,,,,,,,,,,,,,,,,,,,,,,,,,,,,,,,,,,,,,,,,,,,,,,,,,,,,,,,,
2020-04-27,,,,,,,,,,,,,,,,,,,,,,,,,,,,,,,,,,,,,,,,,,,,,,,,,,,,,,,,
2020-04-28,,,,,,,,,,,,,,,,,,,,,,,,,,,,,,,,,,,,,,,,,,,,,,,,,,,,,,,,
2020-04-29,,,,,,,,,,,,,,,,,,,,,,,,,,,,,,,,,,,,,,,,,,,,,,,,,,,,,,,,
2020-04-30,,,,,,,,,,,,,,,,,,,,,,,,,,,,,,,,,,,,,,,,,,,,,,,,,,,,,,,,
2020-05-01,,,,,,,,,,,,,,,,,,,,,,,,,,,,,,,,,,,,,,,,,,,,,,,,,,,,,,,,
2020-05-02,,,,,,,,,,,,,,,,,,,,,,,,,,,,,,,,,,,,,,,,,,,,,,,,,,,,,,,,
2020-05-03,,,,,,,,,,,,,,,,,,,,,,,,,,,,,,,,,,,,,,,,,,,,,,,,,,,,,,,,
2020-05-04,,,,,,,,,,,,,,,,,,,,,,,,,,,,,,,,,,,,,,,,,,,,,,,,,,,,,,,,
2020-05-05,,,,,,,,,,,,,,,,,,,,,,,,,,,,,,,,,,,,,,,,,,,,,,,,,,,,,,,,
2020-05-06,,,,,,,,,,,,,,,,,,,,,,,,,,,,,,,,,,,,,,,,,,,,,,,,,,,,,,,,
2020-05-07,,,,,,,,,,,,,,,,,,,,,,,,,,,,,,,,,,,,,,,,,,,,,,,,,,,,,,,,
2020-05-08,,,,,,,,,,,,,,,,,,,,,,,,,,,,,,,,,,,,,,,,,,,,,,,,,,,,,,,,
2020-05-09,,,,,,,,,,,,,,,,,,,,,,,,,,,,,,,,,,,,,,,,,,,,,,,,,,,,,,,,
2020-05-10,,,,,,,,,,,,,,,,,,,,,,,,,,,,,,,,,,,,,,,,,,,,,,,,,,,,,,,,
2020-05-11,,,,,,,,,,,,,,,,,,,,,,,,,,,,,,,,,,,,,,,,,,,,,,,,,,,,,,,,
2020-05-12,,,,,,,,,,,,,,,,,,,,,,,,,,,,,,,,,,,,,,,,,,,,,,,,,,,,,,,,
2020-05-13,,,,,,,,,,,,,,,,,,,,,,,,,,,,,,,,,,,,,,,,,,,,,,,,,,,,,,,,
2020-05-14,,,,,,,,,,,,,,,,,,,,,,,,,,,,,,,,,,,,,,,,,,,,,,,,,,,,,,,,
2020-05-15,,,,,,,,,,,,,,,,,,,,,,,,,,,,,,,,,,,,,,,,,,,,,,,,,,,,,,,,
2020-05-16,,,,,,,,,,,,,,,,,,,,,,,,,,,,,,,,,,,,,,,,,,,,,,,,,,,,,,,,
2020-05-17,,,,,,,,,,,,,,,,,,,,,,,,,,,,,,,,,,,,,,,,,,,,,,,,,,,,,,,,
2020-05-18,,,,,,,,,,,,,,,,,,,,,,,,,,,,,,,,,,,,,,,,,,,,,,,,,,,,,,,,
2020-05-19,,,,,,,,,,,,,,,,,,,,,,,,,,,,,,,,,,,,,,,,,,,,,,,,,,,,,,,,
2020-05-20,,,,,,,,,,,,,,,,,,,,,,,,,,,,,,,,,,,,,,,,,,,,,,,,,,,,,,,,
2020-05-21,,,,,,,,,,,,,,,,,,,,,,,,,,,,,,,,,,,,,,,,,,,,,,,,,,,,,,,,
2020-05-22,,,,,,,,,,,,,,,,,,,,,,,,,,,,,,,,,,,,,,,,,,,,,,,,,,,,,,,,
2020-05-23,,,,,,,,,,,,,,,,,,,,,,,,,,,,,,,,,,,,,,,,,,,,,,,,,,,,,,,,
2020-05-24,,,,,,,,,,,,,,,,,,,,,,,,,,,,,,,,,,,,,,,,,,,,,,,,,,,,,,,,
2020-05-25,,,,,,,,,,,,,,,,,,,,,,,,,,,,,,,,,,,,,,,,,,,,,,,,,,,,,,,,
2020-05-26,,,,,,,,,,,,,,,,,,,,,,,,,,,,,,,,,,,,,,,,,,,,,,,,,,,,,,,,
2020-05-27,,,,,,,,,,,,,,,,,,,,,,,,,,,,,,,,,,,,,,,,,,,,,,,,,,,,,,,,
2020-05-28,,,,,,,,,,,,,,,,,,,,,,,,,,,,,,,,,,,,,,,,,,,,,,,,,,,,,,,,
2020-05-29,,,,,,,,,,,,,,,,,,,,,,,,,,,,,,,,,,,,,,,,,,,,,,,,,,,,,,,,
2020-05-30,,,,,,,,,,,,,,,,,,,,,,,,,,,,,,,,,,,,,,,,,,,,,,,,,,,,,,,,
2020-05-31,,,,,,,,,,,,,,,,,,,,,,,,,,,,,,,,,,,,,,,,,,,,,,,,,,,,,,,,
2020-06-01,,,,,,,,,,,,,,,,,,,,,,,,,,,,,,,,,,,,,,,,,,,,,,,,,,,,,,,,
2020-06-02,,,,,,,,,,,,,,,,,,,,,,,,,,,,,,,,,,,,,,,,,,,,,,,,,,,,,,,,
2020-06-03,,,,,,,,,,,,,,,,,,,,,,,,,,,,,,,,,,,,,,,,,,,,,,,,,,,,,,,,
2020-06-04,,,,,,,,,,,,,,,,,,,,,,,,,,,,,,,,,,,,,,,,,,,,,,,,,,,,,,,,
2020-06-05,,,,,,,,,,,,,,,,,,,,,,,,,,,,,,,,,,,,,,,,,,,,,,,,,,,,,,,,
2020-06-06,,,,,,,,,,,,,,,,,,,,,,,,,,,,,,,,,,,,,,,,,,,,,,,,,,,,,,,,
2020-06-07,,,,,,,,,,,,,,,,,,,,,,,,,,,,,,,,,,,,,,,,,,,,,,,,,,,,,,,,
2020-06-08,,,,,,,,,,,,,,,,,,,,,,,,,,,,,,,,,,,,,,,,,,,,,,,,,,,,,,,,
2020-06-09,,,,,,,,,,,,,,,,,,,,,,,,,,,,,,,,,,,,,,,,,,,,,,,,,,,,,,,,
2020-06-10,,,,,,,,,,,,,,,,,,,,,,,,,,,,,,,,,,,,,,,,,,,,,,,,,,,,,,,,
2020-06-11,,,,,,,,,,,,,,,,,,,,,,,,,,,,,,,,,,,,,,,,,,,,,,,,,,,,,,,,
2020-06-12,,,,,,,,,,,,,,,,,,,,,,,,,,,,,,,,,,,,,,,,,,,,,,,,,,,,,,,,
2020-06-13,,,,,,,,,,,,,,,,,,,,,,,,,,,,,,,,,,,,,,,,,,,,,,,,,,,,,,,,
2020-06-14,,,,,,,,,,,,,,,,,,,,,,,,,,,,,,,,,,,,,,,,,,,,,,,,,,,,,,,,
2020-06-15,,,,,,,,,,,,,,,,,,,,,,,,,,,,,,,,,,,,,,,,,,,,,,,,,,,,,,,,
2020-06-16,,,,,,,,,,,,,,,,,,,,,,,,,,,,,,,,,,,,,,,,,,,,,,,,,,,,,,,,
2020-06-17,,,,,,,,,,,,,,,,,,,,,,,,,,,,,,,,,,,,,,,,,,,,,,,,,,,,,,,,
2020-06-18,,,,,,,,,,,,,,,,,,,,,,,,,,,,,,,,,,,,,,,,,,,,,,,,,,,,,,,,
2020-06-19,,,,,,,,,,,,,,,,,,,,,,,,,,,,,,,,,,,,,,,,,,,,,,,,,,,,,,,,
2020-06-20,,,,,,,,,,,,,,,,,,,,,,,,,,,,,,,,,,,,,,,,,,,,,,,,,,,,,,,,
2020-06-21,,,,,,,,,,,,,,,,,,,,,,,,,,,,,,,,,,,,,,,,,,,,,,,,,,,,,,,,
2020-06-22,,,,,,,,,,,,,,,,,,,,,,,,,,,,,,,,,,,,,,,,,,,,,,,,,,,,,,,,
2020-06-23,,,,,,,,,,,,,,,,,,,,,,,,,,,,,,,,,,,,,,,,,,,,,,,,,,,,,,,,
2020-06-24,,,,,,,,,,,,,,,,,,,,,,,,,,,,,,,,,,,,,,,,,,,,,,,,,,,,,,,,
2020-06-25,,,,,,,,,,,,,,,,,,,,,,,,,,,,,,,,,,,,,,,,,,,,,,,,,,,,,,,,
2020-06-26,,,,,,,,,,,,,,,,,,,,,,,,,,,,,,,,,,,,,,,,,,,,,,,,,,,,,,,,
2020-06-27,,,,,,,,,,,,,,,,,,,,,,,,,,,,,,,,,,,,,,,,,,,,,,,,,,,,,,,,
2020-06-28,,,,,,,,,,,,,,,,,,,,,,,,,,,,,,,,,,,,,,,,,,,,,,,,,,,,,,,,
2020-06-29,,,,,,,,,,,,,,,,,,,,,,,,,,,,,,,,,,,,,,,,,,,,,,,,,,,,,,,,
2020-06-30,,,,,,,,,,,,,,,,,,,,,,,,,,,,,,,,,,,,,,,,,,,,,,,,,,,,,,,,
2020-07-01,,,,,,,,,,,,,,,,,,,,,,,,,,,,,,,,,,,,,,,,,,,,,,,,,,,,,,,,
2020-07-02,,,,,,,,,,,,,,,,,,,,,,,,,,,,,,,,,,,,,,,,,,,,,,,,,,,,,,,,
2020-07-03,,,,,,,,,,,,,,,,,,,,,,,,,,,,,,,,,,,,,,,,,,,,,,,,,,,,,,,,
2020-07-04,,,,,,,,,,,,,,,,,,,,,,,,,,,,,,,,,,,,,,,,,,,,,,,,,,,,,,,,
2020-07-05,,,,,,,,,,,,,,,,,,,,,,,,,,,,,,,,,,,,,,,,,,,,,,,,,,,,,,,,
2020-07-06,,,,,,,,,,,,,,,,,,,,,,,,,,,,,,,,,,,,,,,,,,,,,,,,,,,,,,,,
2020-07-07,,,,,,,,,,,,,,,,,,,,,,,,,,,,,,,,,,,,,,,,,,,,,,,,,,,,,,,,
2020-07-08,,,,,,,,,,,,,,,,,,,,,,,,,,,,,,,,,,,,,,,,,,,,,,,,,,,,,,,,
2020-07-09,,,,,,,,,,,,,,,,,,,,,,,,,,,,,,,,,,,,,,,,,,,,,,,,,,,,,,,,
2020-07-10,,,,,,,,,,,,,,,,,,,,,,,,,,,,,,,,,,,,,,,,,,,,,,,,,,,,,,,,
2020-07-11,,,,,,,,,,,,,,,,,,,,,,,,,,,,,,,,,,,,,,,,,,,,,,,,,,,,,,,,
2020-07-12,,,,,,,,,,,,,,,,,,,,,,,,,,,,,,,,,,,,,,,,,,,,,,,,,,,,,,,,
2020-07-13,,,,,,,,,,,,,,,,,,,,,,,,,,,,,,,,,,,,,,,,,,,,,,,,,,,,,,,,
2020-07-14,,,,,,,,,,,,,,,,,,,,,,,,,,,,,,,,,,,,,,,,,,,,,,,,,,,,,,,,
2020-07-15,,,,,,,,,,,,,,,,,,,,,,,,,,,,,,,,,,,,,,,,,,,,,,,,,,,,,,,,
2020-07-16,,,,,,,,,,,,,,,,,,,,,,,,,,,,,,,,,,,,,,,,,,,,,,,,,,,,,,,,
2020-07-17,,,,,,,,,,,,,,,,,,,,,,,,,,,,,,,,,,,,,,,,,,,,,,,,,,,,,,,,
2020-07-18,,,,,,,,,,,,,,,,,,,,,,,,,,,,,,,,,,,,,,,,,,,,,,,,,,,,,,,,
2020-07-19,,,,,,,,,,,,,,,,,,,,,,,,,,,,,,,,,,,,,,,,,,,,,,,,,,,,,,,,
2020-07-20,,,,,,,,,,,,,,,,,,,,,,,,,,,,,,,,,,,,,,,,,,,,,,,,,,,,,,,,
2020-07-21,,,,,,,,,,,,,,,,,,,,,,,,,,,,,,,,,,,,,,,,,,,,,,,,,,,,,,,,
2020-07-22,,,,,,,,,,,,,,,,,,,,,,,,,,,,,,,,,,,,,,,,,,,,,,,,,,,,,,,,
2020-07-23,,,,,,,,,,,,,,,,,,,,,,,,,,,,,,,,,,,,,,,,,,,,,,,,,,,,,,,,
2020-07-24,,,,,,,,,,,,,,,,,,,,,,,,,,,,,,,,,,,,,,,,,,,,,,,,,,,,,,,,
2020-07-25,,,,,,,,,,,,,,,,,,,,,,,,,,,,,,,,,,,,,,,,,,,,,,,,,,,,,,,,
2020-07-26,,,,,,,,,,,,,,,,,,,,,,,,,,,,,,,,,,,,,,,,,,,,,,,,,,,,,,,,
2020-07-27,,,,,,,,,,,,,,,,,,,,,,,,,,,,,,,,,,,,,,,,,,,,,,,,,,,,,,,,
2020-07-28,,,,,,,,,,,,,,,,,,,,,,,,,,,,,,,,,,,,,,,,,,,,,,,,,,,,,,,,
2020-07-29,,,,,,,,,,,,,,,,,,,,,,,,,,,,,,,,,,,,,,,,,,,,,,,,,,,,,,,,
2020-07-30,,,,,,,,,,,,,,,,,,,,,,,,,,,,,,,,,,,,,,,,,,,,,,,,,,,,,,,,
2020-07-31,,,,,,,,,,,,,,,,,,,,,,,,,,,,,,,,,,,,,,,,,,,,,,,,,,,,,,,,
2020-08-01,,,,,,,,,,,,,,,,,,,,,,,,,,,,,,,,,,,,,,,,,,,,,,,,,,,,,,,,
2020-08-02,,,,,,,,,,,,,,,,,,,,,,,,,,,,,,,,,,,,,,,,,,,,,,,,,,,,,,,,
2020-08-03,,,,,,,,,,,,,,,,,,,,,,,,,,,,,,,,,,,,,,,,,,,,,,,,,,,,,,,,
2020-08-04,,,,,,,,,,,,,,,,,,,,,,,,,,,,,,,,,,,,,,,,,,,,,,,,,,,,,,,,
2020-08-05,,,,,,,,,,,,,,,,,,,,,,,,,,,,,,,,,,,,,,,,,,,,,,,,,,,,,,,,
2020-08-06,,,,,,,,,,,,,,,,,,,,,,,,,,,,,,,,,,,,,,,,,,,,,,,,,,,,,,,,
2020-08-07,,,,,,,,,,,,,,,,,,,,,,,,,,,,,,,,,,,,,,,,,,,,,,,,,,,,,,,,
2020-08-08,,,,,,,,,,,,,,,,,,,,,,,,,,,,,,,,,,,,,,,,,,,,,,,,,,,,,,,,
2020-08-09,,,,,,,,,,,,,,,,,,,,,,,,,,,,,,,,,,,,,,,,,,,,,,,,,,,,,,,,
2020-08-10,,,,,,,,,,,,,,,,,,,,,,,,,,,,,,,,,,,,,,,,,,,,,,,,,,,,,,,,
2020-08-11,,,,,,,,,,,,,,,,,,,,,,,,,,,,,,,,,,,,,,,,,,,,,,,,,,,,,,,,
2020-08-12,,,,,,,,,,,,,,,,,,,,,,,,,,,,,,,,,,,,,,,,,,,,,,,,,,,,,,,,
2020-08-13,,,,,,,,,,,,,,,,,,,,,,,,,,,,,,,,,,,,,,,,,,,,,,,,,,,,,,,,
2020-08-14,,,,,,,,,,,,,,,,,,,,,,,,,,,,,,,,,,,,,,,,,,,,,,,,,,,,,,,,
2020-08-15,,,,,,,,,,,,,,,,,,,,,,,,,,,,,,,,,,,,,,,,,,,,,,,,,,,,,,,,
2020-08-16,,,,,,,,,,,,,,,,,,,,,,,,,,,,,,,,,,,,,,,,,,,,,,,,,,,,,,,,
2020-08-17,,,,,,,,,,,,,,,,,,,,,,,,,,,,,,,,,,,,,,,,,,,,,,,,,,,,,,,,
2020-08-18,,,,,,,,,,,,,,,,,,,,,,,,,,,,,,,,,,,,,,,,,,,,,,,,,,,,,,,,
2020-08-19,,,,,,,,,,,,,,,,,,,,,,,,,,,,,,,,,,,,,,,,,,,,,,,,,,,,,,,,
2020-08-20,,,,,,,,,,,,,,,,,,,,,,,,,,,,,,,,,,,,,,,,,,,,,,,,,,,,,,,,
2020-08-21,,,,,,,,,,,,,,,,,,,,,,,,,,,,,,,,,,,,,,,,,,,,,,,,,,,,,,,,
2020-08-22,,,,,,,,,,,,,,,,,,,,,,,,,,,,,,,,,,,,,,,,,,,,,,,,,,,,,,,,
2020-08-23,,,,,,,,,,,,,,,,,,,,,,,,,,,,,,,,,,,,,,,,,,,,,,,,,,,,,,,,
2020-08-24,,,,,,,,,,,,,,,,,,,,,,,,,,,,,,,,,,,,,,,,,,,,,,,,,,,,,,,,
2020-08-25,,,,,,,,,,,,,,,,,,,,,,,,,,,,,,,,,,,,,,,,,,,,,,,,,,,,,,,,
2020-08-26,,,,,,,,,,,,,,,,,,,,,,,,,,,,,,,,,,,,,,,,,,,,,,,,,,,,,,,,
2020-08-27,,,,,,,,,,,,,,,,,,,,,,,,,,,,,,,,,,,,,,,,,,,,,,,,,,,,,,,,
2020-08-28,,,,,,,,,,,,,,,,,,,,,,,,,,,,,,,,,,,,,,,,,,,,,,,,,,,,,,,,
2020-08-29,,,,,,,,,,,,,,,,,,,,,,,,,,,,,,,,,,,,,,,,,,,,,,,,,,,,,,,,
2020-08-30,,,,,,,,,,,,,,,,,,,,,,,,,,,,,,,,,,,,,,,,,,,,,,,,,,,,,,,,
2020-08-31,,,,,,,,,,,,,,,,,,,,,,,,,,,,,,,,,,,,,,,,,,,,,,,,,,,,,,,,
2020-09-01,,,,,,,,,,,,,,,,,,,,,,,,,,,,,,,,,,,,,,,,,,,,,,,,,,,,,,,,
2020-09-02,,,,,,,,,,,,,,,,,,,,,,,,,,,,,,,,,,,,,,,,,,,,,,,,,,,,,,,,
2020-09-03,,,,,,,,,,,,,,,,,,,,,,,,,,,,,,,,,,,,,,,,,,,,,,,,,,,,,,,,
2020-09-04,,,,,,,,,,,,,,,,,,,,,,,,,,,,,,,,,,,,,,,,,,,,,,,,,,,,,,,,
2020-09-05,,,,,,,,,,,,,,,,,,,,,,,,,,,,,,,,,,,,,,,,,,,,,,,,,,,,,,,,
2020-09-06,,,,,,,,,,,,,,,,,,,,,,,,,,,,,,,,,,,,,,,,,,,,,,,,,,,,,,,,
2020-09-07,,,,,,,,,,,,,,,,,,,,,,,,,,,,,,,,,,,,,,,,,,,,,,,,,,,,,,,,
2020-09-08,,,,,,,,,,,,,,,,,,,,,,,,,,,,,,,,,,,,,,,,,,,,,,,,,,,,,,,,
2020-09-09,,,,,,,,,,,,,,,,,,,,,,,,,,,,,,,,,,,,,,,,,,,,,,,,,,,,,,,,
2020-09-10,,,,,,,,,,,,,,,,,,,,,,,,,,,,,,,,,,,,,,,,,,,,,,,,,,,,,,,,
2020-09-11,,,,,,,,,,,,,,,,,,,,,,,,,,,,,,,,,,,,,,,,,,,,,,,,,,,,,,,,
2020-09-12,,,,,,,,,,,,,,,,,,,,,,,,,,,,,,,,,,,,,,,,,,,,,,,,,,,,,,,,
2020-09-13,,,,,,,,,,,,,,,,,,,,,,,,,,,,,,,,,,,,,,,,,,,,,,,,,,,,,,,,
2020-09-14,,,,,,,,,,,,,,,,,,,,,,,,,,,,,,,,,,,,,,,,,,,,,,,,,,,,,,,,
2020-09-15,,,,,,,,,,,,,,,,,,,,,,,,,,,,,,,,,,,,,,,,,,,,,,,,,,,,,,,,
2020-09-16,,,,,,,,,,,,,,,,,,,,,,,,,,,,,,,,,,,,,,,,,,,,,,,,,,,,,,,,
2020-09-17,,,,,,,,,,,,,,,,,,,,,,,,,,,,,,,,,,,,,,,,,,,,,,,,,,,,,,,,
2020-09-18,,,,,,,,,,,,,,,,,,,,,,,,,,,,,,,,,,,,,,,,,,,,,,,,,,,,,,,,
2020-09-19,,,,,,,,,,,,,,,,,,,,,,,,,,,,,,,,,,,,,,,,,,,,,,,,,,,,,,,,
2020-09-20,,,,,,,,,,,,,,,,,,,,,,,,,,,,,,,,,,,,,,,,,,,,,,,,,,,,,,,,
2020-09-21,,,,,,,,,,,,,,,,,,,,,,,,,,,,,,,,,,,,,,,,,,,,,,,,,,,,,,,,
2020-09-22,,,,,,,,,,,,,,,,,,,,,,,,,,,,,,,,,,,,,,,,,,,,,,,,,,,,,,,,
2020-09-23,,,,,,,,,,,,,,,,,,,,,,,,,,,,,,,,,,,,,,,,,,,,,,,,,,,,,,,,
2020-09-24,,,,,,,,,,,,,,,,,,,,,,,,,,,,,,,,,,,,,,,,,,,,,,,,,,,,,,,,
2020-09-25,,,,,,,,,,,,,,,,,,,,,,,,,,,,,,,,,,,,,,,,,,,,,,,,,,,,,,,,
2020-09-26,,,,,,,,,,,,,,,,,,,,,,,,,,,,,,,,,,,,,,,,,,,,,,,,,,,,,,,,
2020-09-27,,,,,,,,,,,,,,,,,,,,,,,,,,,,,,,,,,,,,,,,,,,,,,,,,,,,,,,,
2020-09-28,,,,,,,,,,,,,,,,,,,,,,,,,,,,,,,,,,,,,,,,,,,,,,,,,,,,,,,,
2020-09-29,,,,,,,,,,,,,,,,,,,,,,,,,,,,,,,,,,,,,,,,,,,,,,,,,,,,,,,,
2020-09-30,,,,,,,,,,,,,,,,,,,,,,,,,,,,,,,,,,,,,,,,,,,,,,,,,,,,,,,,
2020-10-01,,,,,,,,,,,,,,,,,,,,,,,,,,,,,,,,,,,,,,,,,,,,,,,,,,,,,,,,
2020-10-02,,,,,,,,,,,,,,,,,,,,,,,,,,,,,,,,,,,,,,,,,,,,,,,,,,,,,,,,
2020-10-03,,,,,,,,,,,,,,,,,,,,,,,,,,,,,,,,,,,,,,,,,,,,,,,,,,,,,,,,
2020-10-04,,,,,,,,,,,,,,,,,,,,,,,,,,,,,,,,,,,,,,,,,,,,,,,,,,,,,,,,
2020-10-05,,,,,,,,,,,,,,,,,,,,,,,,,,,,,,,,,,,,,,,,,,,,,,,,,,,,,,,,
2020-10-06,,,,,,,,,,,,,,,,,,,,,,,,,,,,,,,,,,,,,,,,,,,,,,,,,,,,,,,,
2020-10-07,,,,,,,,,,,,,,,,,,,,,,,,,,,,,,,,,,,,,,,,,,,,,,,,,,,,,,,,
2020-10-08,,,,,,,,,,,,,,,,,,,,,,,,,,,,,,,,,,,,,,,,,,,,,,,,,,,,,,,,
2020-10-09,,,,,,,,,,,,,,,,,,,,,,,,,,,,,,,,,,,,,,,,,,,,,,,,,,,,,,,,
2020-10-10,,,,,,,,,,,,,,,,,,,,,,,,,,,,,,,,,,,,,,,,,,,,,,,,,,,,,,,,
2020-10-11,,,,,,,,,,,,,,,,,,,,,,,,,,,,,,,,,,,,,,,,,,,,,,,,,,,,,,,,
2020-10-12,,,,,,,,,,,,,,,,,,,,,,,,,,,,,,,,,,,,,,,,,,,,,,,,,,,,,,,,
2020-10-13,,,,,,,,,,,,,,,,,,,,,,,,,,,,,,,,,,,,,,,,,,,,,,,,,,,,,,,,
2020-10-14,,,,,,,,,,,,,,,,,,,,,,,,,,,,,,,,,,,,,,,,,,,,,,,,,,,,,,,,
2020-10-15,,,,,,,,,,,,,,,,,,,,,,,,,,,,,,,,,,,,,,,,,,,,,,,,,,,,,,,,
2020-10-16,,,,,,,,,,,,,,,,,,,,,,,,,,,,,,,,,,,,,,,,,,,,,,,,,,,,,,,,
2020-10-17,,,,,,,,,,,,,,,,,,,,,,,,,,,,,,,,,,,,,,,,,,,,,,,,,,,,,,,,
2020-10-18,,,,,,,,,,,,,,,,,,,,,,,,,,,,,,,,,,,,,,,,,,,,,,,,,,,,,,,,
2020-10-19,,,,,,,,,,,,,,,,,,,,,,,,,,,,,,,,,,,,,,,,,,,,,,,,,,,,,,,,
2020-10-20,,,,,,,,,,,,,,,,,,,,,,,,,,,,,,,,,,,,,,,,,,,,,,,,,,,,,,,,
2020-10-21,,,,,,,,,,,,,,,,,,,,,,,,,,,,,,,,,,,,,,,,,,,,,,,,,,,,,,,,
2020-10-22,,,,,,,,,,,,,,,,,,,,,,,,,,,,,,,,,,,,,,,,,,,,,,,,,,,,,,,,
2020-10-23,,,,,,,,,,,,,,,,,,,,,,,,,,,,,,,,,,,,,,,,,,,,,,,,,,,,,,,,
2020-10-24,,,,,,,,,,,,,,,,,,,,,,,,,,,,,,,,,,,,,,,,,,,,,,,,,,,,,,,,
2020-10-25,,,,,,,,,,,,,,,,,,,,,,,,,,,,,,,,,,,,,,,,,,,,,,,,,,,,,,,,
2020-10-26,,,,,,,,,,,,,,,,,,,,,,,,,,,,,,,,,,,,,,,,,,,,,,,,,,,,,,,,
2020-10-27,,,,,,,,,,,,,,,,,,,,,,,,,,,,,,,,,,,,,,,,,,,,,,,,,,,,,,,,
2020-10-28,,,,,,,,,,,,,,,,,,,,,,,,,,,,,,,,,,,,,,,,,,,,,,,,,,,,,,,,
2020-10-29,,,,,,,,,,,,,,,,,,,,,,,,,,,,,,,,,,,,,,,,,,,,,,,,,,,,,,,,
2020-10-30,,,,,,,,,,,,,,,,,,,,,,,,,,,,,,,,,,,,,,,,,,,,,,,,,,,,,,,,
2020-10-31,,,,,,,,,,,,,,,,,,,,,,,,,,,,,,,,,,,,,,,,,,,,,,,,,,,,,,,,
2020-11-01,,,,,,,,,,,,,,,,,,,,,,,,,,,,,,,,,,,,,,,,,,,,,,,,,,,,,,,,
2020-11-02,,,,,,,,,,,,,,,,,,,,,,,,,,,,,,,,,,,,,,,,,,,,,,,,,,,,,,,,
2020-11-03,,,,,,,,,,,,,,,,,,,,,,,,,,,,,,,,,,,,,,,,,,,,,,,,,,,,,,,,
2020-11-04,,,,,,,,,,,,,,,,,,,,,,,,,,,,,,,,,,,,,,,,,,,,,,,,,,,,,,,,
2020-11-05,,,,,,,,,,,,,,,,,,,,,,,,,,,,,,,,,,,,,,,,,,,,,,,,,,,,,,,,
2020-11-06,,,,,,,,,,,,,,,,,,,,,,,,,,,,,,,,,,,,,,,,,,,,,,,,,,,,,,,,
2020-11-07,,,,,,,,,,,,,,,,,,,,,,,,,,,,,,,,,,,,,,,,,,,,,,,,,,,,,,,,
2020-11-08,,,,,,,,,,,,,,,,,,,,,,,,,,,,,,,,,,,,,,,,,,,,,,,,,,,,,,,,
2020-11-09,,,,,,,,,,,,,,,,,,,,,,,,,,,,,,,,,,,,,,,,,,,,,,,,,,,,,,,,
2020-11-10,,,,,,,,,,,,,,,,,,,,,,,,,,,,,,,,,,,,,,,,,,,,,,,,,,,,,,,,
2020-11-11,,,,,,,,,,,,,,,,,,,,,,,,,,,,,,,,,,,,,,,,,,,,,,,,,,,,,,,,
2020-11-12,,,,,,,,,,,,,,,,,,,,,,,,,,,,,,,,,,,,,,,,,,,,,,,,,,,,,,,,
2020-11-13,,,,,,,,,,,,,,,,,,,,,,,,,,,,,,,,,,,,,,,,,,,,,,,,,,,,,,,,
2020-11-14,,,,,,,,,,,,,,,,,,,,,,,,,,,,,,,,,,,,,,,,,,,,,,,,,,,,,,,,
2020-11-15,,,,,,,,,,,,,,,,,,,,,,,,,,,,,,,,,,,,,,,,,,,,,,,,,,,,,,,,
2020-11-16,,,,,,,,,,,,,,,,,,,,,,,,,,,,,,,,,,,,,,,,,,,,,,,,,,,,,,,,
2020-11-17,,,,,,,,,,,,,,,,,,,,,,,,,,,,,,,,,,,,,,,,,,,,,,,,,,,,,,,,
2020-11-18,,,,,,,,,,,,,,,,,,,,,,,,,,,,,,,,,,,,,,,,,,,,,,,,,,,,,,,,
2020-11-19,,,,,,,,,,,,,,,,,,,,,,,,,,,,,,,,,,,,,,,,,,,,,,,,,,,,,,,,
2020-11-20,,,,,,,,,,,,,,,,,,,,,,,,,,,,,,,,,,,,,,,,,,,,,,,,,,,,,,,,
2020-11-21,,,,,,,,,,,,,,,,,,,,,,,,,,,,,,,,,,,,,,,,,,,,,,,,,,,,,,,,
2020-11-22,,,,,,,,,,,,,,,,,,,,,,,,,,,,,,,,,,,,,,,,,,,,,,,,,,,,,,,,
2020-11-23,,,,,,,,,,,,,,,,,,,,,,,,,,,,,,,,,,,,,,,,,,,,,,,,,,,,,,,,
2020-11-24,,,,,,,,,,,,,,,,,,,,,,,,,,,,,,,,,,,,,,,,,,,,,,,,,,,,,,,,
2020-11-25,,,,,,,,,,,,,,,,,,,,,,,,,,,,,,,,,,,,,,,,,,,,,,,,,,,,,,,,
2020-11-26,,,,,,,,,,,,,,,,,,,,,,,,,,,,,,,,,,,,,,,,,,,,,,,,,,,,,,,,
2020-11-27,,,,,,,,,,,,,,,,,,,,,,,,,,,,,,,,,,,,,,,,,,,,,,,,,,,,,,,,
2020-11-28,,,,,,,,,,,,,,,,,,,,,,,,,,,,,,,,,,,,,,,,,,,,,,,,,,,,,,,,
2020-11-29,,,,,,,,,,,,,,,,,,,,,,,,,,,,,,,,,,,,,,,,,,,,,,,,,,,,,,,,
2020-11-30,,,,,,,,,,,,,,,,,,,,,,,,,,,,,,,,,,,,,,,,,,,,,,,,,,,,,,,,
2020-12-01,,,,,,,,,,,,,,,,,,,,,,,,,,,,,,,,,,,,,,,,,,,,,,,,,,,,,,,,
2020-12-02,,,,,,,,,,,,,,,,,,,,,,,,,,,,,,,,,,,,,,,,,,,,,,,,,,,,,,,,
2020-12-03,,,,,,,,,,,,,,,,,,,,,,,,,,,,,,,,,,,,,,,,,,,,,,,,,,,,,,,,
2020-12-04,,,,,,,,,,,,,,,,,,,,,,,,,,,,,,,,,,,,,,,,,,,,,,,,,,,,,,,,
2020-12-05,,,,,,,,,,,,,,,,,,,,,,,,,,,,,,,,,,,,,,,,,,,,,,,,,,,,,,,,
2020-12-06,,,,,,,,,,,,,,,,,,,,,,,,,,,,,,,,,,,,,,,,,,,,,,,,,,,,,,,,
2020-12-07,,,,,,,,,,,,,,,,,,,,,,,,,,,,,,,,,,,,,,,,,,,,,,,,,,,,,,,,
2020-12-08,,,,,,,,,,,,,,,,,,,,,,,,,,,,,,,,,,,,,,,,,,,,,,,,,,,,,,,,
2020-12-09,,,,,,,,,,,,,,,,,,,,,,,,,,,,,,,,,,,,,,,,,,,,,,,,,,,,,,,,
2020-12-10,,,,,,,,,,,,,,,,,,,,,,,,,,,,,,,,,,,,,,,,,,,,,,,,,,,,,,,,
2020-12-11,,,,,,,,,,,,,,,,,,,,,,,,,,,,,,,,,,,,,,,,,,,,,,,,,,,,,,,,
2020-12-12,,,,,,,,,,,,,,,,,,,,,,,,,,,,,,,,,,,,,,,,,,,,,,,,,,,,,,,,
2020-12-13,,,,,,,,,,,,,,,,,,,,,,,,,,,,,,,,,,,,,,,,,,,,,,,,,,,,,,,,
2020-12-14,,,,,,,,,,,,,,,,,,,,,,,,,,,,,,,,,,,,,,,,,,,,,,,,,,,,,,,,
2020-12-15,,,,,,,,,,,,,,,,,,,,,,,,,,,,,,,,,,,,,,,,,,,,,,,,,,,,,,,,
2020-12-16,,,,,,,,,,,,,,,,,,,,,,,,,,,,,,,,,,,,,,,,,,,,,,,,,,,,,,,,
2020-12-17,,,,,,,,,,,,,,,,,,,,,,,,,,,,,,,,,,,,,,,,,,,,,,,,,,,,,,,,
2020-12-18,,,,,,,,,,,,,,,,,,,,,,,,,,,,,,,,,,,,,,,,,,,,,,,,,,,,,,,,
2020-12-19,,,,,,,,,,,,,,,,,,,,,,,,,,,,,,,,,,,,,,,,,,,,,,,,,,,,,,,,
2020-12-20,,,,,,,,,,,,,,,,,,,,,,,,,,,,,,,,,,,,,,,,,,,,,,,,,,,,,,,,
2020-12-21,,,,,,,,,,,,,,,,,,,,,,,,,,,,,,,,,,,,,,,,,,,,,,,,,,,,,,,,
2020-12-22,,,,,,,,,,,,,,,,,,,,,,,,,,,,,,,,,,,,,,,,,,,,,,,,,,,,,,,,
2020-12-23,,,,,,,,,,,,,,,,,,,,,,,,,,,,,,,,,,,,,,,,,,,,,,,,,,,,,,,,
2020-12-24,,,,,,,,,,,,,,,,,,,,,,,,,,,,,,,,,,,,,,,,,,,,,,,,,,,,,,,,
2020-12-25,,,,,,,,,,,,,,,,,,,,,,,,,,,,,,,,,,,,,,,,,,,,,,,,,,,,,,,,
2020-12-26,,,,,,,,,,,,,,,,,,,,,,,,,,,,,,,,,,,,,,,,,,,,,,,,,,,,,,,,
2020-12-27,,,,,,,,,,,,,,,,,,,,,,,,,,,,,,,,,,,,,,,,,,,,,,,,,,,,,,,,
2020-12-28,,,,,,,,,,,,,,,,,,,,,,,,,,,,,,,,,,,,,,,,,,,,,,,,,,,,,,,,
2020-12-29,,,,,,,,,,,,,,,,,,,,,,,,,,,,,,,,,,,,,,,,,,,,,,,,,,,,,,,,
2020-12-30,,,,,,,,,,,,,,,,,,,,,,,,,,,,,,,,,,,,,,,,,,,,,,,,,,,,,,,,
2020-12-31,,,,,,,,,,,,,,,,,,,,,,,,,,,,,,,,,,,,,,,,,,,,,,,,,,,,,,,,
2021-01-01,,,,,,,,,,,,,,,,,,,,,,,,,,,,,,,,,,,,,,,,,,,,,,,,,,,,,,,,
2021-01-02,,,,,,,,,,,,,,,,,,,,,,,,,,,,,,,,,,,,,,,,,,,,,,,,,,,,,,,,
2021-01-03,,,,,,,,,,,,,,,,,,,,,,,,,,,,,,,,,,,,,,,,,,,,,,,,,,,,,,,,
2021-01-04,,,,,,,,,,,,,,,,,,,,,,,,,,,,,,,,,,,,,,,,,,,,,,,,,,,,,,,,
2021-01-05,,,,,,,,,,,,,,,,,,,,,,,,,,,,,,,,,,,,,,,,,,,,,,,,,,,,,,,,
2021-01-06,,,,,,,,,,,,,,,,,,,,,,,,,,,,,,,,,,,,,,,,,,,,,,,,,,,,,,,,
2021-01-07,,,,,,,,,,,,,,,,,,,,,,,,,,,,,,,,,,,,,,,,,,,,,,,,,,,,,,,,
2021-01-08,,,,,,,,,,,,,,,,,,,,,,,,,,,,,,,,,,,,,,,,,,,,,,,,,,,,,,,,
2021-01-09,,,,,,,,,,,,,,,,,,,,,,,,,,,,,,,,,,,,,,,,,,,,,,,,,,,,,,,,
2021-01-10,,,,,,,,,,,,,,,,,,,,,,,,,,,,,,,,,,,,,,,,,,,,,,,,,,,,,,,,
2021-01-11,,,,,,,,,,,,,,,,,,,,,,,,,,,,,,,,,,,,,,,,,,,,,,,,,,,,,,,,
2021-01-12,22486,70861,39357,842,95141,703540,187838,56350,,15911,586741,85110,401,,91969,31504,284035,114781,53988,102517,117022,184984,136576,38045,207786,152280,107939,1094,45733,30887,189213,33648,65924,11615,206737,43344,31320,543014,311867,109045,99594,266288,61486,35385,77042,41322,143735,809148,90613,,,,162105,125895,,13577
2021-01-13,24541,74792,80458,1193,104387,744545,198227,58920,1957,16647,647330,86105,401,,101859,33176,291445,125763,58477,111449,127078,192619,162350,39157,259119,154767,107939,1141,51588,31886,228686,34317,69113,12722,236053,45873,31320,587865,329295,118786,107843,285938,67475,36489,87584,42789,150893,861072,98010,,,,169650,125895,,14406
2021-01-14,35508,80480,90339,2409,157397,801998,209300,156366,29927,25649,709002,204301,3785,,100805,35179,316876,203889,77590,145320,149064,204481,165318,51631,286349,161507,145521,3455,64654,39103,233038,35293,72079,53780,235152,73428,62370,617596,338961,160035,119980,353821,80310,38000,96231,44721,238943,917387,103833,192918,1267,26603,187450,135841,99061,17310
2021-01-15,39546,86956,97829,3144,176213,865387,223761,166722,31667,25649,776430,204301,3785,39690,108056,37646,341518,222599,83293,162733,167193,222109,178831,51631,312415,170273,153664,3760,75885,41160,259859,38506,77734,56797,278956,80172,67679,671311,361818,173162,133091,380727,87512,39381,101722,47389,264912,1003412,114504,214732,1474,28355,200682,151387,113034,19931
2021-01-16,,,,,,,,,,,,,,,,,,,,,,,,,,,,,,,,,,,,,,,,,,,,,,,,,,,,,,,,
2021-01-17,,,,,,,,,,,,,,,,,,,,,,,,,,,,,,,,,,,,,,,,,,,,,,,,,,,,,,,,
2021-01-18,,,,,,,,,,,,,,,,,,,,,,,,,,,,,,,,,,,,,,,,,,,,,,,,,,,,,,,,
2021-01-19,55434,114319,118763,3985,235331,1195969,278639,201664,39747,35679,1068787,278151,3785,52635,130042,53609,414362,283779,101824,201688,221109,277612,225456,62716,417228,209118,189793,4453,103946,47209,346533,47616,89054,64402,354653,112450,85391,884908,444812,209687,192550,464339,107661,44164,155548,51288,302260,1222952,144056,290146,1970,34427,265507,188144,128923,24788
2021-01-20,56911,121113,144792,4476,246960,1255311,287174,213145,41135,38610,1125338,356010,3785,58111,133528,58328,425824,297720,105679,208664,228831,288209,233443,64260,434402,209862,193867,4569,112525,48086,368818,48350,91040,67366,381159,116128,89110,926339,456424,217690,192550,482791,112524,45904,160518,52548,305780,1282998,159814,304160,2178,34607,286500,193461,132929,25841
2021-01-21,59449,144429,144792,4734,262120,1335886,296816,230913,43377,41900,1125338,407000,3785,63282,139500,61118,452010,320266,111907,217837,240762,306646,243450,67133,463917,213102,205217,4606,124931,50413,406257,48986,94850,70281,381159,122956,95837,982183,456424,230902,192550,508391,120250,47859,173906,54531,313154,1337706,166334,320175,2450,36233,306942,204746,135950,25841
2021-01-22,67262,174317,167788,5627,280227,1477195,313217,248753,44773,45292,1186719,533665,3785,67991,145642,64295,479848,340055,116569,229873,256670,318630,256221,70193,497958,223957,217597,4700,136902,54453,450144,51018,99571,72979,406494,130211,105222,1048453,500557,247954,218413,539431,128284,49932,189170,56762,324543,1412767,175364,353808,2703,38432,330357,221067,145361,29993
2021-01-23,73014,193955,167788,5881,305744,1661683,313211,264042,47088,49442,1333116,534161,3785,67990,151145,68292,518779,367944,122813,243620,272630,334514,272901,74110,536228,240009,221849,5019,136902,59289,497387,53491,103620,76609,437711,148964,115160,1105935,535544,263315,231606,572228,136400,50650,206663,60982,335823,1474571,175364,376378,2946,40484,359217,241512,156854,32746
2021-01-24,77925,213833,179290,7096,332095,1838464,355124,275126,49292,52586,1384479,534161,3785,67990,157635,72424,556517,367944,127417,268308,290955,356102,300609,79310,573167,252927,242937,5369,161507,62498,552194,56158,109860,79942,468760,162636,129223,1172921,575488,279283,244669,611359,143910,54287,233257,63091,354407,1502751,175364,393127,2969,41950,370231,260664,163801,35868
2021-01-25,80226,220464,185546,7096,350648,1954048,364889,282674,50902,55131,1384407,534161,3785,74296,161445,76199,578406,408181,129861,275610,297684,368358,311148,82837,599665,273973,258298,5474,164715,63224,589436,57996,110672,80674,492061,166530,136670,1215450,608379,282679,257296,639526,146984,56751,258015,63950,361767,1532381,195221,415684,2984,43356,404326,266481,164528,36215
2021-01-26,81200,223854,196815,7365,366018,2053652,372266,291257,51399,56646,1412466,591385,13378,75820,162795,78484,590212,413982,132153,279715,301874,376313,322860,83464,611090,287195,262230,5679,165668,63481,611853,58131,111248,81417,501812,171579,140934,1245215,627390,284799,263167,657711,147910,58097,267262,64012,365235,1614648,196507,497055,3251,43994,420728,268091,167660,36398
2021-01-27,83363,232633,209445,8133,389059,2156029,381679,302710,53590,64952,1451507,622905,14269,79147,165466,80857,611024,432791,140685,285291,311135,390470,340191,86103,629437,298902,276990,5966,172522,65746,627980,58673,114154,84813,530412,176038,149464,1286705,657075,296308,276200,693731,156071,59853,275291,65031,374108,1648575,201134,524196,3538,44498,441895,281166,169671,37963
2021-01-28,85672,241337,209445,8133,412841,2281453,394156,315317,55599,68959,1497903,659212,15405,84139,169341,85373,643555,454380,157536,297108,323609,406024,355484,88878,659118,315664,294872,6189,181550,68032,728551,60164,116769,88624,558156,180272,167481,1320572,683323,308458,285528,695656,165862,61554,302890,67171,385682,1731725,201134,552909,3901,46376,468528,302339,173750,37963
2021-01-29,88654,256601,221552,8926,439897,2415659,409939,329149,57152,72684,1554179,693085,16747,89428,174655,88975,685529,475928,157720,312373,339450,422803,375525,93513,695236,340311,313161,6486,191145,71534,729507,63773,120121,92305,616618,189082,179805,1359970,716677,323625,299508,777260,174840,63263,322195,70502,400950,1804291,219468,598853,4367,47485,496008,339296,181839,41441
2021-01-30,91794,288368,233935,8926,469916,2563559,423054,340886,59570,76980,1610425,729117,17784,96743,182537,93632,733006,495746,168343,324581,355024,438852,398387,99468,734903,376632,313161,6671,199419,75432,762635,66885,125263,96148,649035,195327,191175,1417373,759337,339382,314964,819889,183630,65668,339544,74229,416716,1886813,227616,648378,4898,48473,524466,375931,191225,41441
2021-01-31,94889,298301,244867,8926,500942,2717530,440576,349879,61737,82970,1656005,766875,17784,103398,190689,98287,781536,495746,180156,337738,369486,461408,422218,105665,772944,402715,340708,6896,211689,79584,800782,70822,133002,98524,670153,204968,205892,1473614,789605,356891,331692,862021,193842,67744,361557,76523,438426,1928227,227616,687883,4920,50571,555505,409614,192580,47639
2021-02-01,96396,301628,249943,9713,524413,2861767,455422,357588,63208,84482,1683674,785487,18538,108745,194009,100946,817253,495746,183035,347384,376491,484829,440763,109917,794391,425546,355387,6897,213525,80627,818858,71587,134193,100041,680591,212216,211931,1511266,824597,360670,342827,900237,197187,68779,379136,77052,447977,1991555,244613,718113,5026,53967,582420,429609,192951,48155
2021-02-02,97076,312711,251841,9713,534476,2940488,464938,361495,64241,85143,1712327,790354,19700,110757,195234,102959,831556,499215,185065,350622,378574,497445,448177,109917,801811,431172,358762,7062,214460,81420,819119,71735,134877,103364,697318,213941,214342,1541235,854741,362529,353035,916235,197187,73486,385908,77125,450633,1991555,245534,742017,5447,54994,599313,437456,194301,48255
2021-02-03,98076,324998,256307,9759,553373,3044980,472820,365975,65207,88325,1752699,813214,20785,115440,199242,107234,859076,517147,192026,360015,384041,497445,454437,109917,814362,431172,371382,7271,222860,83875,855450,72589,138354,104042,703957,219033,236799,1562945,883630,372020,361249,917497,206430,74473,391585,79025,463300,2086493,245534,757544,5906,55357,616340,457768,195200,49361
2021-02-04,99596,338845,266563,9761,573845,3085932,485332,375795,66645,89727,1793625,834091,20785,120533,206516,113110,905981,541269,198352,372114,393389,517135,463885,114962,835524,459716,388692,7561,222860,87042,875375,74387,141657,108112,703957,224290,244381,1576553,908994,382044,369704,958587,214661,75963,403766,81697,477784,2181310,258569,774590,6237,56221,637940,458321,197939,49361
2021-02-05,101225,353522,274459,9775,597525,3228084,495381,387627,69999,92265,1812723,860543,21871,126683,215693,120147,962345,568118,206997,387902,404021,539877,478473,119024,866766,459716,412990,7633,238039,91611,902198,78325,147583,112544,724879,231864,252886,1610832,936321,393313,378078,993076,221431,77940,418519,85921,500458,2257870,271345,805624,6673,57432,658508,491942,203731,53630
2021-02-06,103163,370275,290153,9779,629750,3389906,512024,395554,71810,94962,1865090,887597,23195,132701,224437,133810,1028487,593266,218170,406790,419327,571853,496331,126127,896162,509608,448830,7770,252569,96394,939554,81935,157139,116523,791011,240516,264060,1661253,975620,406359,389513,1036395,229133,81085,435079,88882,521621,2371311,284458,842587,6961,58637,684484,521331,214301,56076
2021-02-07,106311,375567,300139,9779,656909,3653538,528379,402227,73505,98450,1965590,912189,23564,137230,237554,140916,1086599,593266,228774,422976,431119,609483,518048,132273,924494,528537,477412,7847,264586,101262,979112,85482,163479,119552,812914,245330,269657,1722302,1006750,424612,400019,1082700,229133,83326,450531,91598,543793,2464468,284458,875842,6972,60863,709023,581413,217613,56076
2021-02-08,109890,378514,304604,9779,678697,3811715,539961,406697,75351,100736,1965590,923282,23693,142259,252349,149231,1131846,593266,232575,434294,436190,630154,531771,132273,938279,541133,490686,7860,267797,102365,999151,87633,165037,119763,822080,251082,278091,1767666,1038595,431499,412660,1108626,229133,85037,460511,92615,554016,2512804,304991,897049,7014,63024,731739,595912,218266,58775
2021-02-09,110936,395196,305917,9792,695970,3880253,542165,412601,75351,101383,2023419,927176,24420,142259,257459,151372,1148175,598731,233494,436193,438336,649131,537805,138005,950705,541133,492766,8023,268534,102903,1005714,87633,165853,121201,851190,253534,282040,1795592,1059251,432422,425086,1134099,236882,86264,460511,92678,558590,2589885,307059,912014,7313,64864,740234,600268,219723,58775
2021-02-10,112448,412462,311339,9818,719051,3994969,557204,423296,75351,103319,2064585,946505,25308,142259,268974,155238,1198096,617918,241127,442691,448139,687093,551581,141778,971480,541133,507801,8174,277287,106038,1033527,88917,169053,125466,883576,258073,291370,1833754,1077597,440614,434561,1176825,242200,87862,475116,94744,577121,2672352,307059,925586,7762,65577,780179,619711,222233,61170
2021-02-11,116001,431259,316972,9822,747599,4108216,570979,437058,79776,105760,2118750,967179,26019,150648,282596,159796,1243706,637068,248979,454145,448139,715308,563324,141778,997466,575084,524638,8344,286055,109266,1050246,90939,172690,130806,911345,264105,299502,1869595,1107677,452166,434561,1215755,248934,89723,487418,97817,595081,2745305,307059,945182,8039,67024,797359,640058,226323,61170
2021-02-12,118189,448071,325562,10057,780057,4222810,586187,450204,80772,108096,2235645,967179,26699,154828,299032,159796,1294565,659495,261332,468357,482025,741746,580112,141778,1023114,595334,537256,8497,296066,115415,1075646,94160,179502,135257,941794,272325,308611,1907783,1162381,458056,434561,1264215,248934,91809,500005,103076,618010,2834361,307059,971199,8404,68654,819728,664353,230596,65857
2021-02-13,122463,467032,330146,10062,811080,4345018,609445,462710,81699,111918,2304435,987693,27348,159583,317851,163950,1364527,749756,273430,474397,501286,771430,598423,141778,1061320,622541,592128,8596,303627,122026,1114685,96731,188607,141108,971241,276820,318400,1959193,1200949,468199,466801,1269266,266635,95258,512156,106251,634688,2901250,307059,993156,8649,70351,844801,689583,242233,65857
2021-02-14,126381,474065,338611,10062,840252,4493220,631243,473106,84740,114564,2366552,1027629,27647,162945,335771,174495,1421577,770193,287680,488161,518682,823429,618905,141778,1096479,643627,613292,8604,312244,127657,1166560,99364,195639,146718,992728,286538,327691,2007952,1241257,477378,475841,1363250,272485,97380,525641,109875,659390,2970596,307059,1004422,8730,73105,870853,709908,247689,71653
2021-02-15,,,,,,,,,,,,,,,,,,,,,,,,,,,,,,,,,,,,,,,,,,,,,,,,,,,,,,,,
2021-02-16,129658,486206,343637,10236,886107,4708607,686889,494373,87243,117600,2441429,1040075,27946,168479,360301,187653,1498639,787050,291726,510373,528052,863806,642662,171975,1124024,669293,630838,8945,318006,130926,1198710,102151,198660,151248,1037920,300709,336432,2102037,1308980,484478,483103,1369992,274733,100448,542707,111151,675421,3037786,314844,1046408,8806,78022,890282,736864,250814,72339
2021-02-17,130751,494424,345271,10267,892791,4766592,704742,509165,88287,118666,2498089,1040075,28460,170911,367577,191063,1531557,797872,295950,514681,531448,879627,648414,174543,1136393,681366,637707,9043,318006,132847,1223476,102414,201138,152041,1067242,302820,340695,2138943,1325650,485563,487286,1445138,277616,103283,551943,113425,680454,3059756,314844,1060294,9302,78816,898805,748247,251627,72339
2021-02-18,133491,505660,346623,10267,914468,4865151,724699,525133,88924,121487,2562863,1073929,29055,174151,377848,195596,1557154,803800,302165,517316,533933,912258,664228,174543,1155117,696510,646707,9187,318006,136359,1238992,104196,206790,157078,1103016,306504,346585,2176004,1343458,487252,496092,1478146,284163,108152,562999,116461,691486,3071010,322861,1076555,9473,79606,914138,762117,254778,74983
2021-02-19,143887,545431,362972,10267,1036237,5159868,780757,558539,106692,130818,2793123,1158554,31432,210213,411926,211625,1647720,841694,334112,547573,572666,987512,709862,190220,1223696,754315,708969,9310,341669,157930,1339762,122026,235260,166491,1139254,379606,380921,2296133,1432292,565691,529837,1601176,308150,124576,610292,148976,740230,3205884,343017,1154362,10399,86590,982469,818760,279255,87289
2021-02-20,148299,560968,364735,10831,1064109,5285256,800799,572145,107751,133187,2796210,1181826,31950,215488,430429,216285,1697843,859278,345965,556588,582482,1028490,732236,190336,1247602,772141,723937,9310,345108,161546,1353909,124671,244045,171758,1157271,386679,393813,2334012,1460227,572876,541691,1628681,314053,131246,625877,152655,748756,3241776,356046,1162487,11041,88826,1001775,841506,288262,89346
2021-02-21,152349,567505,367436,10948,1087921,5426591,817009,579380,109045,133251,2877011,1202374,32024,219881,445872,222381,1742360,874152,356901,566677,590652,1054948,743806,190495,1267083,788468,736999,9575,349797,165472,1373952,126909,252022,179139,1172226,394841,400079,2369520,1486509,584493,552058,1667727,320383,136915,638364,156792,757333,3267255,356371,1172647,11244,91923,1016677,858185,290411,89605
2021-02-22,153572,583741,371148,11054,1083205,5494435,831687,592976,71399,132160,2824219,1188521,32377,225335,458634,230560,1766364,884605,379563,595646,585541,1070869,781516,207602,1304589,794373,717772,9570,356924,168580,1368734,125196,257986,192129,1233939,409505,401413,2400850,1498985,590545,558708,1699811,321729,143885,660425,158566,757200,3299008,356333,1192485,11027,92323,1030812,869308,286014,90847
2021-02-23,154618,593936,373476,11054,1095494,5560177,832723,600303,72181,132655,2829480,1191004,32799,226376,461621,232592,1802372,888217,381430,601422,587123,1090809,791071,209024,1310846,805885,720372,9691,360349,169958,1372784,125262,265602,197531,1256071,414796,405839,2426155,1511089,596443,566952,1710379,323611,148517,665137,159201,761007,3330051,356473,1206552,11434,94054,1036564,872043,288630,91063
2021-02-24,156267,604602,378928,11814,1110854,5639811,847173,615837,73826,133489,2881733,1203510,33183,228596,466702,234983,1826927,911754,388418,614219,592378,1108977,802351,211853,1341342,816072,732498,9991,368736,171428,1389988,127113,271328,203338,1278650,417861,409992,2449913,1535852,613865,567693,1731971,330605,154012,687074,162773,777850,3383302,363912,1222818,11702,94866,1045186,880148,290180,91162
2021-02-25,158792,615100,385351,11814,1136024,5737092,859919,627101,74825,135362,2927858,1219200,33677,233205,473529,239100,1855962,945948,394141,632128,601353,1133903,825512,211933,1364572,830072,744895,10124,369045,174160,1407925,129590,281023,209909,1310121,426331,418700,2482912,1562236,630696,578441,1766202,337907,160880,696787,167434,794893,3305597,378021,1239868,11874,96318,1063637,891185,294794,93220
2021-02-26,161595,627063,394906,12351,1168054,5862161,876097,650134,76194,138321,2976245,1239379,33696,237956,491323,243714,1923246,965809,405241,654232,617832,1162144,842829,212039,1399281,852799,774707,10389,387299,179212,1451906,134672,293300,215730,1348635,438670,427656,2525442,1593638,647372,595929,1804661,350005,167665,710435,172279,821513,3381100,378359,1267905,12363,98746,1081544,909389,302863,95024
2021-02-27,163739,643208,405877,12354,1195110,5994948,876958,671322,79693,141310,3039028,1258671,34205,243013,515659,249980,1964466,987547,416368,677007,640314,1194345,860103,227192,1444239,888433,805542,10554,401141,183889,1504356,142174,294145,224347,1385622,450558,437485,2588847,1638626,665948,616134,1868724,350851,176107,725393,178635,845090,3445638,391510,1316987,12495,101529,1105687,937388,314571,97414
2021-02-28,166735,649745,419502,12355,1220706,6141765,901484,690663,83668,144139,3163425,1259837,34485,248020,534690,256810,2004662,1004776,430237,696591,664121,1220455,884208,227707,1491316,941537,807368,10707,413930,188782,1574172,147054,309977,233437,1423424,467493,447761,2691322,1686825,688342,632080,1911844,355184,183254,737658,184028,878954,3533100,391851,1349077,12681,104583,1134837,958333,317008,99849
2021-03-01,168069,653309,425567,12355,1244879,6294258,924947,712375,84724,145722,3166839,1260430,34489,250646,546840,263438,2045444,1016048,439896,713307,678364,1260542,906877,228686,1514180,963223,865315,10926,422306,191091,1615012,149458,311102,236501,1448799,470185,458492,2777745,1723002,704200,650472,1956197,358606,192198,755284,186324,903477,3533100,391925,1379963,12685,107238,1166618,971107,318168,99880
2021-03-02,168646,663187,431866,13028,1262868,6520515,935576,719571,85368,145892,3184067,1268982,34532,251442,550827,266252,2076864,1021447,444176,724283,684129,1278555,922936,229054,1536958,971142,872317,11073,427476,191691,1626567,149585,316806,241410,1511554,475459,462624,2880527,1755260,708140,659018,1991624,358646,196835,759604,186707,911906,3735197,406252,1402684,12831,109213,1186560,984053,319813,99916
2021-03-03,170586,674810,442371,13029,1277294,6661278,954066,736848,87114,149940,3237174,1287231,34553,253718,557426,270724,2110030,1036064,451969,737443,699188,1306343,965135,229251,1562225,993146,893880,11256,438143,194837,1665521,150729,323340,248242,1555002,483920,468499,2958184,1794044,720959,666187,2027725,365692,201965,768635,189979,943375,3850248,422402,1431797,13044,110313,1210794,1001656,322461,103398
2021-03-04,172414,688791,452615,13467,1298827,6739681,972060,759702,90190,154498,3328742,1310024,34944,259210,567609,275118,2153991,1053529,462106,759350,717682,1341520,992264,229456,1590980,1013705,917676,11423,448882,199610,1692968,153398,332116,255746,1609464,488139,478334,3052380,1829145,739525,677995,2080306,379079,208621,784515,193978,965429,3955205,422649,1469462,14123,111890,1243596,1024560,330737,103497
2021-03-05,174588,704173,464641,13468,1325003,6868469,991979,790039,92623,158871,3416396,1337534,35076,264868,582004,282541,2204820,1079060,475698,789697,740587,1379021,1025554,257677,1644210,1043647,945451,11598,463252,205372,1706016,158378,344129,261912,1661209,502054,493295,3155309,1874115,761033,690687,2174827,379836,215497,800539,198905,990140,4098216,456278,1503158,14581,114893,1276221,1059657,345274,104955
2021-03-06,178237,721109,477127,13468,1328642,7075139,1019416,822106,95302,163954,3574315,1365901,35123,271432,607257,289977,2275017,1106523,491746,820729,741136,1423801,1063374,267398,1702571,1086169,976273,11937,480626,210773,1758662,164433,344638,270198,1712715,519972,508997,3292632,1943411,781746,718580,2257020,389276,222457,823824,206243,1015188,4246954,482088,1533362,15032,118292,1321095,1098730,358305,110594
2021-03-07,180948,727681,489149,13469,1388900,7205989,1046640,856048,98505,169956,3714407,1396280,35130,272100,631178,296541,2346663,1130035,508326,847662,741681,1463301,1089583,268229,1758766,1123285,1007667,11937,498585,217186,1805008,170418,356090,278812,1749281,528061,527092,3438817,2001222,802893,742710,2274225,399427,229095,851400,211458,1041609,4313322,482511,1567671,15047,122891,1367009,1128307,363429,110971
2021-03-08,182230,732967,494761,13469,1416598,7318100,1047703,883688,100571,172568,3718074,1411942,35161,280866,647648,300640,2398497,1152396,515054,867007,805777,1493343,1109083,287695,1789580,1151692,1027201,11937,506410,219236,1838635,172717,371498,282343,1775631,541044,539447,3569927,2042646,818496,760168,2289199,402670,234708,873292,213168,1058354,4406573,483105,1591745,15049,126974,1411252,1150440,363952,114824
2021-03-09,184906,747268,501653,13471,1435152,7400238,1061907,897576,102392,174037,3760044,1420118,35680,287071,653454,304032,2414809,1161968,521147,872816,811301,1510698,1141469,290479,1805357,1167407,1038458,12062,509358,220672,1858432,173961,387731,289813,1821711,545238,544881,3651402,2070097,822520,773967,2401448,404145,240963,885144,213680,1064302,4574899,512666,1642937,15591,130466,1437268,1155268,367001,115046
2021-03-10,188281,768502,513591,15085,1464494,7497005,1089653,920595,105267,174501,3833243,1422182,36034,294934,663400,309022,2452227,1186992,532078,891206,825386,1567359,1175253,296707,1834706,1185323,1060792,12277,523070,224812,1906434,175078,396661,297909,1871063,546442,553065,3781666,2109012,839508,784943,2470284,427506,246202,902545,217047,1091669,4740604,529210,1684219,16194,132811,1469986,1171932,370361,116799
2021-03-11,190712,790864,514556,15085,1496266,7600220,1133732,948575,108700,184777,3963502,1474110,36283,304606,680387,315010,2512334,1212721,548492,922079,846690,1608665,1211872,297824,1880098,1213677,1085613,12429,538774,230731,1950352,178388,411300,306918,1958556,563149,568912,3892844,2161650,863480,785467,2530355,428103,252545,928283,221398,1123145,4893813,529682,1730680,16683,135916,1515461,1199903,379579,116948
2021-03-12,193951,816418,541936,15085,1529482,7738923,1165790,984384,112244,190252,4076435,1548497,36600,314009,699106,324180,2603710,1239957,582831,953333,872278,1650762,1245004,320144,1936578,1249489,1110044,12628,539704,237009,2014895,186005,421931,315641,2018387,581690,585867,4010039,2232778,891158,806341,2548224,440880,258664,950186,226056,1161962,5100346,562291,1776967,17254,139766,1555378,1240451,397640,121792
2021-03-13,197436,841394,579022,15082,1562876,8025538,1199979,933227,115660,196931,4325176,1608162,36826,322222,734296,332271,2754782,1297780,586038,1020088,925322,1717752,1291426,321118,2001598,1330070,1186989,12858,589064,243698,2181724,192137,428913,327787,2090835,591927,603756,4226184,2319341,920680,847034,2751412,473335,263449,1017396,232966,1201964,5293079,587893,1827363,17902,149120,1597377,1323842,414266,125878
2021-03-14,202410,849337,579157,15083,1602626,8027407,1200280,933367,120982,197168,4387617,1662522,36978,329359,734394,340495,2755219,1297939,618089,1022830,925437,1718071,1316888,343171,2053751,1330645,1188641,12956,589211,251203,2193331,197376,429096,333706,2126722,608238,622883,4226938,2388057,942162,870504,2812196,473423,267498,1017665,241971,1238369,5417558,611477,1872241,17923,149158,1638176,1324859,417836,129196
2021-03-15,205256,854302,586266,15377,1629972,8287692,1232096,952509,126422,208306,4388959,1689912,36979,333759,751143,345005,2812496,1318159,623934,1044344,937967,1751693,1335141,351485,2056704,1353203,1205497,12956,593525,252446,2233748,198656,444391,336445,2158901,613331,640086,4323082,2441898,955816,888090,2862957,473540,276994,1042042,244353,1260166,5509231,612437,1913741,17930,153973,1686163,1346547,418889,129287
2021-03-16,206403,871536,589436,15378,1655300,8540236,1239039,964706,128836,211783,4436541,1707798,37235,339603,755782,348653,2856270,1323727,628555,1051308,945870,1759203,1363597,354594,2105973,1358707,1212720,13159,595233,254359,2293986,198709,449836,339922,2199384,621579,644080,4404294,2466334,960142,905439,2901757,485504,283670,1049599,245286,1265605,5601318,626747,1938252,18541,156682,1714661,1356659,421226,130020
2021-03-17,210932,893767,602085,15379,1682456,8847129,1262328,977155,133611,218487,4524707,1710417,38212,349281,756625,349038,2909272,1345400,638421,1072092,963135,1805897,1397258,354939,2152908,1379321,1235858,13356,604746,257975,2337632,200698,457500,345874,2251222,630828,651736,4487772,2507736,975627,906252,3012928,499268,286139,1065987,248205,1300220,5750589,639360,1968155,19203,158711,1742242,1373417,426168,130099
2021-03-18,213432,912663,615670,15381,1716937,9097819,1285898,993878,136208,225478,4652763,1774120,39483,359319,772635,359793,2983268,1374484,659314,1099332,963543,1845302,1428416,355660,2216026,1399649,1268923,13558,617430,263148,2406584,203723,467152,352868,2312582,642435,672177,4598782,2574120,1000385,918539,3087042,516877,290175,1092529,251987,1334622,5912169,649591,2015460,19674,162595,1776669,1405196,435450,130178
2021-03-19,216781,937614,635565,15383,1720172,9302378,1320575,1014611,139568,231420,4760399,1777288,40907,369835,794504,369859,3044878,1407346,686025,1129895,1008581,1886403,1475036,373062,2271780,1436197,1297290,13722,623350,269085,2468201,209842,480168,359702,2372189,658512,689756,4706737,2646831,1025111,952346,3104875,535207,293953,1118812,256112,1361297,6052656,649947,2068249,20173,167409,1816100,1441789,450766,134295
2021-03-20,221157,960539,653550,15384,1762337,9562989,1378562,1034439,142923,238813,4963147,1920080,40955,378607,813481,382524,3147727,1440383,713468,1164238,1034428,1932142,1479109,373307,2339274,1471972,1334902,14072,637529,275589,2538508,215512,480879,368356,2430590,677668,710024,4846355,2728608,1047673,978493,3124834,551935,299515,1134174,261798,1394341,6195559,650394,2128858,20669,172303,1858543,1488169,467091,134422
2021-03-21,228333,968459,670894,15386,1804760,9833939,1413334,1057505,147691,246522,5106288,1999241,40965,387067,833700,394331,3241285,1469086,737576,1198585,1055689,1973933,1545134,374074,2398995,1511191,1371336,14415,652213,282065,2608692,218943,497565,377145,2475567,691431,728878,4980453,2810887,1070180,1004599,3130512,567468,305815,1170754,267282,1432648,6320852,696065,2174085,20698,177451,1915110,1542799,473087,134703
2021-03-22,230614,972986,677806,16916,1835039,10070870,1428551,1079370,150379,251478,5109346,2058969,42544,390305,846801,400267,3307733,1489440,742985,1220786,1072631,2008501,1567725,398960,2442742,1534133,1387811,14511,655574,284626,2649588,220711,515361,380950,2510167,699102,742578,5082402,2866528,1081578,1019809,3209843,576006,310605,1199352,268972,1452601,6390503,696212,2204874,20720,179725,1968308,1570598,474100,134800
2021-03-23,231342,994253,680549,17114,1851810,10279020,1451398,1093483,152058,252231,5152128,2059451,43983,396262,852108,403821,3340960,1495417,747131,1231911,1076810,2026414,1594230,401820,2463672,1542418,1398975,14676,656843,284822,2670792,220775,519877,385013,2514665,701349,746550,5195034,2903017,1086326,1032205,3481464,582434,314642,1209308,269800,1461295,6467491,709295,2223428,21238,183362,1982908,1584076,477015,142012
2021-03-24,233037,1019858,694124,17371,1877865,10522002,1475619,1108552,154836,258688,5255602,2121979,45768,404267,860056,409788,3399403,1522442,762289,1249160,1094503,2067842,1632393,402086,2508416,1560304,1423166,14895,666971,290203,2726114,222233,529612,390003,2606788,706947,757829,5288759,2965678,1111515,1044742,3578990,596224,317684,1238605,274493,1495500,6453836,722387,2279224,21824,185840,2008970,1605873,482432,142147
2021-03-25,236062,1048838,710494,17385,1940953,10757446,1510575,1131532,159355,265056,5403866,2179249,47355,410879,877325,418189,3481498,1554964,779552,1271160,1113976,2107488,1671238,414454,2561046,1582691,1452035,15143,679635,296319,2775957,225684,540911,395378,2661886,722460,776760,5378106,3031371,1130532,1067154,3601385,618414,321271,1264061,279590,1531296,6642893,744143,2321609,22554,188433,2046826,1647536,489826,146634
2021-03-26,239599,1072623,730820,17548,1983569,11059981,1551393,1155239,163251,272395,5546514,2256114,49193,420788,896691,428376,3576707,1589654,800279,1300503,1133250,2154775,1717992,427081,2616763,1620242,1472899,15398,680180,303060,2837266,229811,552599,399555,2720391,739270,794374,5509579,3111035,1152719,1095410,3739501,638308,324894,1295089,286727,1573735,6819423,744430,2379184,22961,192146,2097456,1701809,501565,146888
2021-03-27,242733,1098597,747412,17567,2030110,11323197,1591554,1178160,168663,278731,5677465,2326415,49393,421727,921441,439001,3671282,1624867,829687,1327254,1156621,2200864,1757711,435884,2672984,1668646,1501509,15695,703555,310443,2907005,234208,553722,403769,2774867,757700,812950,5654140,3198989,1172868,1120893,3842037,662790,326997,1325671,294506,1612374,6969269,783522,2417271,23450,196126,2142877,1752800,516309,147098
2021-03-28,245355,1108253,763783,17570,2072778,11574081,1639579,1202316,175453,285100,5837452,2401381,50793,422366,942877,448334,3763201,1651837,846744,1347152,1177111,2251089,1791217,446546,2725322,1703543,1529606,16007,704342,316057,2952779,236146,568784,408402,2822580,778035,828805,5761882,3266675,1192525,1141447,3917341,679657,331853,1355018,300563,1647245,7099537,783973,2493161,23731,199645,2188808,1794367,524381,147413
2021-03-29,246515,1113924,769106,17575,2105116,11802833,1664752,1225480,181374,290527,5840928,2447419,52481,439169,956164,452828,3832086,1673593,854185,1365477,1191044,2293964,1813685,452561,2779143,1722919,1544780,16121,722545,317475,2974973,237354,578881,410366,2859012,785813,842620,5861761,3324459,1201827,1158213,3971897,687175,336637,1378779,303587,1669271,7211223,784153,2553135,23754,203266,2232951,1819527,525033,156608
2021-03-30,247097,1134739,772457,17718,2125696,11929476,1692343,1244384,185928,295396,5916809,2465539,52535,444099,962503,454535,3865951,1678147,859214,1373108,1195911,2316988,1842092,455583,2801025,1753301,1550103,16374,724564,318968,2983429,244790,585025,412057,2903068,787206,845896,5935139,3354361,1206550,1169185,4003172,692863,345689,1387610,304480,1677569,7336199,813926,2620816,24315,206956,2250118,1829412,530858,156638
2021-03-31,248711,1155139,788277,17856,2157694,12120118,1720668,1262503,193796,302043,6005354,2515040,54839,450539,970567,460710,3930026,1701299,873196,1386294,1219539,2362261,1884069,461705,2858070,1774794,1568169,16550,734671,327448,3026774,246500,595579,414738,2951563,797952,853774,6051597,3399897,1224792,1187225,4071410,708489,349215,1403522,308289,1711847,7476870,814168,2671921,24921,209145,2272698,1850625,537000,156910
2021-04-01,250378,1184284,803744,17856,2194105,12376871,1756207,1284258,198018,309700,6117321,2584711,55807,455591,987579,469042,4024047,1733418,887503,1407333,1236985,2404819,1923831,472761,2914902,1800657,1591306,16759,735846,333966,3074120,250258,611612,500305,3027313,811808,870382,6110874,3464729,1243871,1211160,4153159,725926,351275,1427425,312907,1751164,7648787,849691,2725247,25494,212105,2309959,1890610,547917,161055
2021-04-02,252586,1211424,822604,18097,2235527,12625303,1792685,1307704,202602,318248,6230063,2659950,57175,461922,1009116,477729,4108995,1771372,928566,1430282,1259048,2458457,1967910,483563,2978177,1839310,1645775,16759,748540,340388,3120714,256513,627449,509351,3103304,828199,883760,6285658,3544121,1268778,1242974,4283487,746318,360199,1458179,318660,1789034,7834308,849980,2796842,25870,216254,2358001,1938854,557107,161277
2021-04-03,254263,1234131,855314,18097,2276832,12935569,1837148,1338982,208953,326506,6343593,2726041,58550,467072,1055869,487864,4207838,1814438,957516,1459286,1277773,2519546,2012202,496443,3044568,1891156,1694322,16998,760076,346534,3206121,261321,628371,545794,3173887,843781,899995,6492009,3635530,1290295,1270002,4383439,759017,364970,1460004,327720,1829918,7968097,898948,2872684,26013,226900,2409702,1990383,566647,161571
2021-04-04,257375,1242706,856162,18099,2312278,13292476,1889755,1365965,214219,332492,6552905,2728898,58622,476114,1056573,499344,4303924,1841749,980566,1482959,1288249,2581225,2045881,508582,3100736,1931620,1724937,17362,770946,352924,3238031,262979,637036,548665,3229559,858547,913961,6624421,3710193,1307768,1297163,4457192,761752,372419,1488232,332349,1853878,8100286,899434,2943103,26021,227068,2464825,2031543,569122,168129
2021-04-05,258376,1248029,861082,18100,2338969,13529603,1908869,1385278,216518,338164,6554477,2791236,58778,480013,1065588,504809,4370004,1863295,988149,1494867,1294498,2628913,2060046,518694,3139123,1959487,1750110,17362,771190,354742,3262431,263818,644910,569781,3266042,863155,924577,6691660,3757736,1315073,1315090,4505442,767642,380555,1500627,334448,1869985,8251415,916927,2975428,26026,232419,2510100,2054787,569655,168177
2021-04-06,258884,1267859,867707,18100,2353075,13636653,1934660,1389383,218769,339803,6610164,2812750,58839,483730,1071526,505495,4385209,1867325,990012,1497649,1294375,2654349,2085932,520473,3154400,1965827,1753880,17645,774420,355446,3274838,264001,651399,570870,3304307,864510,927099,6757369,3782105,1318146,1327236,4528588,769770,389410,1507527,334829,1873046,8370495,926752,3003013,26409,235562,2524995,2057082,572432,168771
2021-04-07,260622,1291487,881099,18598,2378505,13880287,1978286,1414139,220702,344543,6692785,2925480,61319,490371,1080359,511775,4441728,1892991,1013346,1516780,1306217,2700986,2131833,527777,3199731,1997400,1778294,17918,782672,360670,3315897,265144,663367,592585,3373601,868372,937259,6901208,3834469,1335798,1349522,4537537,783425,392794,1528086,338642,1900061,8501525,942460,3048195,26924,238117,2559365,2079944,575884,169020
2021-04-08,263119,1317995,897978,18650,2412162,14123008,2010121,1447944,230713,349683,6887386,2983960,62313,495709,1098646,517824,4529802,1932011,1028901,1541820,1326416,2760594,2178797,540200,3259375,2025504,1811686,18204,793569,368338,3357860,268305,677348,613483,3453842,888767,957169,7034356,3900595,1351773,1372306,4552690,796201,399063,1582840,344121,1938090,8657293,965304,3096648,27636,241043,2606688,2124005,583217,169230
2021-04-09,265468,1344658,911997,18895,2452911,14445185,2046950,1486441,236659,356640,7045431,3055334,63340,502477,1124442,528480,4632713,1976719,1048351,1570018,1346239,2823706,2230189,557286,3326666,2067897,1838162,18433,805698,375820,3405406,271992,699263,637905,3532817,904820,982312,7199856,3979349,1368221,1406840,4607194,807713,403738,1610542,350432,1976283,8883466,993103,3163043,28133,246275,2666750,2177355,590844,169409
2021-04-10,268587,1371201,929582,18895,2494850,14803675,2099453,1519748,244653,362848,7204496,3058311,63481,503280,1157297,537311,4732641,2020564,1071232,1595893,1363546,2891527,2285293,574339,3418037,2097594,1869805,18670,817143,382817,3468529,276426,699806,662538,3619470,920834,1006304,7378953,4051299,1386123,1437634,4926401,827538,412815,1635813,357294,2013257,9143541,1019257,3230909,28483,252500,2719974,2231148,598209,169683
2021-04-11,270838,1382951,944947,19406,2533121,15123816,2143097,1555580,250917,369664,7367260,3060628,64054,510152,1188039,548331,4826744,2059322,1089568,1617017,1379625,2964422,2323927,575892,3491441,2156318,1901428,18904,829854,388207,3528522,278831,710342,692179,3682138,936846,1028619,7527413,4052665,1402339,1473448,4986237,847783,420639,1663746,362791,2049823,9293759,1019689,3294755,28559,258219,2776113,2275717,600905,180223
2021-04-12,272212,1389598,950204,19406,2558747,15320888,2193270,1583584,256132,373330,7477121,3062204,64118,518940,1202244,553741,4910956,2092427,1097450,1623199,1387740,3021548,2326076,577303,3542996,2219065,1931639,18905,830197,390361,3570420,280575,719301,711212,3738568,942879,1045774,7630961,4167028,1410306,1496348,5059892,871637,429419,1681670,364795,2068289,9401590,1019919,3329016,28609,264954,2830574,2311782,601709,180275
2021-04-13,282684,1407463,952900,19408,2579710,15451699,2231953,1603712,260750,377146,7553441,3250068,65745,524641,1208779,556253,4951552,2105438,1102988,1625639,1392126,3065443,2386663,607695,3565157,2237959,1961526,19174,835329,391890,3593888,280650,741364,724874,3797352,944676,1050539,7743155,4184700,1414279,1512819,5129217,880999,443001,1689445,365410,2077688,9522257,1061662,3360106,29222,268952,2862032,2322388,603993,181974
2021-04-14,284110,1426530,965352,19632,2604648,15797249,2276754,1629882,263823,382813,7633413,3290515,66748,533673,1227309,552313,4964094,2109358,1115228,1656702,1397631,3124643,2427307,616642,3609519,2254554,1976497,19445,844054,392616,3642553,281652,753296,732717,3862780,951067,1060196,7856472,4223049,1417964,1534466,5204337,896839,446220,1702386,367699,2087718,9670695,1079644,3405033,29893,273837,2898988,2338649,606808,183741
2021-04-15,284193,1442051,978137,19633,2635334,16125197,2312508,1654786,270051,388589,7768818,3333309,67747,540705,1243854,556985,5041287,2146247,1129765,1677218,1410511,3183694,2467587,629163,3669807,2286384,2000338,19715,851908,397682,3676993,283076,762206,764629,3922518,964280,1078275,7968346,4269197,1428544,1558998,5289073,950431,452697,1717681,370859,2112243,9813128,1097671,3442211,30371,278618,2938944,2361298,610291,183899
2021-04-16,286100,1459377,989656,20247,2663248,16475520,2349784,1689462,275427,394951,7884848,3372331,68499,548900,1258370,563126,5114175,2180239,1147957,1697397,1420282,3239232,2509705,641125,3737661,2321788,2031823,19886,859885,402846,3718123,286317,775900,781912,3977971,975654,1094142,8080703,4317041,1438343,1583802,5385761,970386,461877,1736075,373961,2138487,9942195,1113131,3509424,30774,283986,2976554,2389763,614417,186092
2021-04-17,288040,1476162,999727,20248,2696688,16772771,2382398,1717977,281190,400065,8008113,3411530,69439,554619,1274949,567527,5203597,2209680,1160023,1713280,1430239,3287256,2512904,652021,3802759,2344697,2068176,20227,860361,406579,3762976,287805,776160,788193,4035544,992527,1109751,8184821,4364057,1447491,1610356,5461018,985938,467574,1753929,377436,2160931,10080135,1136107,3557209,31288,284195,3023361,2427720,618208,186241
2021-04-18,290503,1481314,1010421,20248,2725197,17076851,2418793,1744185,288396,405029,8200956,3443914,69441,560693,1288328,572799,5284445,2235127,1169036,1730961,1438593,3333025,2581378,652227,3860219,2380215,2105299,20549,875338,406872,3807889,289263,781202,792262,4082643,1002327,1123822,8322102,4406863,1458109,1637060,5525174,1001449,475139,1769087,380338,2184332,10146230,1136303,3590206,31372,294659,3070660,2460671,618986,186359
2021-04-19,291456,1483779,1013104,20253,2744596,17276173,2447138,1762218,294659,408113,8202494,3471588,69972,563109,1299188,575492,5345138,2249248,1174632,1738564,1443175,3368264,2608494,665622,3879065,2381181,2118112,20549,875596,411620,3838153,289672,789368,793917,4119225,1009080,1132924,8397791,4432951,1469723,1657107,5559900,1010316,483265,1781370,381363,2194500,10245431,1163178,3620627,31386,298921,3111691,2489178,619294,186518
2021-04-20,291921,1494421,1015859,20255,2758177,17416579,2466259,1776427,297607,411326,8254998,3485265,70588,658218,1301823,576960,5378495,2256735,1177349,1741879,1445842,3399207,2634324,668321,3892446,2412353,2122872,20687,878231,412035,3853152,289719,797269,796243,4161478,1010627,1136154,8475925,4451241,1472062,1670343,5618596,1015128,492895,1788637,381723,2201920,10302449,1163254,3658158,31771,302169,3136266,2494539,620371,189818
2021-04-21,294331,1507116,1024343,20341,2780137,17580351,2491259,1793931,301868,417489,8330819,3511811,71783,666712,1309687,580512,5414331,2272992,1184543,1751440,1451415,3443826,2665939,671564,3930114,2432589,2141338,20835,883421,414396,3877123,290336,800637,798857,4209267,1015043,1142561,8552612,4479233,1478450,1685787,5720590,1032452,495955,1796524,382887,2218245,10389002,1174353,3688759,32034,305255,3174012,2505098,623247,189930
2021-04-22,296911,1518928,1033132,20342,2805338,17777363,2518244,1815120,305618,423046,8416172,3538315,72226,676072,1320622,583492,5486321,2293628,1196349,1763720,1458030,3497850,2703216,681926,3977656,2457509,2163123,20999,892394,418158,3904155,291189,808937,800725,4255550,1022968,1152360,8636314,4509033,1484401,1686522,5796239,1056179,503512,1797673,384292,2237492,10477069,1191054,3730515,32182,308465,3214063,2523931,625613,191282
2021-04-23,298047,1531741,1039897,20901,2832476,17946815,2541410,1835971,310555,428683,8496266,3565858,72729,684126,1332458,587763,5551826,2314154,1206150,1776472,1465586,3548972,2739764,689753,4028963,2485545,2182594,21301,897932,421707,3940549,292833,811583,802260,4310474,1030900,1162079,8724403,4548910,1489601,1729523,5912750,1077545,510243,1809407,386737,2254548,10567699,1205933,3778473,32362,310949,3264075,2553420,628685,192173
2021-04-24,299312,1543544,1046195,20902,2859184,18212594,2542919,1858560,315394,433501,8561469,3592667,73202,694910,1344446,591197,5618182,2334098,1212818,1788213,1472582,3604461,2767167,698363,4073953,2498179,2195260,21428,898385,424582,3972578,294090,813461,804407,4362697,1039283,1172829,8812307,4578637,1497014,1754218,6011913,1101867,520408,1820274,388763,2269505,10668749,1218193,3828270,32555,315912,3305388,2576863,631298,192278
