date,All-pd,All-pt,Male-pd,Male-pt,Female-pd,Female-pt,Fraser-pd,Fraser-pt,Interior-pd,Interior-pt,Northern-pd,Northern-pt,Out of Canada-pd,Out of Canada-pt,Vancouver Coastal-pd,Vancouver Coastal-pt,Vancouver Island-pd,Vancouver Island-pt,40-49-pd,40-49-pt,50-59-pd,50-59-pt,20-29-pd,20-29-pt,30-39-pd,30-39-pt,60-69-pd,60-69-pt,80-89-pd,80-89-pt,70-79-pd,70-79-pt,10-19-pd,10-19-pt,90+-pd,90+-pt,<10-pd,<10-pt,Unknown-pd,Unknown-pt
2020-03-01,0,7,0,3,0,4,0,2,0,1,0,0,0,3,0,1,0,0,0,2,0,1,0,1,0,3,0,0,0,0,0,0,0,0,0,0,0,0,0,0
2020-03-02,0,7,0,3,0,4,0,2,0,1,0,0,0,3,0,1,0,0,0,2,0,1,0,1,0,3,0,0,0,0,0,0,0,0,0,0,0,0,0,0
2020-03-03,5,12,2,5,3,7,1,3,0,1,0,0,0,3,4,5,0,0,0,2,1,2,0,1,1,4,2,2,1,1,0,0,0,0,0,0,0,0,0,0
2020-03-04,0,12,0,5,0,7,0,3,0,1,0,0,0,3,0,5,0,0,0,2,0,2,0,1,0,4,0,2,0,1,0,0,0,0,0,0,0,0,0,0
2020-03-05,8,20,3,8,5,12,1,4,0,1,0,0,3,6,4,9,0,0,0,2,5,7,1,2,1,5,1,3,0,1,0,0,0,0,0,0,0,0,0,0
2020-03-06,7,27,3,11,4,16,4,8,0,1,0,0,0,6,3,12,0,0,0,2,2,9,0,2,0,5,3,6,1,2,1,1,0,0,0,0,0,0,0,0
2020-03-07,1,28,1,12,0,16,0,8,0,1,0,0,0,6,1,13,0,0,0,2,0,9,0,2,1,6,0,6,0,2,0,1,0,0,0,0,0,0,0,0
2020-03-08,4,32,2,14,2,18,3,11,0,1,1,1,0,6,0,13,0,0,1,3,1,10,0,2,0,6,1,7,0,2,0,1,1,1,0,0,0,0,0,0
2020-03-09,3,35,1,15,2,20,0,11,0,1,1,2,0,6,2,15,0,0,0,3,1,11,0,2,1,7,0,7,0,2,1,2,0,1,0,0,0,0,0,0
2020-03-10,10,45,7,22,3,23,5,16,0,1,0,2,0,6,4,19,1,1,2,5,2,13,0,2,0,7,3,10,0,2,1,3,0,1,2,2,0,0,0,0
2020-03-11,16,61,9,31,7,30,3,19,0,1,0,2,0,6,13,32,0,1,5,10,2,15,1,3,1,8,2,12,1,3,3,6,0,1,1,3,0,0,0,0
2020-03-12,8,69,2,33,6,36,0,19,0,1,0,2,0,6,8,40,0,1,1,11,4,19,0,3,2,10,0,12,0,3,0,6,1,2,0,3,0,0,0,0
2020-03-13,16,85,8,41,8,44,1,20,0,1,0,2,0,6,14,54,1,2,1,12,4,23,2,5,4,14,4,16,1,4,0,6,0,2,0,3,0,0,0,0
2020-03-14,28,113,11,52,17,61,6,26,0,1,1,3,0,6,18,72,3,5,2,14,7,30,4,9,4,18,1,17,5,9,4,10,0,2,1,4,0,0,0,0
2020-03-15,29,142,18,70,11,72,10,36,2,3,0,3,0,6,14,86,3,8,2,16,5,35,1,10,7,25,5,22,3,12,3,13,0,2,3,7,0,0,0,0
2020-03-16,47,189,20,90,27,99,12,48,2,5,1,4,1,7,26,112,5,13,8,24,11,46,4,14,5,30,5,27,4,16,6,19,0,2,4,11,0,0,0,0
2020-03-17,50,239,18,108,32,131,24,72,0,5,0,4,0,7,24,136,2,15,10,34,6,52,5,19,5,35,5,32,5,21,6,25,1,3,7,18,0,0,0,0
2020-03-18,48,287,26,134,22,153,13,85,1,6,0,4,0,7,27,163,7,22,10,44,5,57,6,25,7,42,4,36,5,26,7,32,2,5,1,19,1,1,0,0
2020-03-19,57,344,18,152,39,192,14,99,5,11,0,4,1,8,29,192,8,30,9,53,7,64,5,30,13,55,17,53,3,29,1,33,0,5,1,20,1,2,0,0
2020-03-20,63,407,24,176,39,231,23,122,6,17,0,4,0,8,29,221,5,35,13,66,13,77,7,37,18,73,8,61,1,30,3,36,0,5,0,20,0,2,0,0
2020-03-21,74,481,35,211,39,270,33,155,3,20,1,5,1,9,34,255,2,37,9,75,14,91,4,41,11,84,11,72,10,40,14,50,1,6,0,20,0,2,0,0
2020-03-22,52,533,22,233,30,300,17,172,9,29,0,5,0,9,21,276,5,42,5,80,11,102,6,47,12,96,8,80,1,41,8,58,0,6,0,20,1,3,0,0
2020-03-23,54,587,28,261,26,326,22,194,4,33,1,6,0,9,26,302,1,43,11,91,10,112,5,52,11,107,4,84,6,47,2,60,0,6,5,25,0,3,0,0
2020-03-24,64,651,26,287,38,364,17,211,17,50,2,8,2,11,23,325,3,46,10,101,15,127,4,56,14,121,7,91,4,51,9,69,0,6,1,26,0,3,0,0
2020-03-25,81,732,39,326,42,406,23,234,7,57,1,9,0,11,45,370,5,51,12,113,17,144,5,61,14,135,8,99,8,59,13,82,1,7,3,29,0,3,0,0
2020-03-26,68,800,33,359,35,441,33,267,10,67,2,11,0,11,18,388,5,56,14,127,10,154,7,68,11,146,11,110,4,63,9,91,0,7,1,30,1,4,0,0
2020-03-27,61,861,23,382,38,479,27,294,3,70,0,11,0,11,28,416,3,59,5,132,15,169,4,72,12,158,10,120,6,69,6,97,0,7,3,33,0,4,0,0
2020-03-28,66,927,26,408,40,519,27,321,8,78,2,13,0,11,23,439,6,65,11,143,13,182,6,78,12,170,10,130,6,75,5,102,3,10,0,33,0,4,0,0
2020-03-29,46,973,22,430,24,543,18,339,6,84,0,13,0,11,22,461,0,65,4,147,8,190,3,81,7,177,9,139,3,78,7,109,0,10,5,38,0,4,0,0
2020-03-30,50,1023,22,452,28,571,19,358,5,89,2,15,0,11,23,484,1,66,4,151,11,201,4,85,9,186,7,146,5,83,6,115,0,10,4,42,0,4,0,0
2020-03-31,58,1081,36,488,22,593,17,375,17,106,1,16,1,12,17,501,5,71,14,165,12,213,2,87,11,197,8,154,4,87,6,121,0,10,1,43,0,4,0,0
2020-04-01,53,1134,25,513,28,621,22,397,8,114,1,17,0,12,22,523,0,71,10,175,14,227,1,88,10,207,8,162,3,90,2,123,0,10,5,48,0,4,0,0
2020-04-02,46,1180,20,533,26,647,20,417,2,116,4,21,0,12,18,541,2,73,4,179,9,236,5,93,6,213,9,171,7,97,3,126,0,10,3,51,0,4,0,0
2020-04-03,37,1217,18,551,19,666,16,433,5,121,0,21,0,12,13,554,3,76,5,184,6,242,3,96,2,215,5,176,5,102,10,136,0,10,1,52,0,4,0,0
2020-04-04,29,1246,14,565,15,681,12,445,0,121,1,22,0,12,13,567,3,79,3,187,6,248,2,98,0,215,5,181,4,106,7,143,0,10,2,54,0,4,0,0
2020-04-05,15,1261,4,569,11,692,6,451,1,122,1,23,0,12,7,574,0,79,2,189,3,251,1,99,1,216,2,183,4,110,2,145,0,10,0,54,0,4,0,0
2020-04-06,49,1310,25,594,24,716,24,475,0,122,0,23,0,12,25,599,0,79,7,196,7,258,1,100,5,221,10,193,5,115,8,153,0,10,6,60,0,4,0,0
2020-04-07,34,1344,19,613,15,731,22,497,1,123,0,23,0,12,9,608,2,81,6,202,3,261,3,103,7,228,5,198,2,117,5,158,0,10,3,63,0,4,0,0
2020-04-08,31,1375,19,632,12,743,19,516,0,123,1,24,0,12,10,618,1,82,5,207,6,267,1,104,6,234,5,203,4,121,2,160,0,10,2,65,0,4,0,0
2020-04-09,44,1419,21,653,23,766,31,547,3,126,2,26,0,12,6,624,2,84,10,217,8,275,6,110,7,241,4,207,5,126,2,162,1,11,1,66,0,4,0,0
2020-04-10,30,1449,15,668,15,781,16,563,2,128,0,26,0,12,12,636,0,84,3,220,11,286,0,110,5,246,5,212,3,129,1,163,0,11,2,68,0,4,0,0
2020-04-11,21,1470,9,677,12,793,14,577,1,129,0,26,0,12,4,640,2,86,1,221,4,290,2,112,2,248,5,217,3,132,2,165,0,11,2,70,0,4,0,0
2020-04-12,17,1487,10,687,7,800,13,590,1,130,0,26,0,12,2,642,1,87,4,225,3,293,1,113,1,249,4,221,2,134,1,166,1,12,0,70,0,4,0,0
2020-04-13,28,1515,13,700,15,815,11,601,3,133,2,28,0,12,10,652,2,89,5,230,5,298,2,115,3,252,2,223,1,135,7,173,1,13,2,72,0,4,0,0
2020-04-14,40,1555,26,726,14,829,17,618,5,138,3,31,0,12,12,664,3,92,5,235,7,305,2,117,8,260,6,229,3,138,5,178,0,13,1,73,3,7,0,0
2020-04-15,25,1580,13,739,12,841,19,637,2,140,1,32,0,12,1,665,2,94,5,240,5,310,6,123,4,264,1,230,1,139,2,180,0,13,1,74,0,7,0,0
2020-04-16,38,1618,27,766,11,852,25,662,2,142,1,33,0,12,10,675,0,94,3,243,8,318,8,131,9,273,2,232,3,142,2,182,0,13,3,77,0,7,0,0
2020-04-17,23,1641,11,777,12,864,12,674,1,143,1,34,0,12,6,681,3,97,2,245,9,327,3,134,2,275,1,233,1,143,2,184,0,13,2,79,1,8,0,0
2020-04-18,25,1666,9,786,16,880,6,680,1,144,5,39,0,12,9,690,4,101,1,246,4,331,2,136,4,279,2,235,2,145,4,188,1,14,5,84,0,8,0,0
2020-04-19,21,1687,14,800,7,887,9,689,5,149,1,40,0,12,5,695,1,102,5,251,2,333,1,137,3,282,2,237,1,146,3,191,2,16,2,86,0,8,0,0
2020-04-20,44,1731,19,819,25,912,31,720,1,150,0,40,0,12,5,700,7,109,3,254,9,342,5,142,10,292,4,241,6,152,2,193,1,17,4,90,0,8,0,0
2020-04-21,54,1785,25,844,29,941,17,737,1,151,0,40,1,13,35,735,0,109,7,261,19,361,3,145,5,297,8,249,6,158,2,195,1,18,3,93,0,8,0,0
2020-04-22,30,1815,12,856,18,959,12,749,6,157,1,41,0,13,9,744,2,111,12,273,2,363,1,146,5,302,2,251,3,161,0,195,2,20,1,94,2,10,0,0
2020-04-23,61,1876,43,899,18,977,41,790,2,159,0,41,2,15,12,756,4,115,11,284,16,379,9,155,10,312,8,259,2,163,3,198,0,20,2,96,0,10,0,0
2020-04-24,71,1947,41,940,30,1007,56,846,3,162,0,41,1,16,10,766,1,116,12,296,13,392,13,168,17,329,4,263,4,167,2,200,3,23,3,99,0,10,0,0
2020-04-25,32,1979,14,954,18,1025,11,857,2,164,0,41,0,16,18,784,1,117,6,302,6,398,4,172,3,332,3,266,4,171,1,201,2,25,3,102,0,10,0,0
2020-04-26,26,2005,13,967,13,1038,20,877,4,168,0,41,0,16,1,785,1,118,2,304,9,407,6,178,3,335,1,267,1,172,0,201,2,27,0,102,2,12,0,0
2020-04-27,56,2061,27,994,29,1067,36,913,0,168,3,44,1,17,13,798,3,121,8,312,10,417,9,187,12,347,6,273,1,173,3,204,6,33,0,102,1,13,0,0
2020-04-28,29,2090,11,1005,18,1085,22,935,1,169,1,45,0,17,4,802,1,122,7,319,4,421,3,190,3,350,7,280,2,175,1,205,0,33,1,103,1,14,0,0
2020-04-29,30,2120,15,1020,15,1100,24,959,3,172,0,45,0,17,3,805,0,122,4,323,6,427,3,193,8,358,4,284,2,177,2,207,0,33,0,103,1,15,0,0
2020-04-30,29,2149,14,1034,15,1115,11,970,5,177,3,48,0,17,9,814,1,123,6,329,8,435,9,202,2,360,2,286,0,177,2,209,0,33,0,103,0,15,0,0
2020-05-01,34,2183,16,1050,18,1133,27,997,0,177,0,48,1,18,4,818,2,125,8,337,2,437,9,211,8,368,3,289,0,177,1,210,1,34,0,103,2,17,0,0
2020-05-02,23,2206,15,1065,8,1141,11,1008,1,178,1,49,0,18,9,827,1,126,2,339,3,440,4,215,5,373,4,293,3,180,0,210,1,35,1,104,0,17,0,0
2020-05-03,18,2224,10,1075,8,1149,11,1019,0,178,1,50,1,19,5,832,0,126,4,343,2,442,2,217,3,376,1,294,3,183,1,211,1,36,1,105,0,17,0,0
2020-05-04,24,2248,9,1084,15,1164,21,1040,0,178,0,50,1,20,2,834,0,126,1,344,6,448,3,220,7,383,1,295,2,185,1,212,0,36,0,105,3,20,0,0
2020-05-05,25,2273,12,1096,13,1177,16,1056,1,179,3,53,0,20,5,839,0,126,2,346,5,453,2,222,7,390,4,299,3,188,0,212,2,38,0,105,0,20,0,0
2020-05-06,16,2289,5,1101,11,1188,7,1063,1,180,0,53,0,20,8,847,0,126,2,348,4,457,2,224,1,391,3,302,0,188,1,213,0,38,2,107,1,21,0,0
2020-05-07,24,2313,8,1109,16,1204,14,1077,1,181,1,54,0,20,7,854,1,127,4,352,3,460,3,227,4,395,1,303,1,189,3,216,1,39,2,109,2,23,0,0
2020-05-08,14,2327,7,1116,7,1211,10,1087,0,181,1,55,0,20,3,857,0,127,0,352,1,461,2,229,4,399,1,304,0,189,2,218,2,41,1,110,1,24,0,0
2020-05-09,13,2340,8,1124,5,1216,13,1100,0,181,0,55,0,20,0,857,0,127,2,354,4,465,1,230,1,400,0,304,2,191,2,220,1,42,0,110,0,24,0,0
2020-05-10,13,2353,9,1133,4,1220,7,1107,4,185,1,56,0,20,1,858,0,127,3,357,0,465,2,232,5,405,0,304,2,193,1,221,0,42,0,110,0,24,0,0
2020-05-11,12,2365,6,1139,6,1226,10,1117,0,185,0,56,0,20,2,860,0,127,2,359,1,466,1,233,0,405,1,305,5,198,1,222,0,42,1,111,0,24,0,0
2020-05-12,10,2375,6,1145,4,1230,6,1123,2,187,0,56,0,20,2,862,0,127,3,362,2,468,0,233,1,406,1,306,0,198,2,224,1,43,0,111,0,24,0,0
2020-05-13,24,2399,11,1156,13,1243,22,1145,0,187,1,57,1,21,0,862,0,127,4,366,2,470,0,233,0,406,2,308,8,206,3,227,0,43,5,116,0,24,0,0
2020-05-14,8,2407,4,1160,4,1247,8,1153,0,187,0,57,0,21,0,862,0,127,1,367,0,470,2,235,1,407,2,310,0,206,1,228,1,44,0,116,0,24,0,0
2020-05-15,18,2425,4,1164,14,1261,17,1170,0,187,1,58,0,21,0,862,0,127,2,369,2,472,2,237,1,408,0,310,3,209,2,230,0,44,5,121,1,25,0,0
2020-05-16,11,2436,5,1169,6,1267,6,1176,0,187,1,59,0,21,4,866,0,127,1,370,1,473,1,238,3,411,3,313,0,209,1,231,0,44,1,122,0,25,0,0
2020-05-17,9,2445,4,1173,5,1272,6,1182,0,187,0,59,1,22,2,868,0,127,2,372,2,475,3,241,0,411,2,315,0,209,0,231,0,44,0,122,0,25,0,0
2020-05-18,10,2455,5,1178,5,1277,8,1190,0,187,0,59,1,23,1,869,0,127,0,372,2,477,3,244,4,415,0,315,0,209,1,232,0,44,0,122,0,25,0,0
2020-05-19,14,2469,10,1188,4,1281,11,1201,2,189,0,59,1,24,0,869,0,127,3,375,0,477,2,246,3,418,1,316,2,211,2,234,1,45,0,122,0,25,0,0
2020-05-20,13,2482,7,1195,6,1287,10,1211,2,191,0,59,1,25,0,869,0,127,0,375,6,483,0,246,3,421,0,316,0,211,2,236,1,46,0,122,1,26,0,0
2020-05-21,23,2505,15,1210,8,1295,15,1226,1,192,2,61,0,25,3,872,2,129,9,384,1,484,4,250,6,427,1,317,0,211,0,236,2,48,0,122,0,26,0,0
2020-05-22,8,2513,6,1216,2,1297,6,1232,0,192,0,61,0,25,1,873,1,130,1,385,1,485,4,254,1,428,0,317,0,211,1,237,0,48,0,122,0,26,0,0
2020-05-23,8,2521,4,1220,4,1301,6,1238,0,192,0,61,0,25,2,875,0,130,2,387,0,485,1,255,2,430,0,317,0,211,1,238,1,49,1,123,0,26,0,0
2020-05-24,10,2531,3,1223,7,1308,8,1246,0,192,0,61,2,27,0,875,0,130,3,390,0,485,2,257,2,432,0,317,0,211,0,238,1,50,0,123,0,26,2,2
2020-05-25,7,2538,2,1225,5,1313,6,1252,0,192,0,61,0,27,1,876,0,130,1,391,1,486,2,259,0,432,0,317,1,212,0,238,0,50,2,125,0,26,0,2
2020-05-26,5,2543,2,1227,3,1316,4,1256,0,192,1,62,0,27,0,876,0,130,0,391,2,488,0,259,1,433,1,318,0,212,0,238,0,50,1,126,0,26,0,2
2020-05-27,9,2552,4,1231,5,1321,6,1262,1,193,0,62,0,27,2,878,0,130,1,392,1,489,3,262,2,435,0,318,0,212,1,239,0,50,1,127,0,26,0,2
2020-05-28,9,2561,3,1234,6,1327,9,1271,0,193,0,62,0,27,0,878,0,130,1,393,0,489,2,264,2,437,1,319,0,212,1,240,0,50,1,128,1,27,0,2
2020-05-29,12,2573,6,1240,6,1333,9,1280,0,193,1,63,0,27,2,880,0,130,0,393,2,491,4,268,4,441,0,319,1,213,0,240,0,50,0,128,1,28,0,2
2020-05-30,12,2585,7,1247,5,1338,12,1292,0,193,0,63,0,27,0,880,0,130,2,395,2,493,3,271,3,444,1,320,0,213,0,240,1,51,0,128,0,28,0,2
2020-05-31,10,2595,5,1252,5,1343,8,1300,0,193,0,63,0,27,2,882,0,130,2,397,1,494,3,274,1,445,1,321,0,213,0,240,0,51,0,128,2,30,0,2
2020-06-01,12,2607,6,1258,6,1349,12,1312,0,193,0,63,0,27,0,882,0,130,1,398,3,497,6,280,0,445,0,321,0,213,1,241,0,51,0,128,1,31,0,2
2020-06-02,13,2620,8,1266,5,1354,11,1323,0,193,0,63,0,27,2,884,0,130,2,400,2,499,2,282,3,448,1,322,0,213,1,242,1,52,0,128,1,32,0,2
2020-06-03,3,2623,3,1269,0,1354,3,1326,0,193,0,63,0,27,0,884,0,130,1,401,1,500,0,282,0,448,0,322,0,213,0,242,1,53,0,128,0,32,0,2
2020-06-04,9,2632,4,1273,5,1359,9,1335,0,193,0,63,0,27,0,884,0,130,0,401,4,504,1,283,3,451,0,322,0,213,0,242,1,54,0,128,0,32,0,2
2020-06-05,5,2637,2,1275,3,1362,5,1340,0,193,0,63,0,27,0,884,0,130,0,401,1,505,0,283,2,453,0,322,0,213,0,242,1,55,0,128,1,33,0,2
2020-06-06,11,2648,5,1280,6,1368,10,1350,0,193,0,63,1,28,0,884,0,130,0,401,1,506,3,286,2,455,2,324,1,214,2,244,0,55,0,128,0,33,0,2
2020-06-07,8,2656,5,1285,3,1371,8,1358,0,193,0,63,0,28,0,884,0,130,1,402,0,506,4,290,0,455,2,326,0,214,0,244,0,55,0,128,1,34,0,2
2020-06-08,6,2662,4,1289,2,1373,4,1362,0,193,1,64,0,28,1,885,0,130,0,402,0,506,1,291,3,458,0,326,0,214,0,244,0,55,0,128,2,36,0,2
2020-06-09,15,2677,6,1295,9,1382,11,1373,0,193,0,64,0,28,4,889,0,130,1,403,2,508,3,294,0,458,4,330,2,216,0,244,2,57,0,128,1,37,0,2
2020-06-10,18,2695,10,1305,8,1390,13,1386,0,193,0,64,3,31,2,891,0,130,2,405,3,511,6,300,2,460,1,331,1,217,1,245,1,58,0,128,1,38,0,2
2020-06-11,12,2707,8,1313,4,1394,4,1390,1,194,0,64,2,33,5,896,0,130,4,409,3,514,0,300,1,461,0,331,2,219,0,245,0,58,1,129,0,38,1,3
2020-06-12,16,2723,3,1316,13,1407,11,1401,0,194,0,64,0,33,5,901,0,130,2,411,1,515,3,303,1,462,0,331,2,221,4,249,2,60,1,130,0,38,0,3
2020-06-13,15,2738,9,1325,6,1413,10,1411,0,194,0,64,1,34,4,905,0,130,2,413,1,516,2,305,3,465,2,333,2,223,2,251,1,61,0,130,0,38,0,3
2020-06-14,7,2745,3,1328,4,1417,4,1415,0,194,0,64,1,35,2,907,0,130,0,413,1,517,3,308,1,466,0,333,1,224,0,251,0,61,1,131,0,38,0,3
2020-06-15,8,2753,1,1329,7,1424,5,1420,0,194,0,64,0,35,3,910,0,130,1,414,0,517,2,310,1,467,0,333,1,225,2,253,0,61,1,132,0,38,0,3
2020-06-16,23,2776,14,1343,9,1433,15,1435,1,195,0,64,2,37,5,915,0,130,1,415,5,522,4,314,4,471,1,334,2,227,3,256,2,63,0,132,1,39,0,3
2020-06-17,6,2782,3,1346,3,1436,3,1438,0,195,0,64,1,38,2,917,0,130,0,415,1,523,1,315,0,471,0,334,0,227,3,259,0,63,1,133,0,39,0,3
2020-06-18,6,2788,3,1349,3,1439,5,1443,0,195,0,64,0,38,1,918,0,130,2,417,0,523,1,316,1,472,0,334,0,227,0,259,0,63,2,135,0,39,0,3
2020-06-19,7,2795,5,1354,2,1441,4,1447,1,196,0,64,0,38,1,919,1,131,2,419,1,524,2,318,1,473,0,334,0,227,0,259,1,64,0,135,0,39,0,3
2020-06-20,8,2803,4,1358,4,1445,7,1454,1,197,0,64,0,38,0,919,0,131,2,421,2,526,1,319,2,475,0,334,0,227,0,259,1,65,0,135,0,39,0,3
2020-06-21,19,2822,11,1369,8,1453,15,1469,0,197,0,64,1,39,3,922,0,131,1,422,5,531,3,322,2,477,1,335,2,229,0,259,3,68,1,136,1,40,0,3
2020-06-22,9,2831,4,1373,5,1458,5,1474,0,197,0,64,1,40,3,925,0,131,2,424,1,532,0,322,1,478,0,335,0,229,1,260,0,68,3,139,1,41,0,3
2020-06-23,19,2850,8,1381,11,1469,17,1491,0,197,0,64,0,40,2,927,0,131,2,426,3,535,4,326,2,480,0,335,2,231,2,262,3,71,1,140,0,41,0,3
2020-06-24,19,2869,10,1391,9,1478,11,1502,0,197,0,64,1,41,7,934,0,131,1,427,0,535,5,331,10,490,1,336,0,231,0,262,0,71,2,142,0,41,0,3
2020-06-25,7,2876,3,1394,4,1482,6,1508,0,197,0,64,0,41,1,935,0,131,0,427,2,537,2,333,1,491,2,338,0,231,0,262,0,71,0,142,0,41,0,3
2020-06-26,10,2886,4,1398,6,1488,5,1513,1,198,0,64,2,43,2,937,0,131,2,429,0,537,3,336,1,492,0,338,0,231,1,263,1,72,1,143,0,41,1,4
2020-06-27,11,2897,4,1402,7,1495,7,1520,0,198,0,64,0,43,4,941,0,131,0,429,0,537,3,339,1,493,1,339,2,233,0,263,0,72,2,145,2,43,0,4
2020-06-28,8,2905,4,1406,4,1499,6,1526,0,198,0,64,0,43,2,943,0,131,4,433,0,537,1,340,2,495,0,339,1,234,0,263,0,72,0,145,0,43,0,4
2020-06-29,8,2913,4,1410,4,1503,5,1531,0,198,0,64,0,43,2,945,1,132,2,435,1,538,1,341,1,496,0,339,0,234,0,263,3,75,0,145,0,43,0,4
2020-06-30,15,2928,8,1418,7,1510,8,1539,0,198,0,64,1,44,5,950,1,133,2,437,2,540,3,344,4,500,0,339,1,235,0,263,1,76,1,146,1,44,0,4
2020-07-01,11,2939,6,1424,5,1515,8,1547,1,199,0,64,1,45,1,951,0,133,2,439,0,540,2,346,3,503,0,339,0,235,0,263,1,77,0,146,3,47,0,4
2020-07-02,9,2948,5,1429,4,1519,2,1549,1,200,0,64,1,46,5,956,0,133,1,440,1,541,4,350,0,503,0,339,2,237,0,263,1,78,0,146,0,47,0,4
2020-07-03,14,2962,8,1437,6,1525,9,1558,1,201,0,64,1,47,3,959,0,133,0,440,2,543,4,354,3,506,1,340,0,237,1,264,1,79,0,146,2,49,0,4
2020-07-04,14,2976,3,1440,11,1536,8,1566,0,201,0,64,1,48,5,964,0,133,4,444,2,545,3,357,3,509,2,342,0,237,0,264,0,79,0,146,0,49,0,4
2020-07-05,7,2983,4,1444,3,1539,1,1567,0,201,0,64,1,49,5,969,0,133,1,445,1,546,1,358,1,510,0,342,0,237,0,264,2,81,1,147,0,49,0,4
2020-07-06,11,2994,3,1447,8,1547,10,1577,0,201,0,64,0,49,1,970,0,133,2,447,1,547,3,361,0,510,2,344,1,238,1,265,1,82,0,147,0,49,0,4
2020-07-07,18,3012,11,1458,7,1554,11,1588,1,202,0,64,0,49,6,976,0,133,2,449,2,549,6,367,3,513,0,344,1,239,2,267,2,84,0,147,0,49,0,4
2020-07-08,18,3030,8,1466,10,1564,12,1600,0,202,0,64,0,49,6,982,0,133,1,450,2,551,10,377,3,516,0,344,0,239,1,268,1,85,0,147,0,49,0,4
2020-07-09,20,3050,8,1474,12,1576,13,1613,2,204,0,64,0,49,3,985,2,135,1,451,3,554,3,380,3,519,2,346,1,240,0,268,6,91,0,147,1,50,0,4
2020-07-10,28,3078,17,1491,11,1587,14,1627,3,207,0,64,0,49,11,996,0,135,2,453,2,556,15,395,5,524,1,347,0,240,2,270,1,92,0,147,0,50,0,4
2020-07-11,22,3100,6,1497,16,1603,12,1639,1,208,0,64,0,49,9,1005,0,135,4,457,2,558,4,399,6,530,1,348,1,241,0,270,3,95,0,147,1,51,0,4
2020-07-12,18,3118,8,1505,10,1613,8,1647,1,209,0,64,0,49,9,1014,0,135,3,460,3,561,3,402,4,534,2,350,1,242,0,270,1,96,1,148,0,51,0,4
2020-07-13,13,3131,7,1512,6,1619,8,1655,2,211,0,64,1,50,2,1016,0,135,4,464,4,565,3,405,1,535,0,350,0,242,1,271,0,96,0,148,0,51,0,4
2020-07-14,22,3153,11,1523,11,1630,9,1664,6,217,0,64,0,50,7,1023,0,135,0,464,3,568,5,410,4,539,4,354,1,243,2,273,3,99,0,148,0,51,0,4
2020-07-15,33,3186,18,1541,15,1645,8,1672,17,234,2,66,0,50,5,1028,1,136,1,465,4,572,15,425,5,544,5,359,1,244,0,273,2,101,0,148,0,51,0,4
2020-07-16,31,3217,16,1557,15,1660,6,1678,21,255,1,67,0,50,3,1031,0,136,6,471,1,573,13,438,7,551,2,361,0,244,0,273,2,103,0,148,0,51,0,4
2020-07-17,33,3250,16,1573,17,1677,14,1692,11,266,1,68,0,50,7,1038,0,136,3,474,4,577,12,450,7,558,1,362,0,244,2,275,1,104,0,148,1,52,2,6
2020-07-18,26,3276,8,1581,18,1695,12,1704,11,277,0,68,2,52,1,1039,0,136,1,475,4,581,13,463,4,562,0,362,0,244,1,276,2,106,0,148,1,53,0,6
2020-07-19,31,3307,14,1595,17,1712,16,1720,9,286,0,68,1,53,1,1040,4,140,4,479,4,585,13,476,3,565,2,364,2,246,0,276,2,108,0,148,1,54,0,6
2020-07-20,30,3337,20,1615,10,1722,11,1731,11,297,0,68,2,55,6,1046,0,140,4,483,3,588,9,485,8,573,2,366,1,247,1,277,1,109,0,148,1,55,0,6
2020-07-21,30,3367,18,1633,12,1734,14,1745,10,307,0,68,0,55,5,1051,1,141,5,488,1,589,8,493,5,578,1,367,1,248,1,278,3,112,1,149,4,59,0,6
2020-07-22,35,3402,18,1651,17,1751,12,1757,10,317,8,76,2,57,2,1053,1,142,3,491,4,593,11,504,10,588,1,368,1,249,2,280,3,115,0,149,0,59,0,6
2020-07-23,32,3434,13,1664,19,1770,11,1768,10,327,3,79,0,57,8,1061,0,142,3,494,2,595,9,513,7,595,6,374,3,252,1,281,0,115,0,149,0,59,1,7
2020-07-24,27,3461,18,1682,9,1779,5,1773,19,346,0,79,1,58,2,1063,0,142,3,497,3,598,10,523,3,598,0,374,1,253,1,282,4,119,0,149,2,61,0,7
2020-07-25,22,3483,13,1695,9,1788,13,1786,6,352,0,79,1,59,2,1065,0,142,2,499,4,602,9,532,1,599,1,375,0,253,0,282,5,124,0,149,0,61,0,7
2020-07-26,21,3504,7,1702,14,1802,14,1800,4,356,1,80,0,59,1,1066,1,143,6,505,3,605,3,535,2,601,4,379,0,253,0,282,2,126,0,149,1,62,0,7
2020-07-27,20,3524,9,1711,11,1813,12,1812,5,361,0,80,0,59,3,1069,0,143,6,511,3,608,4,539,3,604,0,379,0,253,0,282,4,130,0,149,0,62,0,7
2020-07-28,53,3577,21,1732,32,1845,40,1852,2,363,6,86,1,60,4,1073,0,143,8,519,2,610,11,550,13,617,8,387,0,253,2,284,7,137,0,149,1,63,1,8
2020-07-29,21,3598,6,1738,15,1860,13,1865,5,368,0,86,0,60,3,1076,0,143,1,520,1,611,10,560,0,617,3,390,0,253,1,285,4,141,0,149,1,64,0,8
2020-07-30,46,3644,29,1767,17,1877,27,1892,4,372,0,86,2,62,12,1088,1,144,5,525,5,616,16,576,15,632,2,392,0,253,0,285,1,142,0,149,2,66,0,8
2020-07-31,44,3688,14,1781,30,1907,22,1914,2,374,2,88,0,62,18,1106,0,144,6,531,1,617,10,586,13,645,0,392,0,253,0,285,5,147,0,149,4,70,5,13
2020-08-01,47,3735,30,1811,17,1924,33,1947,2,376,3,91,0,62,9,1115,0,144,11,542,2,619,16,602,9,654,1,393,0,253,0,285,4,151,0,149,4,74,0,13
2020-08-02,42,3777,24,1835,18,1942,30,1977,3,379,0,91,1,63,6,1121,2,146,3,545,4,623,18,620,12,666,0,393,0,253,0,285,2,153,1,150,2,76,0,13
2020-08-03,35,3812,19,1854,16,1958,24,2001,4,383,0,91,1,64,6,1127,0,146,5,550,4,627,10,630,9,675,2,395,0,253,0,285,5,158,0,150,0,76,0,13
2020-08-04,36,3848,19,1873,17,1975,17,2018,4,387,0,91,1,65,14,1141,0,146,5,555,3,630,14,644,4,679,4,399,1,254,0,285,3,161,0,150,2,78,0,13
2020-08-05,42,3890,29,1902,13,1988,26,2044,3,390,0,91,3,68,10,1151,0,146,6,561,5,635,11,655,14,693,1,400,0,254,3,288,1,162,0,150,1,79,0,13
2020-08-06,55,3945,35,1937,20,2008,28,2072,1,391,2,93,0,68,23,1174,1,147,2,563,9,644,25,680,11,704,0,400,0,254,0,288,5,167,0,150,3,82,0,13
2020-08-07,42,3987,24,1961,18,2026,27,2099,1,392,0,93,0,68,14,1188,0,147,4,567,2,646,17,697,13,717,2,402,0,254,0,288,3,170,1,151,0,82,0,13
2020-08-08,43,4030,24,1985,19,2045,21,2120,1,393,2,95,0,68,18,1206,1,148,8,575,4,650,15,712,11,728,1,403,1,255,0,288,0,170,0,151,3,85,0,13
2020-08-09,41,4071,15,2000,26,2071,19,2139,0,393,1,96,2,70,19,1225,0,148,6,581,4,654,16,728,8,736,3,406,1,256,0,288,1,171,2,153,0,85,0,13
2020-08-10,63,4134,34,2034,29,2100,42,2181,2,395,4,100,0,70,15,1240,0,148,10,591,7,661,25,753,8,744,2,408,2,258,1,289,3,174,0,153,5,90,0,13
2020-08-11,76,4210,37,2071,39,2139,33,2214,1,396,1,101,0,70,39,1279,2,150,10,601,6,667,24,777,26,770,3,411,0,258,1,290,2,176,1,154,3,93,0,13
2020-08-12,83,4293,42,2113,41,2180,42,2256,4,400,2,103,1,71,34,1313,0,150,7,608,4,671,38,815,19,789,3,414,0,258,0,290,10,186,1,155,1,94,0,13
2020-08-13,93,4386,39,2152,54,2234,38,2294,3,403,7,110,0,71,44,1357,1,151,10,618,6,677,30,845,29,818,3,417,0,258,5,295,8,194,0,155,2,96,0,13
2020-08-14,112,4498,45,2197,67,2301,74,2368,3,406,2,112,2,73,29,1386,2,153,13,631,15,692,29,874,24,842,10,427,4,262,4,299,7,201,1,156,5,101,0,13
2020-08-15,61,4559,33,2230,28,2329,29,2397,2,408,3,115,0,73,27,1413,0,153,9,640,6,698,23,897,13,855,5,432,0,262,0,299,4,205,1,157,0,101,0,13
2020-08-16,80,4639,49,2279,31,2360,53,2450,0,408,2,117,1,74,23,1436,1,154,7,647,12,710,21,918,12,867,6,438,2,264,5,304,6,211,0,157,9,110,0,13
2020-08-17,51,4690,27,2306,24,2384,29,2479,1,409,2,119,0,74,17,1453,2,156,5,652,1,711,13,931,13,880,7,445,0,264,7,311,4,215,0,157,1,111,0,13
2020-08-18,74,4764,36,2342,38,2422,31,2510,3,412,1,120,1,75,36,1489,2,158,12,664,6,717,29,960,17,897,1,446,0,264,2,313,4,219,1,158,2,113,0,13
2020-08-19,85,4849,52,2394,33,2455,38,2548,3,415,1,121,0,75,42,1531,1,159,17,681,5,722,30,990,20,917,6,452,0,264,2,315,1,220,0,158,4,117,0,13
2020-08-20,108,4957,63,2457,45,2500,54,2602,7,422,1,122,0,75,45,1576,1,160,13,694,9,731,30,1020,28,945,6,458,2,266,7,322,9,229,1,159,3,120,0,13
2020-08-21,121,5078,75,2532,46,2546,70,2672,1,423,3,125,0,75,43,1619,4,164,21,715,11,742,31,1051,34,979,7,465,2,268,4,326,8,237,1,160,2,122,0,13
2020-08-22,75,5153,40,2572,35,2581,44,2716,4,427,2,127,1,76,24,1643,0,164,10,725,5,747,23,1074,19,998,6,471,3,271,6,332,2,239,1,161,0,122,0,13
2020-08-23,61,5214,30,2602,31,2612,32,2748,2,429,0,127,0,76,25,1668,2,166,13,738,5,752,16,1090,13,1011,5,476,1,272,1,333,5,244,1,162,1,123,0,13
2020-08-24,61,5275,31,2633,30,2642,32,2780,2,431,1,128,0,76,24,1692,2,168,7,745,5,757,21,1111,15,1026,4,480,2,274,2,335,3,247,0,162,2,125,0,13
2020-08-25,46,5321,27,2660,19,2661,20,2800,2,433,3,131,1,77,18,1710,2,170,2,747,6,763,20,1131,12,1038,3,483,0,274,0,335,2,249,0,162,1,126,0,13
2020-08-26,98,5419,57,2717,41,2702,52,2852,0,433,5,136,0,77,38,1748,3,173,16,763,10,773,33,1164,15,1053,5,488,2,276,3,338,9,258,2,164,3,129,0,13
2020-08-27,112,5531,72,2789,40,2742,46,2898,4,437,5,141,1,78,56,1804,0,173,12,775,6,779,48,1212,25,1078,8,496,2,278,3,341,4,262,1,165,3,132,0,13
2020-08-28,105,5636,49,2838,56,2798,58,2956,2,439,2,143,0,78,42,1846,1,174,12,787,15,794,24,1236,27,1105,4,500,2,280,3,344,13,275,0,165,4,136,1,14
2020-08-29,105,5741,54,2892,51,2849,57,3013,4,443,6,149,0,78,37,1883,1,175,16,803,9,803,38,1274,18,1123,6,506,2,282,2,346,8,283,0,165,5,141,1,15
2020-08-30,87,5828,38,2930,49,2898,38,3051,4,447,4,153,1,79,40,1923,0,175,14,817,7,810,23,1297,18,1141,7,513,0,282,2,348,11,294,0,165,4,145,1,16
2020-08-31,59,5887,25,2955,34,2932,36,3087,0,447,5,158,0,79,17,1940,1,176,10,827,4,814,21,1318,12,1153,4,517,2,284,2,350,3,297,0,165,0,145,1,17
2020-09-01,97,5984,46,3001,51,2983,38,3125,4,451,5,163,0,79,49,1989,1,177,5,832,12,826,25,1343,29,1182,5,522,4,288,1,351,7,304,0,165,9,154,0,17
2020-09-02,81,6065,40,3041,41,3024,36,3161,3,454,3,166,0,79,37,2026,2,179,10,842,10,836,27,1370,22,1204,3,525,1,289,0,351,6,310,0,165,2,156,0,17
2020-09-03,149,6214,70,3111,79,3103,70,3231,2,456,7,173,0,79,68,2094,2,181,24,866,13,849,31,1401,42,1246,8,533,3,292,10,361,10,320,0,165,6,162,2,19
2020-09-04,125,6339,62,3173,63,3166,64,3295,6,462,5,178,0,79,49,2143,1,182,18,884,8,857,34,1435,25,1271,12,545,1,293,5,366,15,335,2,167,5,167,0,19
2020-09-05,113,6452,54,3227,59,3225,53,3348,2,464,1,179,4,83,52,2195,1,183,18,902,8,865,35,1470,35,1306,3,548,1,294,3,369,3,338,1,168,6,173,0,19
2020-09-06,111,6563,52,3279,59,3284,59,3407,1,465,5,184,0,83,45,2240,1,184,23,925,8,873,35,1505,30,1336,6,554,0,294,1,370,5,343,1,169,2,175,0,19
2020-09-07,91,6654,42,3321,49,3333,54,3461,0,465,1,185,0,83,36,2276,0,184,14,939,13,886,24,1529,18,1354,8,562,2,296,2,372,7,350,2,171,1,176,0,19
2020-09-08,114,6768,59,3380,55,3388,73,3534,1,466,4,189,0,83,35,2311,1,185,20,959,16,902,29,1558,25,1379,2,564,1,297,7,379,12,362,0,171,2,178,0,19
2020-09-09,122,6890,66,3446,56,3444,41,3575,1,467,13,202,0,83,65,2376,2,187,20,979,12,914,31,1589,29,1408,10,574,0,297,8,387,6,368,1,172,5,183,0,19
2020-09-10,121,7011,60,3506,61,3505,58,3633,2,469,0,202,0,83,58,2434,3,190,11,990,20,934,30,1619,32,1440,11,585,1,298,4,391,5,373,0,172,7,190,0,19
2020-09-11,149,7160,79,3585,70,3575,55,3688,1,470,5,207,0,83,84,2518,4,194,22,1012,18,952,35,1654,36,1476,12,597,3,301,5,396,6,379,2,174,10,200,0,19
2020-09-12,101,7261,57,3642,44,3619,37,3725,4,474,4,211,0,83,55,2573,1,195,14,1026,10,962,37,1691,25,1501,6,603,1,302,1,397,7,386,0,174,0,200,0,19
2020-09-13,84,7345,47,3689,37,3656,36,3761,4,478,4,215,0,83,40,2613,0,195,9,1035,13,975,24,1715,12,1513,7,610,3,305,3,400,9,395,2,176,2,202,0,19
2020-09-14,83,7428,41,3730,42,3698,40,3801,4,482,11,226,1,84,27,2640,0,195,11,1046,7,982,18,1733,16,1529,9,619,2,307,8,408,7,402,0,176,4,206,1,20
2020-09-15,154,7582,69,3799,85,3783,78,3879,7,489,9,235,1,85,59,2699,0,195,21,1067,16,998,41,1774,39,1568,11,630,2,309,8,416,8,410,1,177,7,213,0,20
2020-09-16,142,7724,81,3880,61,3844,73,3952,3,492,4,239,0,85,61,2760,1,196,21,1088,18,1016,39,1813,28,1596,13,643,3,312,4,420,8,418,2,179,5,218,1,21
2020-09-17,153,7877,74,3954,79,3923,81,4033,2,494,7,246,0,85,63,2823,0,196,32,1120,10,1026,38,1851,33,1629,9,652,2,314,6,426,13,431,2,181,8,226,0,21
2020-09-18,130,8007,74,4028,56,3979,57,4090,12,506,5,251,0,85,52,2875,4,200,26,1146,9,1035,38,1889,27,1656,11,663,2,316,6,432,5,436,0,181,6,232,0,21
2020-09-19,108,8115,58,4086,50,4029,67,4157,6,512,0,251,0,85,35,2910,0,200,26,1172,7,1042,23,1912,21,1677,7,670,3,319,3,435,10,446,0,181,8,240,0,21
2020-09-20,126,8241,64,4150,62,4091,68,4225,3,515,4,255,0,85,48,2958,3,203,18,1190,19,1061,28,1940,30,1707,10,680,1,320,5,440,9,455,0,181,6,246,0,21
2020-09-21,98,8339,55,4205,43,4134,42,4267,4,519,8,263,0,85,44,3002,0,203,13,1203,11,1072,23,1963,20,1727,6,686,2,322,7,447,8,463,0,181,8,254,0,21
2020-09-22,80,8419,39,4244,41,4175,37,4304,5,524,9,272,0,85,29,3031,0,203,14,1217,8,1080,14,1977,19,1746,3,689,1,323,3,450,9,472,1,182,8,262,0,21
2020-09-23,149,8568,78,4322,71,4246,76,4380,1,525,8,280,1,86,63,3094,0,203,18,1235,23,1103,33,2010,35,1781,10,699,6,329,2,452,11,483,2,184,9,271,0,21
2020-09-24,80,8648,44,4366,36,4282,37,4417,2,527,6,286,0,86,34,3128,1,204,16,1251,10,1113,19,2029,17,1798,2,701,0,329,6,458,7,490,1,185,2,273,0,21
2020-09-25,98,8746,47,4413,51,4333,36,4453,3,530,5,291,0,86,52,3180,2,206,12,1263,15,1128,23,2052,20,1818,13,714,1,330,3,461,7,497,1,186,3,276,0,21
2020-09-26,116,8862,58,4471,58,4391,72,4525,4,534,4,295,0,86,36,3216,0,206,16,1279,19,1147,20,2072,20,1838,14,728,3,333,5,466,14,511,0,186,5,281,0,21
2020-09-27,88,8950,38,4509,50,4441,39,4564,1,535,7,302,0,86,41,3257,0,206,12,1291,12,1159,19,2091,16,1854,6,734,5,338,4,470,8,519,1,187,5,286,0,21
2020-09-28,96,9046,46,4555,50,4491,53,4617,1,536,4,306,0,86,38,3295,0,206,16,1307,14,1173,20,2111,20,1874,10,744,1,339,4,474,2,521,0,187,9,295,0,21
2020-09-29,110,9156,53,4608,57,4548,55,4672,2,538,4,310,0,86,47,3342,2,208,12,1319,13,1186,18,2129,20,1894,14,758,6,345,2,476,17,538,3,190,5,300,0,21
2020-09-30,119,9275,54,4662,65,4613,53,4725,2,540,1,311,0,86,62,3404,1,209,20,1339,15,1201,17,2146,21,1915,12,770,1,346,14,490,8,546,3,193,8,308,0,21
2020-10-01,144,9419,76,4738,68,4681,88,4813,3,543,5,316,0,86,47,3451,1,210,23,1362,25,1226,23,2169,32,1947,15,785,1,347,2,492,10,556,1,194,12,320,0,21
2020-10-02,95,9514,50,4788,45,4726,46,4859,2,545,1,317,0,86,46,3497,0,210,22,1384,13,1239,20,2189,13,1960,8,793,4,351,3,495,5,561,1,195,6,326,0,21
2020-10-03,125,9639,69,4857,56,4782,71,4930,3,548,1,318,0,86,45,3542,5,215,20,1404,20,1259,32,2221,28,1988,4,797,4,355,4,499,8,569,0,195,5,331,0,21
2020-10-04,124,9763,60,4917,64,4846,74,5004,8,556,3,321,1,87,33,3575,5,220,21,1425,23,1282,27,2248,20,2008,7,804,3,358,3,502,10,579,1,196,9,340,0,21
2020-10-05,90,9853,46,4963,44,4890,53,5057,4,560,2,323,0,87,29,3604,2,222,11,1436,12,1294,17,2265,22,2030,6,810,3,361,5,507,9,588,2,198,3,343,0,21
2020-10-06,112,9965,54,5017,58,4948,73,5130,1,561,0,323,0,87,38,3642,0,222,16,1452,13,1307,25,2290,26,2056,11,821,2,363,7,514,8,596,0,198,4,347,0,21
2020-10-07,122,10087,59,5076,63,5011,68,5198,2,563,5,328,0,87,46,3688,1,223,19,1471,22,1329,30,2320,17,2073,13,834,0,363,7,521,12,608,0,198,2,349,0,21
2020-10-08,129,10216,62,5138,67,5078,90,5288,3,566,1,329,0,87,33,3721,2,225,22,1493,11,1340,31,2351,26,2099,9,843,0,363,6,527,16,624,1,199,7,356,0,21
2020-10-09,182,10398,85,5223,97,5175,104,5392,5,571,9,338,0,87,61,3782,3,228,24,1517,28,1368,44,2395,39,2138,15,858,4,367,4,531,18,642,0,199,6,362,0,21
2020-10-10,160,10558,85,5308,75,5250,107,5499,5,576,3,341,0,87,44,3826,1,229,27,1544,19,1387,46,2441,30,2168,13,871,1,368,6,537,9,651,0,199,9,371,0,21
2020-10-11,112,10670,48,5356,64,5314,67,5566,8,584,2,343,0,87,31,3857,4,233,20,1564,21,1408,22,2463,24,2192,12,883,3,371,3,540,2,653,3,202,2,373,0,21
2020-10-12,142,10812,59,5415,83,5397,95,5661,3,587,0,343,0,87,41,3898,3,236,22,1586,20,1428,22,2485,35,2227,7,890,0,371,9,549,20,673,1,203,6,379,0,21
2020-10-13,157,10969,87,5502,70,5467,105,5766,5,592,3,346,0,87,42,3940,2,238,24,1610,23,1451,31,2516,25,2252,14,904,4,375,6,555,16,689,0,203,14,393,0,21
2020-10-14,91,11060,48,5550,43,5510,55,5821,1,593,2,348,0,87,31,3971,2,240,17,1627,10,1461,23,2539,10,2262,6,910,0,375,5,560,10,699,0,203,10,403,0,21
2020-10-15,152,11212,78,5628,74,5584,89,5910,2,595,5,353,0,87,55,4026,1,241,27,1654,18,1479,34,2573,27,2289,9,919,2,377,11,571,17,716,0,203,7,410,0,21
2020-10-16,211,11423,101,5729,110,5694,165,6075,2,597,1,354,0,87,41,4067,2,243,46,1700,21,1500,56,2629,35,2324,10,929,2,379,7,578,27,743,0,203,7,417,0,21
2020-10-17,136,11559,67,5796,69,5763,96,6171,7,604,4,358,0,87,29,4096,0,243,23,1723,19,1519,28,2657,31,2355,13,942,1,380,4,582,12,755,0,203,5,422,0,21
2020-10-18,204,11763,114,5910,90,5853,151,6322,4,608,0,358,0,87,49,4145,0,243,26,1749,34,1553,54,2711,42,2397,15,957,1,381,3,585,19,774,1,204,9,431,0,21
2020-10-19,140,11903,79,5989,61,5914,81,6403,21,629,0,358,0,87,37,4182,1,244,29,1778,25,1578,28,2739,21,2418,7,964,5,386,8,593,9,783,3,207,5,436,0,21
2020-10-20,256,12159,122,6111,134,6048,210,6613,11,640,3,361,0,87,32,4214,0,244,46,1824,42,1620,53,2792,43,2461,19,983,4,390,9,602,27,810,1,208,12,448,0,21
2020-10-21,298,12457,150,6261,148,6196,219,6832,19,659,3,364,0,87,53,4267,4,248,46,1870,33,1653,97,2889,52,2513,13,996,6,396,5,607,35,845,0,208,11,459,0,21
2020-10-22,200,12657,86,6347,114,6310,116,6948,16,675,7,371,0,87,60,4327,1,249,25,1895,27,1680,45,2934,46,2559,13,1009,3,399,6,613,22,867,0,208,13,472,0,21
2020-10-23,274,12931,146,6493,128,6438,200,7148,12,687,9,380,0,87,53,4380,0,249,40,1935,38,1718,73,3007,50,2609,16,1025,1,400,7,620,38,905,0,208,11,483,0,21
2020-10-24,295,13226,154,6647,141,6579,253,7401,9,696,2,382,0,87,31,4411,0,249,56,1991,45,1763,66,3073,57,2666,17,1042,5,405,12,632,22,927,1,209,14,497,0,21
2020-10-25,229,13455,113,6760,116,6695,188,7589,10,706,1,383,0,87,30,4441,0,249,24,2015,26,1789,74,3147,41,2707,17,1059,1,406,9,641,25,952,1,210,11,508,0,21
2020-10-26,259,13714,157,6917,102,6797,185,7774,15,721,5,388,0,87,54,4495,0,249,47,2062,23,1812,65,3212,42,2749,20,1079,6,412,11,652,25,977,1,211,19,527,0,21
2020-10-27,265,13979,126,7043,139,6936,193,7967,19,740,11,399,0,87,40,4535,2,251,41,2103,40,1852,64,3276,58,2807,10,1089,3,415,9,661,27,1004,2,213,11,538,0,21
2020-10-28,272,14251,137,7180,135,7071,206,8173,6,746,7,406,1,88,50,4585,2,253,50,2153,30,1882,74,3350,40,2847,20,1109,9,424,5,666,32,1036,0,213,12,550,0,21
2020-10-29,340,14591,198,7378,142,7213,234,8407,10,756,6,412,0,88,88,4673,2,255,52,2205,44,1926,92,3442,57,2904,17,1126,7,431,8,674,49,1085,4,217,10,560,0,21
2020-10-30,383,14974,198,7576,185,7398,280,8687,9,765,5,417,0,88,84,4757,5,260,68,2273,48,1974,75,3517,75,2979,35,1161,11,442,12,686,39,1124,5,222,15,575,0,21
2020-10-31,380,15354,184,7760,196,7594,267,8954,15,780,4,421,0,88,90,4847,4,264,47,2320,54,2028,103,3620,61,3040,33,1194,10,452,10,696,39,1163,6,228,17,592,0,21
2020-11-01,374,15728,193,7953,181,7775,298,9252,10,790,1,422,0,88,63,4910,2,266,60,2380,55,2083,85,3705,59,3099,34,1228,9,461,22,718,33,1196,4,232,13,605,0,21
2020-11-02,337,16065,186,8139,151,7926,230,9482,12,802,2,424,0,88,89,4999,4,270,51,2431,43,2126,67,3772,74,3173,29,1257,12,473,19,737,23,1219,3,235,16,621,0,21
2020-11-03,367,16432,186,8325,181,8107,238,9720,13,815,9,433,0,88,103,5102,4,274,58,2489,54,2180,101,3873,71,3244,32,1289,2,475,13,750,23,1242,0,235,13,634,0,21
2020-11-04,591,17023,308,8633,283,8390,398,10118,24,839,7,440,0,88,154,5256,8,282,83,2572,68,2248,169,4042,125,3369,41,1330,7,482,27,777,49,1291,4,239,18,652,0,21
2020-11-05,481,17504,256,8889,225,8615,309,10427,23,862,13,453,0,88,131,5387,5,287,55,2627,47,2295,117,4159,99,3468,44,1374,17,499,26,803,51,1342,5,244,20,672,0,21
2020-11-06,449,17953,234,9123,215,8830,294,10721,22,884,9,462,0,88,122,5509,2,289,68,2695,53,2348,102,4261,94,3562,42,1416,11,510,20,823,34,1376,10,254,15,687,0,21
2020-11-07,569,18522,300,9423,269,9099,427,11148,24,908,7,469,0,88,107,5616,4,293,91,2786,63,2411,141,4402,119,3681,36,1452,7,517,26,849,51,1427,9,263,26,713,0,21
2020-11-08,503,19025,256,9679,247,9346,361,11509,27,935,7,476,1,89,98,5714,9,302,82,2868,62,2473,104,4506,94,3775,45,1497,11,528,18,867,63,1490,7,270,17,730,0,21
2020-11-09,497,19522,257,9936,240,9586,314,11823,31,966,2,478,0,89,142,5856,8,310,67,2935,62,2535,126,4632,67,3842,43,1540,18,546,25,892,52,1542,12,282,25,755,0,21
2020-11-10,699,20221,358,10294,341,9927,529,12352,24,990,10,488,0,89,126,5982,10,320,104,3039,98,2633,168,4800,123,3965,50,1590,19,565,25,917,77,1619,3,285,32,787,0,21
2020-11-11,660,20881,322,10616,338,10265,466,12818,17,1007,13,501,0,89,157,6139,7,327,109,3148,82,2715,176,4976,109,4074,46,1636,22,587,29,946,49,1668,13,298,25,812,0,21
2020-11-12,585,21466,268,10884,317,10582,437,13255,23,1030,2,503,0,89,109,6248,14,341,67,3215,62,2777,141,5117,114,4188,50,1686,22,609,28,974,66,1734,6,304,29,841,0,21
2020-11-13,543,22009,263,11147,280,10862,355,13610,25,1055,5,508,0,89,148,6396,10,351,67,3282,59,2836,117,5234,114,4302,45,1731,27,636,29,1003,44,1778,20,324,21,862,0,21
2020-11-14,945,22954,509,11656,436,11298,696,14306,30,1085,9,517,0,89,200,6596,10,361,139,3421,116,2952,234,5468,152,4454,71,1802,33,669,49,1052,93,1871,25,349,33,895,0,21
2020-11-15,589,23543,320,11976,269,11567,417,14723,28,1113,9,526,0,89,116,6712,19,380,94,3515,73,3025,122,5590,99,4553,52,1854,26,695,28,1080,56,1927,13,362,26,921,0,21
2020-11-16,550,24093,294,12270,256,11823,329,15052,19,1132,13,539,0,89,172,6884,17,397,71,3586,68,3093,124,5714,107,4660,43,1897,16,711,25,1105,65,1992,6,368,25,946,0,21
2020-11-17,733,24826,375,12645,358,12181,489,15541,38,1170,14,553,0,89,172,7056,20,417,119,3705,108,3201,166,5880,133,4793,52,1949,16,727,33,1138,62,2054,16,384,28,974,0,21
2020-11-18,860,25686,478,13123,382,12563,579,16120,27,1197,26,579,0,89,215,7271,13,430,139,3844,115,3316,195,6075,173,4966,64,2013,27,754,32,1170,80,2134,11,395,24,998,0,21
2020-11-19,642,26328,323,13446,319,12882,437,16557,25,1222,17,596,0,89,146,7417,17,447,100,3944,80,3396,123,6198,125,5091,38,2051,33,787,33,1203,60,2194,19,414,30,1028,1,22
2020-11-20,934,27262,458,13904,476,13358,651,17208,41,1263,30,626,0,89,196,7613,16,463,141,4085,122,3518,242,6440,155,5246,67,2118,38,825,44,1247,87,2281,10,424,28,1056,0,22
2020-11-21,723,27985,377,14281,346,13704,560,17768,36,1299,17,643,0,89,93,7706,17,480,106,4191,94,3612,181,6621,116,5362,60,2178,28,853,30,1277,75,2356,8,432,25,1081,0,22
2020-11-22,655,28640,305,14586,350,14054,431,18199,50,1349,16,659,1,90,143,7849,14,494,77,4268,91,3703,141,6762,123,5485,54,2232,25,878,34,1311,59,2415,19,451,32,1113,0,22
2020-11-23,681,29321,347,14933,334,14388,407,18606,62,1411,22,681,0,90,177,8026,13,507,92,4360,102,3805,147,6909,115,5600,59,2291,24,902,21,1332,83,2498,15,466,23,1136,0,22
2020-11-24,843,30164,441,15374,402,14790,555,19161,59,1470,41,722,0,90,164,8190,24,531,129,4489,117,3922,196,7105,147,5747,69,2360,23,925,35,1367,73,2571,13,479,41,1177,0,22
2020-11-25,878,31042,439,15813,439,15229,604,19765,62,1532,35,757,0,90,154,8344,23,554,134,4623,103,4025,194,7299,131,5878,84,2444,33,958,50,1417,93,2664,17,496,39,1216,0,22
2020-11-26,758,31800,385,16198,373,15602,498,20263,58,1590,20,777,0,90,166,8510,16,570,124,4747,108,4133,159,7458,150,6028,62,2506,22,980,35,1452,66,2730,8,504,24,1240,0,22
2020-11-27,705,32505,365,16563,340,15942,413,20676,88,1678,34,811,0,90,148,8658,22,592,100,4847,80,4213,146,7604,133,6161,61,2567,16,996,40,1492,78,2808,19,523,32,1272,0,22
2020-11-28,819,33324,405,16968,414,16356,589,21265,46,1724,28,839,1,91,127,8785,28,620,114,4961,104,4317,166,7770,139,6300,68,2635,33,1029,45,1537,88,2896,29,552,33,1305,0,22
2020-11-29,638,33962,308,17276,330,16686,426,21691,65,1789,11,850,0,91,120,8905,16,636,95,5056,87,4404,132,7902,130,6430,52,2687,17,1046,36,1573,54,2950,10,562,25,1330,0,22
2020-11-30,545,34507,283,17559,262,16948,284,21975,86,1875,44,894,1,92,120,9025,10,646,92,5148,69,4473,124,8026,82,6512,34,2721,20,1066,31,1604,52,3002,14,576,27,1357,0,22
2020-12-01,774,35281,396,17955,378,17326,494,22469,78,1953,30,924,0,92,156,9181,16,662,104,5252,118,4591,158,8184,131,6643,79,2800,27,1093,42,1646,63,3065,21,597,31,1388,0,22
2020-12-02,757,36038,383,18338,374,17700,492,22961,75,2028,44,968,0,92,139,9320,7,669,120,5372,81,4672,163,8347,140,6783,63,2863,32,1125,37,1683,69,3134,18,615,34,1422,0,22
2020-12-03,696,36734,372,18710,324,18024,432,23393,74,2102,33,1001,12,104,131,9451,14,683,112,5484,106,4778,153,8500,106,6889,58,2921,23,1148,36,1719,64,3198,5,620,33,1455,0,22
2020-12-04,589,37323,305,19015,284,18308,352,23745,68,2170,43,1044,2,106,111,9562,13,696,92,5576,77,4855,116,8616,88,6977,61,2982,23,1171,26,1745,69,3267,17,637,20,1475,0,22
2020-12-05,780,38103,370,19385,410,18718,519,24264,87,2257,45,1089,4,110,116,9678,9,705,124,5700,96,4951,148,8764,117,7094,62,3044,60,1231,37,1782,77,3344,29,666,30,1505,0,22
2020-12-06,572,38675,289,19674,283,19001,364,24628,72,2329,25,1114,1,111,97,9775,13,718,89,5789,73,5024,128,8892,69,7163,50,3094,30,1261,31,1813,56,3400,17,683,29,1534,0,22
2020-12-07,581,39256,288,19962,293,19294,389,25017,53,2382,18,1132,0,111,104,9879,17,735,72,5861,85,5109,117,9009,108,7271,67,3161,22,1283,24,1837,48,3448,7,690,31,1565,0,22
2020-12-08,659,39915,343,20305,316,19610,369,25386,105,2487,45,1177,0,111,133,10012,7,742,104,5965,85,5194,116,9125,107,7378,64,3225,36,1319,42,1879,62,3510,22,712,21,1586,0,22
2020-12-09,765,40680,400,20705,365,19975,486,25872,85,2572,40,1217,1,112,144,10156,9,751,102,6067,94,5288,176,9301,141,7519,66,3291,20,1339,36,1915,94,3604,8,720,28,1614,0,22
2020-12-10,774,41454,384,21089,390,20365,497,26369,111,2683,37,1254,0,112,123,10279,6,757,115,6182,97,5385,173,9474,126,7645,74,3365,21,1360,34,1949,85,3689,4,724,45,1659,0,22
2020-12-11,714,42168,348,21437,366,20731,474,26843,83,2766,39,1293,0,112,108,10387,10,767,102,6284,85,5470,169,9643,124,7769,55,3420,21,1381,46,1995,75,3764,15,739,22,1681,0,22
2020-12-12,736,42904,376,21813,360,21091,505,27348,81,2847,42,1335,1,113,104,10491,3,770,117,6401,90,5560,168,9811,109,7878,51,3471,30,1411,35,2030,84,3848,29,768,23,1704,0,22
2020-12-13,565,43469,291,22104,274,21365,353,27701,67,2914,34,1369,0,113,95,10586,16,786,74,6475,85,5645,124,9935,98,7976,33,3504,24,1435,28,2058,76,3924,6,774,17,1721,0,22
2020-12-14,517,43986,263,22367,254,21619,307,28008,80,2994,31,1400,2,115,89,10675,8,794,86,6561,64,5709,118,10053,83,8059,59,3563,13,1448,22,2080,38,3962,6,780,28,1749,0,22
2020-12-15,587,44573,283,22650,304,21923,355,28363,86,3080,32,1432,1,116,107,10782,6,800,81,6642,79,5788,108,10161,103,8162,53,3616,16,1464,26,2106,81,4043,12,792,28,1777,0,22
2020-12-16,635,45208,341,22991,294,22217,391,28754,50,3130,52,1484,1,117,140,10922,1,801,101,6743,75,5863,119,10280,118,8280,55,3671,21,1485,27,2133,67,4110,22,814,30,1807,0,22
2020-12-17,622,45830,309,23300,313,22530,412,29166,54,3184,41,1525,0,117,107,11029,8,809,99,6842,87,5950,138,10418,107,8387,56,3727,20,1505,25,2158,50,4160,9,823,31,1838,0,22
2020-12-18,640,46470,339,23639,301,22831,420,29586,64,3248,56,1581,0,117,93,11122,7,816,93,6935,80,6030,138,10556,101,8488,57,3784,38,1543,39,2197,52,4212,19,842,23,1861,0,22
2020-12-19,578,47048,271,23910,307,23138,363,29949,68,3316,25,1606,0,117,117,11239,5,821,89,7024,67,6097,124,10680,112,8600,54,3838,20,1563,27,2224,47,4259,10,852,28,1889,0,22
2020-12-20,504,47552,265,24175,239,23377,307,30256,87,3403,16,1622,0,117,82,11321,12,833,81,7105,57,6154,114,10794,82,8682,54,3892,22,1585,22,2246,51,4310,5,857,16,1905,0,22
2020-12-21,404,47956,189,24364,215,23592,243,30499,51,3454,28,1650,1,118,74,11395,7,840,61,7166,40,6194,95,10889,65,8747,36,3928,15,1600,17,2263,36,4346,10,867,29,1934,0,22
2020-12-22,514,48470,264,24628,250,23842,307,30806,57,3511,45,1695,0,118,92,11487,13,853,81,7247,74,6268,98,10987,99,8846,43,3971,13,1613,27,2290,43,4389,13,880,23,1957,0,22
2020-12-23,536,49006,256,24884,280,24122,301,31107,73,3584,54,1749,0,118,98,11585,10,863,80,7327,67,6335,117,11104,79,8925,46,4017,28,1641,32,2322,41,4430,14,894,32,1989,0,22
2020-12-24,554,49560,283,25167,271,24393,367,31474,49,3633,37,1786,0,118,92,11677,9,872,100,7427,70,6405,109,11213,109,9034,39,4056,17,1658,36,2358,47,4477,6,900,21,2010,0,22
2020-12-25,405,49965,196,25363,209,24602,264,31738,36,3669,33,1819,0,118,70,11747,2,874,66,7493,54,6459,90,11303,66,9100,34,4090,12,1670,17,2375,38,4515,9,909,19,2029,0,22
2020-12-26,331,50296,164,25527,167,24769,203,31941,51,3720,21,1840,0,118,52,11799,4,878,48,7541,50,6509,76,11379,52,9152,26,4116,11,1681,19,2394,32,4547,9,918,8,2037,0,22
2020-12-27,476,50772,222,25749,254,25023,309,32250,54,3774,31,1871,0,118,71,11870,11,889,65,7606,52,6561,89,11468,87,9239,39,4155,25,1706,19,2413,59,4606,10,928,31,2068,0,22
2020-12-28,404,51176,199,25948,205,25228,246,32496,53,3827,17,1888,0,118,74,11944,14,903,53,7659,49,6610,88,11556,62,9301,35,4190,17,1723,26,2439,38,4644,8,936,28,2096,0,22
2020-12-29,618,51794,306,26254,312,25540,355,32851,68,3895,57,1945,0,118,124,12068,14,917,94,7753,78,6688,137,11693,113,9414,60,4250,23,1746,22,2461,50,4694,13,949,28,2124,0,22
2020-12-30,594,52388,297,26551,297,25837,339,33190,105,4000,63,2008,0,118,75,12143,12,929,95,7848,56,6744,148,11841,98,9512,54,4304,19,1765,22,2483,54,4748,20,969,28,2152,0,22
2020-12-31,621,53009,282,26833,339,26176,377,33567,86,4086,42,2050,0,118,99,12242,17,946,92,7940,84,6828,145,11986,101,9613,51,4355,17,1782,38,2521,58,4806,5,974,30,2182,0,22
2021-01-01,596,53605,299,27132,297,26473,340,33907,60,4146,89,2139,0,118,89,12331,18,964,94,8034,62,6890,133,12119,116,9729,59,4414,21,1803,29,2550,47,4853,12,986,23,2205,0,22
2021-01-02,412,54017,190,27322,222,26695,232,34139,46,4192,35,2174,0,118,86,12417,13,977,52,8086,45,6935,84,12203,54,9783,37,4451,27,1830,26,2576,39,4892,26,1012,22,2227,0,22
2021-01-03,535,54552,275,27597,260,26955,275,34414,84,4276,27,2201,0,118,133,12550,16,993,74,8160,57,6992,109,12312,86,9869,53,4504,21,1851,39,2615,65,4957,12,1024,19,2246,0,22
2021-01-04,517,55069,251,27848,266,27221,290,34704,50,4326,49,2250,0,118,115,12665,13,1006,79,8239,61,7053,120,12432,97,9966,40,4544,13,1864,19,2634,62,5019,5,1029,21,2267,0,22
2021-01-05,566,55635,270,28118,296,27517,290,34994,72,4398,33,2283,0,118,139,12804,32,1038,84,8323,58,7111,128,12560,90,10056,52,4596,23,1887,26,2660,62,5081,10,1039,33,2300,0,22
2021-01-06,607,56242,300,28418,307,27824,332,35326,93,4491,67,2350,1,119,102,12906,12,1050,60,8383,59,7170,149,12709,102,10158,57,4653,35,1922,40,2700,51,5132,31,1070,23,2323,0,22
2021-01-07,547,56789,279,28697,268,28092,304,35630,61,4552,48,2398,2,121,103,13009,29,1079,76,8459,60,7230,132,12841,96,10254,45,4698,27,1949,20,2720,57,5189,12,1082,22,2345,0,22
2021-01-08,528,57317,248,28945,280,28372,273,35903,93,4645,38,2436,1,122,113,13122,10,1089,60,8519,64,7294,140,12981,92,10346,44,4742,21,1970,25,2745,49,5238,4,1086,29,2374,0,22
2021-01-09,531,57848,261,29206,270,28642,276,36179,46,4691,80,2516,2,124,97,13219,30,1119,81,8600,66,7360,118,13099,93,10439,53,4795,14,1984,17,2762,56,5294,9,1095,24,2398,0,22
2021-01-10,449,58297,227,29433,222,28864,212,36391,79,4770,58,2574,0,124,82,13301,18,1137,62,8662,50,7410,105,13204,85,10524,51,4846,10,1994,20,2782,52,5346,3,1098,11,2409,0,22
2021-01-11,409,58706,218,29651,191,29055,183,36574,67,4837,46,2620,1,125,99,13400,13,1150,73,8735,62,7472,87,13291,73,10597,31,4877,14,2008,13,2795,35,5381,4,1102,17,2426,0,22
2021-01-12,503,59209,243,29894,260,29315,231,36805,81,4918,43,2663,0,125,116,13516,32,1182,72,8807,73,7545,113,13404,69,10666,49,4926,10,2018,19,2814,64,5445,12,1114,22,2448,0,22
2021-01-13,522,59731,258,30152,264,29579,242,37047,118,5036,52,2715,0,125,93,13609,17,1199,86,8893,68,7613,120,13524,65,10731,52,4978,21,2039,26,2840,44,5489,7,1121,33,2481,0,22
2021-01-14,495,60226,257,30409,238,29817,248,37295,88,5124,41,2756,0,125,105,13714,13,1212,58,8951,66,7679,125,13649,83,10814,42,5020,19,2058,16,2856,52,5541,9,1130,25,2506,0,22
2021-01-15,572,60798,284,30693,288,30105,231,37526,125,5249,77,2833,0,125,105,13819,34,1246,73,9024,65,7744,157,13806,112,10926,29,5049,14,2072,22,2878,60,5601,9,1139,31,2537,0,22
2021-01-16,462,61260,240,30933,222,30327,209,37735,70,5319,63,2896,2,127,101,13920,17,1263,68,9092,55,7799,96,13902,103,11029,44,5093,8,2080,22,2900,41,5642,4,1143,21,2558,0,22
2021-01-17,320,61580,162,31095,158,30485,137,37872,58,5377,34,2930,5,132,70,13990,16,1279,45,9137,51,7850,65,13967,57,11086,20,5113,9,2089,15,2915,41,5683,2,1145,15,2573,0,22
2021-01-18,379,61959,178,31273,201,30686,202,38074,58,5435,23,2953,0,132,72,14062,24,1303,65,9202,39,7889,90,14057,67,11153,30,5143,10,2099,22,2937,37,5720,3,1148,16,2589,0,22
2021-01-19,512,62471,263,31536,249,30935,217,38291,94,5529,39,2992,1,133,136,14198,25,1328,77,9279,60,7949,132,14189,86,11239,47,5190,11,2110,26,2963,45,5765,9,1157,19,2608,0,22
2021-01-20,558,63029,302,31838,256,31191,242,38533,92,5621,72,3064,0,133,107,14305,45,1373,89,9368,65,8014,165,14354,94,11333,37,5227,10,2120,16,2979,48,5813,2,1159,32,2640,0,22
2021-01-21,520,63549,293,32131,227,31418,255,38788,73,5694,57,3121,0,133,122,14427,13,1386,89,9457,77,8091,111,14465,86,11419,46,5273,13,2133,20,2999,48,5861,2,1161,28,2668,0,22
2021-01-22,486,64035,237,32368,249,31667,199,38987,103,5797,39,3160,2,135,115,14542,28,1414,70,9527,70,8161,107,14572,88,11507,41,5314,20,2153,33,3032,35,5896,9,1170,13,2681,0,22
2021-01-23,494,64529,251,32619,243,31910,204,39191,87,5884,42,3202,0,135,138,14680,23,1437,62,9589,58,8219,138,14710,107,11614,41,5355,6,2159,19,3051,42,5938,1,1171,20,2701,0,22
2021-01-24,359,64888,178,32797,181,32091,188,39379,52,5936,32,3234,0,135,68,14748,19,1456,53,9642,47,8266,79,14789,72,11686,32,5387,8,2167,22,3073,21,5959,7,1178,18,2719,0,22
2021-01-25,335,65223,177,32974,158,32249,139,39518,51,5987,19,3253,1,136,107,14855,18,1474,50,9692,47,8313,91,14880,68,11754,20,5407,6,2173,16,3089,27,5986,4,1182,6,2725,0,22
2021-01-26,537,65760,266,33240,271,32520,198,39716,104,6091,35,3288,0,136,155,15010,45,1519,82,9774,76,8389,159,15039,91,11845,36,5443,8,2181,28,3117,44,6030,2,1184,11,2736,0,22
2021-01-27,500,66260,251,33491,249,32769,229,39945,55,6146,53,3341,0,136,133,15143,30,1549,69,9843,61,8450,129,15168,86,11931,39,5482,10,2191,18,3135,52,6082,8,1192,28,2764,0,22
2021-01-28,522,66782,265,33756,257,33026,216,40161,66,6212,53,3394,0,136,157,15300,30,1579,86,9929,61,8511,137,15305,85,12016,38,5520,13,2204,20,3155,55,6137,2,1194,25,2789,0,22
2021-01-29,421,67203,216,33972,205,33231,191,40352,59,6271,36,3430,2,138,113,15413,20,1599,61,9990,44,8555,110,15415,80,12096,36,5556,8,2212,17,3172,42,6179,6,1200,17,2806,0,22
2021-01-30,478,67681,265,34237,213,33444,193,40545,96,6367,36,3466,0,138,122,15535,31,1630,73,10063,46,8601,128,15543,93,12189,31,5587,12,2224,22,3194,50,6229,2,1202,21,2827,0,22
2021-01-31,294,67975,149,34386,145,33589,132,40677,43,6410,32,3498,0,138,58,15593,29,1659,48,10111,36,8637,74,15617,46,12235,19,5606,7,2231,10,3204,29,6258,4,1206,21,2848,0,22
2021-02-01,398,68373,225,34611,173,33762,187,40864,48,6458,29,3527,1,139,104,15697,29,1688,51,10162,51,8688,89,15706,79,12314,38,5644,8,2239,19,3223,38,6296,2,1208,23,2871,0,22
2021-02-02,402,68775,216,34827,186,33948,182,41046,62,6520,31,3558,0,139,105,15802,22,1710,66,10228,53,8741,94,15800,70,12384,32,5676,7,2246,19,3242,38,6334,1,1209,22,2893,0,22
2021-02-03,472,69247,244,35071,228,34176,226,41272,60,6580,60,3618,0,139,97,15899,29,1739,71,10299,74,8815,95,15895,89,12473,33,5709,7,2253,28,3270,46,6380,2,1211,27,2920,0,22
2021-02-04,474,69721,259,35330,215,34391,206,41478,59,6639,70,3688,0,139,111,16010,28,1767,71,10370,70,8885,113,16008,85,12558,41,5750,11,2264,17,3287,50,6430,3,1214,13,2933,0,22
2021-02-05,445,70166,238,35568,207,34598,197,41675,85,6724,27,3715,0,139,98,16108,38,1805,54,10424,48,8933,99,16107,86,12644,33,5783,6,2270,15,3302,64,6494,1,1215,39,2972,0,22
2021-02-06,483,70649,243,35811,240,34838,235,41910,51,6775,75,3790,1,140,98,16206,23,1828,66,10490,60,8993,111,16218,94,12738,44,5827,11,2281,17,3319,58,6552,3,1218,19,2991,0,22
2021-02-07,348,70997,187,35998,161,34999,191,42101,23,6798,34,3824,2,142,73,16279,25,1853,52,10542,41,9034,65,16283,57,12795,30,5857,11,2292,21,3340,52,6604,1,1219,18,3009,0,22
2021-02-08,394,71391,220,36218,174,35173,216,42317,46,6844,28,3852,0,142,80,16359,24,1877,72,10614,51,9085,76,16359,79,12874,34,5891,7,2299,13,3353,41,6645,3,1222,17,3026,1,23
2021-02-09,475,71866,232,36450,243,35416,247,42564,47,6891,52,3904,1,143,103,16462,25,1902,69,10683,66,9151,98,16457,95,12969,32,5923,8,2307,20,3373,55,6700,1,1223,31,3057,0,23
2021-02-10,450,72316,235,36685,215,35631,238,42802,54,6945,41,3945,1,144,100,16562,16,1918,66,10749,48,9199,87,16544,76,13045,34,5957,12,2319,24,3397,52,6752,3,1226,48,3105,0,23
2021-02-11,433,72749,242,36927,191,35822,224,43026,40,6985,23,3968,0,144,131,16693,15,1933,62,10811,70,9269,95,16639,80,13125,29,5986,1,2320,9,3406,48,6800,3,1229,36,3141,0,23
2021-02-12,452,73201,241,37168,211,36033,232,43258,42,7027,63,4031,1,145,97,16790,17,1950,69,10880,58,9327,96,16735,67,13192,49,6035,3,2323,15,3421,60,6860,5,1234,30,3171,0,23
2021-02-13,450,73651,224,37392,226,36259,238,43496,35,7062,47,4078,3,148,112,16902,15,1965,68,10948,54,9381,88,16823,65,13257,37,6072,8,2331,27,3448,64,6924,2,1236,37,3208,0,23
2021-02-14,360,74011,190,37582,170,36429,209,43705,12,7074,27,4105,0,148,99,17001,13,1978,53,11001,44,9425,79,16902,62,13319,26,6098,4,2335,23,3471,48,6972,2,1238,19,3227,0,23
2021-02-15,323,74334,174,37756,149,36578,196,43901,15,7089,10,4115,1,149,81,17082,20,1998,44,11045,45,9470,68,16970,60,13379,35,6133,6,2341,13,3484,38,7010,1,1239,13,3240,0,23
2021-02-16,392,74726,203,37959,189,36767,196,44097,39,7128,15,4130,1,150,121,17203,20,2018,79,11124,49,9519,92,17062,69,13448,25,6158,7,2348,12,3496,36,7046,1,1240,22,3262,0,23
2021-02-17,616,75342,324,38283,292,37059,342,44439,18,7146,95,4225,0,150,140,17343,21,2039,93,11217,74,9593,148,17210,97,13545,45,6203,9,2357,33,3529,69,7115,1,1241,47,3309,0,23
2021-02-18,530,75872,272,38555,258,37317,288,44727,61,7207,37,4262,0,150,125,17468,19,2058,93,11310,65,9658,131,17341,83,13628,43,6246,7,2364,15,3544,63,7178,0,1241,30,3339,0,23
2021-02-19,530,76402,274,38829,256,37573,284,45011,21,7228,49,4311,0,150,130,17598,46,2104,74,11384,73,9731,120,17461,103,13731,38,6284,6,2370,23,3567,60,7238,0,1241,33,3372,0,23
2021-02-20,492,76894,256,39085,236,37809,276,45287,19,7247,33,4344,1,151,133,17731,30,2134,79,11463,59,9790,83,17544,89,13820,48,6332,5,2375,20,3587,72,7310,4,1245,33,3405,0,23
2021-02-21,455,77349,243,39328,212,38021,278,45565,28,7275,26,4370,1,152,97,17828,25,2159,57,11520,75,9865,92,17636,85,13905,35,6367,6,2381,22,3609,49,7359,1,1246,33,3438,0,23
2021-02-22,502,77851,272,39600,230,38251,245,45810,40,7315,54,4424,3,155,122,17950,38,2197,71,11591,67,9932,103,17739,93,13998,48,6415,5,2386,27,3636,55,7414,1,1247,32,3470,0,23
2021-02-23,519,78370,262,39862,257,38508,287,46097,33,7348,28,4452,0,155,136,18086,35,2232,75,11666,62,9994,105,17844,100,14098,41,6456,13,2399,23,3659,51,7465,1,1248,48,3518,0,23
2021-02-24,506,78876,241,40103,265,38773,262,46359,24,7372,40,4492,0,155,137,18223,43,2275,105,11771,61,10055,122,17966,68,14166,45,6501,12,2411,15,3674,48,7513,4,1252,26,3544,0,23
2021-02-25,593,79469,311,40414,282,39055,346,46705,50,7422,31,4523,0,155,135,18358,31,2306,76,11847,106,10161,109,18075,100,14266,44,6545,21,2432,20,3694,70,7583,5,1257,42,3586,0,23
2021-02-26,518,79987,269,40683,249,39304,287,46992,30,7452,57,4580,2,157,105,18463,37,2343,72,11919,57,10218,103,18178,111,14377,41,6586,4,2436,23,3717,72,7655,2,1259,33,3619,0,23
2021-02-27,493,80480,255,40938,238,39542,299,47291,25,7477,38,4618,0,157,104,18567,27,2370,57,11976,79,10297,98,18276,94,14471,34,6620,5,2441,17,3734,73,7728,3,1262,33,3652,0,23
2021-02-28,450,80930,225,41163,225,39767,269,47560,23,7500,22,4640,0,157,112,18679,24,2394,70,12046,77,10374,79,18355,81,14552,34,6654,2,2443,17,3751,53,7781,4,1266,33,3685,0,23
2021-03-01,457,81387,233,41396,224,39991,260,47820,15,7515,20,4660,0,157,139,18818,23,2417,59,12105,58,10432,111,18466,75,14627,41,6695,9,2452,19,3770,54,7835,4,1270,27,3712,0,23
2021-03-02,558,81945,307,41703,251,40242,298,48118,47,7562,49,4709,1,158,135,18953,28,2445,102,12207,73,10505,87,18553,116,14743,48,6743,9,2461,18,3788,68,7903,0,1270,37,3749,0,23
2021-03-03,563,82508,303,42006,260,40502,289,48407,28,7590,43,4752,0,158,167,19120,36,2481,65,12272,92,10597,118,18671,124,14867,41,6784,5,2466,22,3810,64,7967,3,1273,29,3778,0,23
2021-03-04,627,83135,335,42341,292,40794,355,48762,37,7627,58,4810,0,158,151,19271,26,2507,93,12365,76,10673,140,18811,115,14982,49,6833,14,2480,25,3835,67,8034,4,1277,44,3822,0,23
2021-03-05,546,83681,276,42617,270,41064,280,49042,34,7661,60,4870,0,158,144,19415,28,2535,93,12458,66,10739,125,18936,94,15076,37,6870,13,2493,33,3868,61,8095,1,1278,23,3845,0,23
2021-03-06,558,84239,280,42897,278,41342,307,49349,32,7693,34,4904,2,160,154,19569,29,2564,87,12545,68,10807,120,19056,95,15171,53,6923,7,2500,17,3885,69,8164,4,1282,38,3883,0,23
2021-03-07,399,84638,208,43105,191,41533,265,49614,18,7711,5,4909,0,160,98,19667,13,2577,69,12614,47,10854,93,19149,82,15253,27,6950,5,2505,12,3897,41,8205,0,1282,23,3906,0,23
2021-03-08,497,85135,272,43377,225,41758,266,49880,30,7741,52,4961,0,160,141,19808,8,2585,79,12693,63,10917,122,19271,94,15347,38,6988,4,2509,17,3914,58,8263,2,1284,20,3926,0,23
2021-03-09,529,85664,259,43636,270,42028,293,50173,39,7780,31,4992,1,161,146,19954,19,2604,76,12769,79,10996,108,19379,100,15447,40,7028,9,2518,20,3934,55,8318,3,1287,39,3965,0,23
2021-03-10,580,86244,283,43919,297,42325,322,50495,24,7804,61,5053,0,161,131,20085,42,2646,81,12850,66,11062,143,19522,113,15560,54,7082,9,2527,15,3949,67,8385,2,1289,30,3995,0,23
2021-03-11,659,86903,375,44294,284,42609,369,50864,45,7849,58,5111,0,161,153,20238,34,2680,85,12935,75,11137,156,19678,124,15684,60,7142,15,2542,22,3971,80,8465,7,1296,35,4030,0,23
2021-03-12,550,87453,277,44571,273,42882,299,51163,28,7877,44,5155,0,161,141,20379,38,2718,96,13031,79,11216,121,19799,98,15782,42,7184,8,2550,24,3995,55,8520,1,1297,26,4056,0,23
2021-03-13,526,87979,291,44862,235,43117,311,51474,28,7905,35,5190,1,162,132,20511,19,2737,64,13095,55,11271,117,19916,112,15894,40,7224,11,2561,24,4019,68,8588,3,1300,32,4088,0,23
2021-03-14,483,88462,257,45119,226,43343,262,51736,22,7927,58,5248,1,163,120,20631,20,2757,76,13171,66,11337,112,20028,77,15971,51,7275,8,2569,20,4039,44,8632,5,1305,24,4112,0,23
2021-03-15,482,88944,247,45366,235,43578,281,52017,15,7942,25,5273,0,163,138,20769,23,2780,63,13234,58,11395,96,20124,91,16062,53,7328,7,2576,27,4066,56,8688,2,1307,29,4141,0,23
2021-03-16,514,89458,256,45622,258,43836,306,52323,30,7972,34,5307,3,166,128,20897,13,2793,69,13303,63,11458,136,20260,98,16160,44,7372,10,2586,17,4083,48,8736,2,1309,27,4168,0,23
2021-03-17,597,90055,307,45929,290,44126,303,52626,30,8002,56,5363,0,166,175,21072,33,2826,91,13394,87,11545,155,20415,106,16266,45,7417,6,2592,20,4103,52,8788,3,1312,32,4200,0,23
2021-03-18,734,90789,385,46314,349,44475,424,53050,33,8035,67,5430,0,166,174,21246,36,2862,85,13479,88,11633,171,20586,135,16401,76,7493,15,2607,33,4136,82,8870,1,1313,48,4248,0,23
2021-03-19,578,91367,293,46607,285,44760,295,53345,23,8058,60,5490,0,166,172,21418,28,2890,78,13557,77,11710,145,20731,125,16526,48,7541,10,2617,18,4154,44,8914,1,1314,32,4280,0,23
2021-03-20,614,91981,338,46945,276,45036,356,53701,29,8087,58,5548,2,168,150,21568,19,2909,80,13637,87,11797,139,20870,102,16628,51,7592,16,2633,25,4179,79,8993,0,1314,35,4315,0,23
2021-03-21,660,92641,344,47289,316,45352,408,54109,36,8123,30,5578,0,168,153,21721,33,2942,98,13735,72,11869,157,21027,127,16755,63,7655,6,2639,29,4208,70,9063,1,1315,37,4352,0,23
2021-03-22,586,93227,305,47594,281,45633,294,54403,34,8157,20,5598,3,171,216,21937,19,2961,75,13810,78,11947,146,21173,109,16864,62,7717,9,2648,26,4234,57,9120,2,1317,22,4374,0,23
2021-03-23,721,93948,421,48015,300,45933,377,54780,35,8192,45,5643,1,172,237,22174,26,2987,107,13917,89,12036,182,21355,143,17007,55,7772,7,2655,26,4260,69,9189,3,1320,40,4414,0,23
2021-03-24,804,94752,422,48437,382,46315,391,55171,48,8240,62,5705,0,172,263,22437,40,3027,116,14033,79,12115,178,21533,189,17196,67,7839,12,2667,35,4295,86,9275,3,1323,39,4453,0,23
2021-03-25,991,95743,540,48977,451,46766,487,55658,48,8288,92,5797,3,175,304,22741,57,3084,167,14200,111,12226,259,21792,173,17369,76,7915,17,2684,26,4321,109,9384,3,1326,50,4503,0,23
2021-03-26,885,96628,471,49448,414,47180,430,56088,67,8355,47,5844,1,176,278,23019,62,3146,108,14308,113,12339,219,22011,167,17536,52,7967,20,2704,46,4367,105,9489,6,1332,49,4552,0,23
2021-03-27,826,97454,430,49878,396,47576,443,56531,43,8398,34,5878,0,176,278,23297,28,3174,126,14434,102,12441,190,22201,147,17683,55,8022,19,2723,31,4398,89,9578,1,1333,66,4618,0,23
2021-03-28,802,98256,384,50262,418,47994,414,56945,52,8450,39,5917,0,176,247,23544,50,3224,120,14554,126,12567,188,22389,145,17828,54,8076,9,2732,30,4428,94,9672,1,1334,35,4653,0,23
2021-03-29,786,99042,422,50684,364,48358,383,57328,58,8508,32,5949,1,177,267,23811,45,3269,109,14663,109,12676,166,22555,158,17986,59,8135,10,2742,34,4462,86,9758,6,1340,49,4702,0,23
2021-03-30,1024,100066,538,51222,486,48844,475,57803,64,8572,52,6001,1,178,379,24190,53,3322,148,14811,129,12805,245,22800,214,18200,57,8192,16,2758,30,4492,118,9876,6,1346,61,4763,0,23
2021-03-31,881,100947,457,51679,424,49268,402,58205,59,8631,50,6051,1,179,312,24502,57,3379,158,14969,80,12885,197,22997,191,18391,63,8255,11,2769,34,4526,109,9985,1,1347,37,4800,0,23
2021-04-01,1073,102020,560,52239,513,49781,480,58685,86,8717,66,6117,1,180,364,24866,76,3455,140,15109,125,13010,272,23269,229,18620,78,8333,15,2784,41,4567,116,10101,2,1349,55,4855,0,23
2021-04-02,1105,103125,562,52801,543,50324,581,59266,80,8797,40,6157,0,180,338,25204,66,3521,179,15288,116,13126,284,23553,231,18851,75,8408,9,2793,47,4614,108,10209,2,1351,54,4909,0,23
2021-04-03,1028,104153,530,53331,498,50822,526,59792,71,8868,61,6218,1,181,312,25516,57,3578,134,15422,138,13264,228,23781,198,19049,98,8506,9,2802,41,4655,114,10323,4,1355,64,4973,0,23
2021-04-04,911,105064,488,53819,423,51245,476,60268,63,8931,39,6257,0,181,285,25801,48,3626,147,15569,113,13377,208,23989,161,19210,84,8590,12,2814,37,4692,88,10411,4,1359,57,5030,0,23
2021-04-05,928,105992,479,54298,449,51694,451,60719,91,9022,33,6290,0,181,300,26101,53,3679,138,15707,117,13494,198,24187,187,19397,78,8668,12,2826,28,4720,110,10521,3,1362,57,5087,0,23
2021-04-06,1034,107026,552,54850,482,52176,470,61189,100,9122,34,6324,0,181,365,26466,65,3744,159,15866,131,13625,238,24425,220,19617,78,8746,15,2841,39,4759,88,10609,3,1365,63,5150,0,23
2021-04-07,1318,108344,690,55540,628,52804,669,61858,101,9223,55,6379,2,183,425,26891,66,3810,202,16068,164,13789,295,24720,254,19871,104,8850,16,2857,44,4803,167,10776,3,1368,69,5219,0,23
2021-04-08,1218,109562,607,56147,611,53415,623,62481,109,9332,67,6446,0,183,367,27258,52,3862,159,16227,150,13939,301,25021,256,20127,91,8941,10,2867,41,4844,132,10908,5,1373,73,5292,0,23
2021-04-09,1300,110862,663,56810,637,54052,765,63246,99,9431,62,6508,0,183,294,27552,80,3942,193,16420,132,14071,304,25325,231,20358,108,9049,13,2880,42,4886,183,11091,3,1376,91,5383,0,23
2021-04-10,1063,111925,536,57346,527,54579,616,63862,125,9556,24,6532,0,183,252,27804,46,3988,146,16566,127,14198,252,25577,179,20537,75,9124,17,2897,39,4925,144,11235,2,1378,82,5465,0,23
2021-04-11,1039,112964,542,57888,497,55076,650,64512,93,9649,36,6568,0,183,209,28013,51,4039,152,16718,122,14320,238,25815,178,20715,90,9214,10,2907,38,4963,137,11372,2,1380,72,5537,0,23
2021-04-12,942,113906,481,58369,461,55537,522,65034,86,9735,30,6598,2,185,262,28275,40,4079,152,16870,120,14440,205,26020,162,20877,78,9292,6,2913,31,4994,125,11497,3,1383,60,5597,0,23
2021-04-13,1004,114910,529,58898,475,56012,544,65578,89,9824,46,6644,0,185,274,28549,51,4130,155,17025,135,14575,217,26237,185,21062,63,9355,13,2926,44,5038,121,11618,1,1384,70,5667,0,23
2021-04-14,1224,116134,651,59549,573,56585,733,66311,91,9915,57,6701,0,185,300,28849,43,4173,183,17208,151,14726,262,26499,219,21281,107,9462,10,2936,49,5087,149,11767,4,1388,90,5757,0,23
2021-04-15,929,117063,486,60035,443,57028,518,66829,93,10008,35,6736,0,185,238,29087,45,4218,144,17352,111,14837,198,26697,170,21451,94,9556,18,2954,30,5117,93,11860,0,1388,71,5828,0,23
2021-04-16,1085,118148,556,60591,529,57557,666,67495,102,10110,19,6755,0,185,269,29356,29,4247,163,17515,137,14974,219,26916,206,21657,110,9666,18,2972,39,5156,117,11977,2,1390,74,5902,0,23
2021-04-17,967,119115,496,61087,471,58028,605,68100,63,10173,37,6792,0,185,220,29576,42,4289,150,17665,105,15079,181,27097,163,21820,92,9758,7,2979,32,5188,145,12122,2,1392,90,5992,0,23
2021-04-18,1019,120134,530,61617,489,58517,627,68727,68,10241,46,6838,0,185,243,29819,35,4324,135,17800,135,15214,206,27303,176,21996,82,9840,18,2997,52,5240,122,12244,3,1395,90,6082,0,23
2021-04-19,749,120883,392,62009,357,58874,421,69148,40,10281,31,6869,3,188,226,30045,28,4352,117,17917,93,15307,161,27464,133,22129,49,9889,11,3008,26,5266,101,12345,1,1396,57,6139,0,23
2021-04-20,930,121813,483,62492,447,59321,591,69739,90,10371,23,6892,0,188,200,30245,26,4378,145,18062,105,15412,179,27643,170,22299,72,9961,7,3015,40,5306,135,12480,0,1396,77,6216,0,23
2021-04-21,960,122773,509,63001,451,59772,575,70314,74,10445,49,6941,0,188,221,30466,41,4419,124,18186,132,15544,174,27817,186,22485,81,10042,12,3027,41,5347,123,12603,7,1403,80,6296,0,23
2021-04-22,1013,123786,487,63488,526,60298,653,70967,71,10516,37,6978,1,189,227,30693,24,4443,143,18329,128,15672,209,28026,210,22695,75,10117,13,3040,30,5377,125,12728,1,1404,79,6375,0,23
2021-04-23,891,124677,458,63946,433,60731,563,71530,81,10597,32,7010,0,189,179,30872,36,4479,124,18453,102,15774,188,28214,179,22874,78,10195,21,3061,24,5401,95,12823,5,1409,75,6450,0,23
2021-04-24,876,125553,436,64382,440,61171,611,72141,80,10677,17,7027,4,193,133,31005,31,4510,141,18594,121,15895,181,28395,169,23043,66,10261,9,3070,25,5426,91,12914,2,1411,71,6521,0,23
2021-04-25,765,126318,407,64789,358,61529,484,72625,59,10736,48,7075,0,193,157,31162,17,4527,124,18718,83,15978,141,28536,150,23193,65,10326,14,3084,35,5461,97,13011,1,1412,55,6576,0,23
2021-04-26,775,127093,417,65206,358,61887,515,73140,68,10804,12,7087,0,193,153,31315,27,4554,104,18822,86,16064,172,28708,141,23334,66,10392,7,3091,28,5489,94,13105,1,1413,76,6652,0,23
2021-04-27,797,127890,421,65627,376,62263,511,73651,69,10873,23,7110,0,193,159,31474,35,4589,109,18931,107,16171,175,28883,140,23474,63,10455,13,3104,19,5508,96,13201,10,1423,65,6717,0,23
2021-04-28,871,128761,475,66102,396,62659,585,74236,51,10924,23,7133,1,194,181,31655,30,4619,140,19071,104,16275,172,29055,164,23638,75,10530,8,3112,30,5538,101,13302,4,1427,73,6790,0,23
2021-04-29,747,129508,392,66494,355,63014,457,74693,73,10997,26,7159,0,194,160,31815,31,4650,98,19169,80,16355,161,29216,156,23794,55,10585,5,3117,21,5559,98,13400,1,1428,72,6862,0,23
2021-04-30,892,130400,446,66940,446,63460,606,75299,63,11060,15,7174,0,194,182,31997,26,4676,122,19291,100,16455,197,29413,159,23953,85,10670,7,3124,19,5578,118,13518,5,1433,80,6942,0,23
2021-05-01,689,131089,348,67288,341,63801,490,75789,33,11093,22,7196,0,194,123,32120,21,4697,106,19397,84,16539,144,29557,122,24075,58,10728,6,3130,16,5594,87,13605,2,1435,64,7006,0,23
2021-05-02,645,131734,328,67616,317,64118,434,76223,35,11128,22,7218,0,194,139,32259,15,4712,116,19513,80,16619,119,29676,104,24179,54,10782,9,3139,21,5615,83,13688,4,1439,55,7061,0,23
2021-05-03,568,132302,297,67913,271,64389,372,76595,36,11164,11,7229,0,194,132,32391,17,4729,80,19593,61,16680,124,29800,117,24296,43,10825,8,3147,16,5631,70,13758,7,1446,42,7103,0,23
2021-05-04,629,132931,322,68235,307,64696,409,77004,61,11225,13,7242,0,194,126,32517,20,4749,88,19681,70,16750,146,29946,131,24427,46,10871,7,3154,17,5648,69,13827,1,1447,54,7157,0,23
2021-05-05,711,133642,371,68606,340,65036,474,77478,45,11270,29,7271,0,194,147,32664,16,4765,90,19771,75,16825,186,30132,125,24552,59,10930,5,3159,20,5668,96,13923,0,1447,55,7212,0,23
2021-05-06,651,134293,325,68931,326,65362,452,77930,41,11311,19,7290,1,195,121,32785,17,4782,76,19847,62,16887,134,30266,144,24696,56,10986,5,3164,24,5692,80,14003,2,1449,68,7280,0,23
2021-05-07,616,134909,344,69275,272,65634,428,78358,48,11359,18,7308,1,196,98,32883,23,4805,90,19937,75,16962,137,30403,120,24816,43,11029,6,3170,14,5706,80,14083,1,1450,50,7330,0,23
2021-05-08,624,135533,329,69604,295,65929,409,78767,58,11417,25,7333,0,196,115,32998,17,4822,76,20013,70,17032,143,30546,114,24930,44,11073,9,3179,28,5734,87,14170,2,1452,51,7381,0,23
2021-05-09,569,136102,294,69898,275,66204,409,79176,39,11456,10,7343,0,196,98,33096,13,4835,78,20091,78,17110,124,30670,104,25034,45,11118,2,3181,11,5745,66,14236,1,1453,60,7441,0,23
2021-05-10,516,136618,278,70176,238,66442,300,79476,60,11516,17,7360,0,196,127,33223,12,4847,70,20161,54,17164,107,30777,113,25147,29,11147,12,3193,18,5763,64,14300,1,1454,48,7489,0,23
2021-05-11,574,137192,316,70492,258,66700,372,79848,42,11558,6,7366,0,196,144,33367,10,4857,101,20262,78,17242,101,30878,108,25255,41,11188,5,3198,15,5778,71,14371,2,1456,52,7541,0,23
2021-05-12,604,137796,328,70820,276,66976,376,80224,61,11619,18,7384,0,196,130,33497,19,4876,90,20352,68,17310,122,31000,112,25367,41,11229,2,3200,17,5795,87,14458,2,1458,63,7604,0,23
2021-05-13,480,138276,254,71074,226,67202,309,80533,32,11651,22,7406,0,196,109,33606,8,4884,57,20409,60,17370,125,31125,95,25462,25,11254,6,3206,12,5807,70,14528,3,1461,27,7631,0,23
2021-05-14,452,138728,240,71314,212,67414,282,80815,41,11692,15,7421,0,196,96,33702,18,4902,60,20469,59,17429,108,31233,75,25537,26,11280,7,3213,9,5816,58,14586,1,1462,49,7680,0,23
2021-05-15,485,139213,247,71561,238,67652,307,81122,52,11744,13,7434,0,196,105,33807,8,4910,67,20536,65,17494,90,31323,85,25622,47,11327,4,3217,18,5834,75,14661,3,1465,31,7711,0,23
2021-05-16,440,139653,221,71782,219,67871,301,81423,40,11784,18,7452,0,196,69,33876,12,4922,67,20603,51,17545,90,31413,90,25712,31,11358,1,3218,15,5849,61,14722,3,1468,31,7742,0,23
2021-05-17,397,140050,216,71998,181,68052,249,81672,55,11839,8,7460,0,196,74,33950,11,4933,51,20654,48,17593,77,31490,74,25786,31,11389,9,3227,12,5861,61,14783,2,1470,32,7774,0,23
2021-05-18,523,140573,261,72259,262,68314,336,82008,67,11906,30,7490,0,196,73,34023,17,4950,91,20745,58,17651,93,31583,102,25888,25,11414,6,3233,13,5874,88,14871,0,1470,47,7821,0,23
2021-05-19,375,140948,192,72451,183,68497,225,82233,35,11941,23,7513,1,197,79,34102,12,4962,55,20800,36,17687,89,31672,72,25960,19,11433,12,3245,9,5883,41,14912,3,1473,39,7860,0,23
2021-05-20,433,141381,222,72673,211,68708,248,82481,59,12000,32,7545,0,197,87,34189,7,4969,56,20856,35,17722,120,31792,77,26037,24,11457,8,3253,20,5903,62,14974,0,1473,31,7891,0,23
2021-05-21,353,141734,176,72849,177,68885,207,82688,43,12043,20,7565,0,197,67,34256,16,4985,44,20900,41,17763,91,31883,54,26091,21,11478,4,3257,14,5917,48,15022,2,1475,34,7925,0,23
2021-05-22,335,142069,178,73027,157,69042,210,82898,37,12080,17,7582,1,198,66,34322,4,4989,42,20942,34,17797,72,31955,59,26150,21,11499,7,3264,9,5926,54,15076,1,1476,36,7961,0,23
2021-05-23,302,142371,151,73178,151,69193,190,83088,37,12117,8,7590,0,198,60,34382,7,4996,46,20988,34,17831,66,32021,56,26206,12,11511,5,3269,11,5937,38,15114,4,1480,30,7991,0,23
2021-05-24,253,142624,128,73306,125,69318,157,83245,30,12147,4,7594,0,198,57,34439,5,5001,35,21023,31,17862,58,32079,44,26250,15,11526,7,3276,10,5947,33,15147,2,1482,18,8009,0,23
2021-05-25,253,142877,133,73439,120,69438,126,83371,41,12188,10,7604,0,198,67,34506,9,5010,43,21066,32,17894,43,32122,49,26299,15,11541,1,3277,10,5957,39,15186,1,1483,20,8029,0,23
2021-05-26,393,143270,215,73654,178,69616,196,83567,71,12259,18,7622,0,198,94,34600,14,5024,54,21120,38,17932,88,32210,66,26365,20,11561,3,3280,14,5971,69,15255,0,1483,41,8070,0,23
2021-05-27,315,143585,157,73811,158,69774,162,83729,62,12321,16,7638,1,199,71,34671,3,5027,43,21163,25,17957,80,32290,59,26424,16,11577,4,3284,9,5980,52,15307,3,1486,24,8094,0,23
2021-05-28,251,143836,138,73949,113,69887,130,83859,38,12359,16,7654,0,199,56,34727,11,5038,33,21196,22,17979,61,32351,44,26468,13,11590,5,3289,10,5990,36,15343,0,1486,27,8121,0,23
2021-05-29,246,144082,113,74062,133,70020,159,84018,37,12396,13,7667,1,200,31,34758,5,5043,31,21227,19,17998,49,32400,50,26518,17,11607,2,3291,9,5999,45,15388,1,1487,23,8144,0,23
2021-05-30,218,144300,111,74173,107,70127,110,84128,38,12434,10,7677,0,200,59,34817,1,5044,23,21250,26,18024,48,32448,56,26574,14,11621,1,3292,6,6005,23,15411,0,1487,21,8165,0,23
2021-05-31,154,144454,87,74260,67,70194,100,84228,11,12445,2,7679,0,200,41,34858,0,5044,23,21273,18,18042,29,32477,30,26604,12,11633,1,3293,4,6009,21,15432,0,1487,16,8181,0,23
2021-06-01,198,144652,108,74368,90,70284,119,84347,34,12479,4,7683,0,200,39,34897,2,5046,31,21304,19,18061,41,32518,41,26645,12,11645,2,3295,4,6013,34,15466,0,1487,14,8195,0,23
2021-06-02,199,144851,123,74491,76,70360,96,84443,33,12512,6,7689,0,200,62,34959,2,5048,39,21343,19,18080,37,32555,33,26678,13,11658,1,3296,7,6020,33,15499,0,1487,17,8212,0,23
2021-06-03,179,145030,100,74591,79,70439,100,84543,29,12541,7,7696,1,201,39,34998,3,5051,29,21372,18,18098,44,32599,38,26716,9,11667,0,3296,5,6025,27,15526,0,1487,9,8221,0,23
2021-06-04,227,145257,113,74704,114,70553,125,84668,59,12600,7,7703,0,201,35,35033,1,5052,30,21402,22,18120,54,32653,31,26747,15,11682,3,3299,5,6030,54,15580,1,1488,12,8233,0,23
2021-06-05,138,145395,70,74774,68,70621,83,84751,30,12630,1,7704,0,201,19,35052,5,5057,21,21423,11,18131,24,32677,31,26778,12,11694,4,3303,0,6030,25,15605,0,1488,10,8243,0,23
2021-06-06,134,145529,60,74834,74,70695,87,84838,17,12647,9,7713,0,201,18,35070,3,5060,18,21441,19,18150,28,32705,20,26798,9,11703,0,3303,4,6034,22,15627,2,1490,12,8255,0,23
2021-06-07,154,145683,85,74919,69,70764,71,84909,36,12683,7,7720,0,201,29,35099,11,5071,26,21467,22,18172,35,32740,26,26824,10,11713,1,3304,4,6038,22,15649,0,1490,8,8263,0,23
2021-06-08,169,145852,91,75010,78,70842,86,84995,32,12715,7,7727,0,201,31,35130,13,5084,16,21483,30,18202,40,32780,44,26868,5,11718,1,3305,0,6038,25,15674,0,1490,8,8271,0,23
2021-06-09,159,146011,91,75101,68,70910,76,85071,41,12756,9,7736,2,203,20,35150,11,5095,27,21510,22,18224,36,32816,32,26900,11,11729,2,3307,6,6044,17,15691,1,1491,5,8276,0,23
2021-06-10,144,146155,62,75163,82,70992,69,85140,31,12787,10,7746,0,203,26,35176,8,5103,25,21535,14,18238,37,32853,22,26922,11,11740,3,3310,5,6049,14,15705,0,1491,13,8289,0,23
2021-06-11,108,146263,63,75226,45,71037,45,85185,28,12815,15,7761,0,203,16,35192,4,5107,21,21556,6,18244,19,32872,27,26949,11,11751,1,3311,2,6051,8,15713,2,1493,11,8300,0,23
2021-06-12,118,146381,62,75288,56,71093,66,85251,25,12840,3,7764,0,203,19,35211,5,5112,15,21571,12,18256,20,32892,19,26968,10,11761,2,3313,7,6058,19,15732,0,1493,14,8314,0,23
2021-06-13,71,146452,33,75321,38,71131,41,85292,16,12856,0,7764,0,203,12,35223,2,5114,7,21578,8,18264,12,32904,21,26989,2,11763,1,3314,3,6061,9,15741,1,1494,7,8321,0,23
2021-06-14,106,146558,51,75372,55,71186,49,85341,23,12879,1,7765,0,203,29,35252,4,5118,11,21589,15,18279,20,32924,14,27003,10,11773,1,3315,2,6063,24,15765,0,1494,9,8330,0,23
2021-06-15,109,146667,59,75431,50,71236,56,85397,32,12911,0,7765,0,203,16,35268,5,5123,16,21605,8,18287,21,32945,21,27024,13,11786,1,3316,3,6066,17,15782,1,1495,8,8338,0,23
2021-06-16,124,146791,59,75490,65,71301,52,85449,38,12949,4,7769,0,203,26,35294,4,5127,16,21621,10,18297,19,32964,23,27047,9,11795,4,3320,5,6071,23,15805,0,1495,15,8353,0,23
2021-06-17,115,146906,63,75553,52,71353,65,85514,23,12972,6,7775,1,204,16,35310,4,5131,12,21633,6,18303,28,32992,27,27074,8,11803,0,3320,7,6078,14,15819,1,1496,12,8365,0,23
2021-06-18,92,146998,51,75604,41,71394,37,85551,22,12994,9,7784,0,204,23,35333,1,5132,14,21647,14,18317,18,33010,7,27081,7,11810,4,3324,6,6084,13,15832,1,1497,8,8373,0,23
2021-06-19,92,147090,51,75655,41,71435,43,85594,29,13023,2,7786,1,205,14,35347,3,5135,15,21662,18,18335,14,33024,14,27095,6,11816,0,3324,3,6087,12,15844,0,1497,10,8383,0,23
2021-06-20,45,147135,22,75677,23,71458,16,85610,14,13037,1,7787,0,205,12,35359,2,5137,7,21669,4,18339,5,33029,11,27106,1,11817,1,3325,3,6090,6,15850,0,1497,7,8390,0,23
2021-06-21,57,147192,27,75704,30,71488,15,85625,23,13060,4,7791,0,205,11,35370,4,5141,4,21673,6,18345,6,33035,10,27116,6,11823,2,3327,4,6094,9,15859,1,1498,9,8399,0,23
2021-06-22,83,147275,36,75740,47,71535,50,85675,16,13076,0,7791,0,205,13,35383,4,5145,11,21684,8,18353,17,33052,20,27136,5,11828,5,3332,4,6098,6,15865,1,1499,6,8405,0,23
2021-06-23,74,147349,36,75776,38,71573,43,85718,11,13087,2,7793,0,205,14,35397,4,5149,13,21697,7,18360,16,33068,12,27148,9,11837,0,3332,2,6100,5,15870,2,1501,8,8413,0,23
2021-06-24,74,147423,44,75820,30,71603,34,85752,10,13097,1,7794,1,206,24,35421,4,5153,12,21709,6,18366,17,33085,16,27164,6,11843,2,3334,2,6102,5,15875,0,1501,8,8421,0,23
2021-06-25,54,147477,28,75848,26,71629,30,85782,13,13110,0,7794,0,206,9,35430,2,5155,11,21720,5,18371,10,33095,12,27176,7,11850,0,3334,0,6102,4,15879,0,1501,5,8426,0,23
2021-06-26,53,147530,27,75875,26,71655,25,85807,14,13124,0,7794,1,207,13,35443,0,5155,6,21726,3,18374,11,33106,8,27184,6,11856,3,3337,2,6104,9,15888,0,1501,5,8431,0,23
2021-06-27,40,147570,21,75896,19,71674,19,85826,12,13136,0,7794,1,208,7,35450,1,5156,8,21734,4,18378,6,33112,10,27194,3,11859,0,3337,0,6104,6,15894,1,1502,2,8433,0,23
2021-06-28,32,147602,21,75917,11,71685,9,85835,13,13149,1,7795,0,208,6,35456,3,5159,5,21739,2,18380,4,33116,9,27203,2,11861,2,3339,2,6106,4,15898,1,1503,1,8434,0,23
2021-06-29,47,147649,22,75939,25,71710,22,85857,12,13161,1,7796,1,209,10,35466,1,5160,4,21743,2,18382,16,33132,10,27213,3,11864,3,3342,2,6108,2,15900,0,1503,5,8439,0,23
2021-06-30,48,147697,22,75961,26,71736,18,85875,24,13185,2,7798,0,209,4,35470,0,5160,6,21749,3,18385,18,33150,7,27220,4,11868,0,3342,0,6108,8,15908,2,1505,0,8439,0,23
2021-07-01,36,147733,20,75981,16,71752,16,85891,6,13191,0,7798,1,210,13,35483,0,5160,4,21753,1,18386,14,33164,9,27229,1,11869,1,3343,0,6108,5,15913,0,1505,1,8440,0,23
2021-07-02,31,147764,16,75997,15,71767,11,85902,14,13205,2,7800,0,210,3,35486,1,5161,5,21758,4,18390,8,33172,9,27238,0,11869,0,3343,2,6110,2,15915,0,1505,1,8441,0,23
2021-07-03,38,147802,24,76021,14,71781,13,85915,21,13226,0,7800,1,211,3,35489,0,5161,5,21763,5,18395,8,33180,5,27243,2,11871,1,3344,0,6110,8,15923,0,1505,4,8445,0,23
2021-07-04,26,147828,17,76038,9,71790,13,85928,9,13235,0,7800,2,213,1,35490,1,5162,3,21766,1,18396,8,33188,3,27246,4,11875,0,3344,4,6114,2,15925,0,1505,1,8446,0,23
2021-07-05,46,147874,27,76065,19,71809,17,85945,13,13248,2,7802,2,215,12,35502,0,5162,5,21771,1,18397,8,33196,16,27262,6,11881,0,3344,4,6118,5,15930,1,1506,0,8446,0,23
2021-07-06,45,147919,18,76083,27,71836,13,85958,15,13263,0,7802,0,215,15,35517,2,5164,5,21776,5,18402,15,33211,12,27274,2,11883,0,3344,2,6120,3,15933,0,1506,1,8447,0,23
2021-07-07,66,147985,33,76116,33,71869,22,85980,22,13285,1,7803,0,215,14,35531,7,5171,10,21786,12,18414,18,33229,9,27283,3,11886,0,3344,0,6120,11,15944,0,1506,3,8450,0,23
2021-07-08,51,148036,27,76143,24,71893,16,85996,16,13301,1,7804,0,215,12,35543,6,5177,7,21793,4,18418,14,33243,9,27292,7,11893,0,3344,2,6122,3,15947,0,1506,5,8455,0,23
2021-07-09,51,148087,26,76169,25,71918,16,86012,14,13315,0,7804,0,215,16,35559,5,5182,6,21799,3,18421,23,33266,5,27297,1,11894,0,3344,1,6123,5,15952,0,1506,7,8462,0,23
2021-07-10,39,148126,19,76188,20,71938,17,86029,15,13330,0,7804,1,216,6,35565,0,5182,3,21802,2,18423,12,33278,9,27306,8,11902,0,3344,0,6123,4,15956,0,1506,1,8463,0,23
2021-07-11,30,148156,14,76202,16,71954,6,86035,10,13340,0,7804,1,217,13,35578,0,5182,5,21807,3,18426,9,33287,7,27313,2,11904,0,3344,0,6123,3,15959,0,1506,1,8464,0,23
2021-07-12,42,148198,19,76221,23,71977,15,86050,13,13353,0,7804,0,217,13,35591,1,5183,1,21808,4,18430,16,33303,7,27320,1,11905,0,3344,0,6123,8,15967,0,1506,5,8469,0,23
2021-07-13,33,148231,16,76237,17,71994,11,86061,13,13366,1,7805,2,219,5,35596,1,5184,8,21816,1,18431,13,33316,6,27326,1,11906,0,3344,0,6123,4,15971,0,1506,0,8469,0,23
2021-07-14,56,148287,36,76273,20,72014,22,86083,18,13384,1,7806,0,219,9,35605,6,5190,10,21826,6,18437,14,33330,12,27338,3,11909,2,3346,2,6125,5,15976,0,1506,2,8471,0,23
2021-07-15,47,148334,18,76291,29,72043,14,86097,22,13406,1,7807,0,219,8,35613,2,5192,12,21838,3,18440,14,33344,8,27346,4,11913,0,3346,0,6125,5,15981,0,1506,1,8472,0,23
2021-07-16,54,148388,34,76325,20,72063,19,86116,21,13427,0,7807,0,219,12,35625,2,5194,8,21846,6,18446,18,33362,11,27357,4,11917,0,3346,3,6128,3,15984,0,1506,1,8473,0,23
2021-07-17,64,148452,37,76362,27,72090,26,86142,27,13454,3,7810,0,219,7,35632,1,5195,4,21850,4,18450,20,33382,13,27370,8,11925,0,3346,4,6132,6,15990,0,1506,5,8478,0,23
2021-07-18,48,148500,21,76383,27,72117,24,86166,12,13466,0,7810,0,219,11,35643,1,5196,8,21858,8,18458,10,33392,13,27383,0,11925,0,3346,1,6133,1,15991,2,1508,5,8483,0,23
2021-07-19,65,148565,38,76421,27,72144,14,86180,33,13499,2,7812,0,219,12,35655,4,5200,10,21868,6,18464,16,33408,11,27394,2,11927,1,3347,0,6133,16,16007,0,1508,3,8486,0,23
2021-07-20,79,148644,38,76459,41,72185,24,86204,32,13531,0,7812,0,219,22,35677,1,5201,10,21878,5,18469,22,33430,23,27417,2,11929,2,3349,2,6135,9,16016,0,1508,4,8490,0,23
2021-07-21,97,148741,47,76506,50,72235,34,86238,39,13570,1,7813,0,219,19,35696,4,5205,9,21887,7,18476,44,33474,15,27432,0,11929,0,3349,1,6136,9,16025,0,1508,12,8502,0,23
2021-07-22,114,148855,67,76573,47,72282,25,86263,70,13640,4,7817,0,219,9,35705,6,5211,8,21895,8,18484,57,33531,22,27454,2,11931,1,3350,1,6137,10,16035,1,1509,4,8506,0,23
2021-07-23,90,148945,46,76619,44,72326,15,86278,46,13686,1,7818,0,219,23,35728,5,5216,5,21900,3,18487,45,33576,18,27472,3,11934,0,3350,4,6141,8,16043,0,1509,4,8510,0,23
2021-07-24,87,149032,35,76654,52,72378,12,86290,57,13743,2,7820,0,219,11,35739,5,5221,4,21904,4,18491,44,33620,17,27489,2,11936,1,3351,0,6141,12,16055,0,1509,3,8513,0,23
2021-07-25,97,149129,59,76713,38,72416,21,86311,60,13803,2,7822,0,219,12,35751,2,5223,5,21909,8,18499,46,33666,19,27508,1,11937,0,3351,2,6143,11,16066,0,1509,5,8518,0,23
2021-07-26,135,149264,76,76789,59,72475,29,86340,85,13888,2,7824,2,221,12,35763,5,5228,11,21920,11,18510,65,33731,20,27528,6,11943,1,3352,0,6143,12,16078,0,1509,9,8527,0,23
2021-07-27,195,149459,100,76889,95,72570,39,86379,114,14002,4,7828,0,221,29,35792,9,5237,18,21938,7,18517,80,33811,35,27563,7,11950,1,3353,1,6144,35,16113,1,1510,10,8537,0,23
2021-07-28,205,149664,98,76987,107,72677,52,86431,109,14111,4,7832,2,223,27,35819,11,5248,16,21954,12,18529,93,33904,43,27606,6,11956,1,3354,0,6144,23,16136,0,1510,11,8548,0,23
2021-07-29,240,149904,133,77120,107,72784,57,86488,132,14243,5,7837,1,224,30,35849,15,5263,20,21974,15,18544,105,34009,55,27661,10,11966,1,3355,0,6144,23,16159,2,1512,9,8557,0,23
2021-07-30,176,150080,94,77214,82,72866,45,86533,74,14317,2,7839,0,224,36,35885,19,5282,16,21990,12,18556,81,34090,29,27690,8,11974,0,3355,2,6146,14,16173,0,1512,14,8571,0,23
2021-07-31,209,150289,111,77325,98,72964,37,86570,122,14439,4,7843,2,226,36,35921,8,5290,29,22019,15,18571,69,34159,41,27731,9,11983,2,3357,7,6153,20,16193,1,1513,16,8587,0,23
2021-08-01,196,150485,112,77437,84,73048,43,86613,121,14560,2,7845,0,226,18,35939,12,5302,11,22030,14,18585,79,34238,28,27759,9,11992,6,3363,4,6157,27,16220,1,1514,17,8604,0,23
2021-08-02,214,150699,117,77554,97,73145,57,86670,97,14657,14,7859,1,227,35,35974,10,5312,20,22050,17,18602,75,34313,40,27799,6,11998,0,3363,4,6161,39,16259,2,1516,11,8615,0,23
2021-08-03,287,150986,149,77703,138,73283,57,86727,150,14807,13,7872,1,228,40,36014,26,5338,41,22091,20,18622,87,34400,51,27850,8,12006,3,3366,6,6167,45,16304,3,1519,23,8638,0,23
2021-08-04,392,151378,197,77900,195,73478,70,86797,234,15041,16,7888,0,228,50,36064,22,5360,45,22136,34,18656,144,34544,68,27918,15,12021,3,3369,7,6174,48,16352,0,1519,28,8666,0,23
2021-08-05,469,151847,252,78152,217,73695,73,86870,280,15321,25,7913,1,229,58,36122,32,5392,60,22196,29,18685,148,34692,111,28029,16,12037,0,3369,5,6179,68,16420,1,1520,31,8697,0,23
2021-08-06,422,152269,219,78371,203,73898,106,86976,223,15544,6,7919,0,229,65,36187,22,5414,35,22231,36,18721,160,34852,73,28102,26,12063,2,3371,4,6183,58,16478,4,1524,24,8721,0,23
2021-08-07,386,152655,202,78573,184,74082,88,87064,211,15755,9,7928,0,229,60,36247,18,5432,39,22270,33,18754,131,34983,83,28185,16,12079,3,3374,6,6189,51,16529,0,1524,24,8745,0,23
2021-08-08,300,152955,158,78731,142,74224,79,87143,154,15909,18,7946,0,229,27,36274,22,5454,19,22289,22,18776,98,35081,73,28258,17,12096,3,3377,7,6196,39,16568,1,1525,21,8766,0,23
2021-08-09,359,153314,196,78927,163,74387,86,87229,183,16092,10,7956,0,229,51,36325,29,5483,29,22318,38,18814,103,35184,88,28346,15,12111,4,3381,4,6200,46,16614,3,1528,29,8795,0,23
2021-08-10,542,153856,265,79192,277,74664,127,87356,258,16350,23,7979,0,229,108,36433,26,5509,62,22380,48,18862,160,35344,119,28465,21,12132,4,3385,6,6206,71,16685,1,1529,49,8844,1,24
2021-08-11,540,154396,282,79474,258,74922,126,87482,272,16622,10,7989,0,229,99,36532,33,5542,49,22429,36,18898,187,35531,129,28594,22,12154,4,3389,7,6213,54,16739,4,1533,48,8892,0,24
2021-08-12,698,155094,366,79840,332,75254,142,87624,357,16979,65,8054,0,229,94,36626,40,5582,83,22512,54,18952,237,35768,157,28751,25,12179,3,3392,10,6223,75,16814,2,1535,52,8944,0,24
2021-08-13,517,155611,273,80113,244,75498,91,87715,282,17261,26,8080,0,229,78,36704,40,5622,45,22557,30,18982,165,35933,130,28881,22,12201,9,3401,13,6236,58,16872,1,1536,44,8988,0,24
2021-08-14,441,156052,228,80341,213,75711,106,87821,212,17473,33,8113,0,229,58,36762,32,5654,58,22615,36,19018,132,36065,95,28976,18,12219,5,3406,7,6243,51,16923,4,1540,35,9023,0,24
2021-08-15,461,156513,242,80583,219,75930,117,87938,237,17710,15,8128,0,229,55,36817,37,5691,52,22667,42,19060,128,36193,99,29075,19,12238,4,3410,11,6254,64,16987,6,1546,36,9059,0,24
