date,bw-pt,bw-dt,by-pt,by-dt,hb-pt,hb-dt,hh-pt,hh-dt,he-pt,he-dt,ni-pt,ni-dt,nw-pt,nw-dt,rp-pt,rp-dt,sl-pt,sl-dt,sh-pt,sh-dt,bb-pt,bb-dt,mv-pt,mv-dt,sn-pt,sn-dt,st-pt,st-dt,th-pt,th-dt,be-pt,be-dt,de-pt,de-dt
2020-03-01,14,0,6,0,1,0,1,0,8,0,1,0,66,0,2,0,0,0,2,0,0,0,0,0,0,0,0,0,0,0,0,0,103,0
2020-03-02,18,0,12,0,1,0,1,0,9,0,1,0,86,0,2,0,0,0,2,0,0,0,0,0,0,0,0,0,0,0,1,0,136,0
2020-03-03,25,0,22,0,1,0,2,0,9,0,1,0,101,0,2,0,0,0,2,0,1,0,0,0,1,0,0,0,1,0,3,0,174,0
2020-03-04,49,0,34,0,3,0,3,0,11,0,7,0,115,0,7,0,1,0,2,0,1,0,4,0,1,0,,,1,0,7,0,249,0
2020-03-05,72,0,56,0,3,0,5,0,13,0,18,0,181,0,8,0,1,0,7,0,1,0,4,0,1,0,,,1,0,12,0,387,0
2020-03-06,95,0,103,0,3,0,11,0,15,0,18,0,329,0,9,0,2,0,7,0,2,0,4,0,2,0,,,1,0,18,0,626,0
2020-03-07,167,0,120,0,3,0,12,0,15,0,18,0,373,0,12,0,3,0,8,0,2,0,4,0,4,0,,,2,0,27,0,781,0
2020-03-08,179,0,157,0,3,0,12,0,17,0,20,0,398,0,18,0,9,0,8,0,3,0,7,0,4,0,,,2,0,39,0,888,0
2020-03-09,200,0,241,0,3,0,15,0,23,0,37,0,483,2,18,0,9,0,10,0,5,0,8,0,12,0,,,2,0,47,0,1125,2
2020-03-10,233,0,298,0,3,0,26,0,31,0,48,0,483,2,26,0,9,0,10,0,7,0,11,0,22,0,7,0,4,0,47,0,1281,2
2020-03-11,273,0,350,0,20,0,46,0,44,0,73,0,483,3,26,0,16,0,28,0,22,0,14,0,25,0,15,0,9,0,89,0,1553,3
2020-03-12,448,1,484,1,37,0,88,0,94,0,127,0,687,3,53,0,16,0,31,0,27,0,20,0,44,0,27,0,13,0,135,0,2355,5
2020-03-13,448,1,542,1,40,0,98,0,143,0,228,0,934,3,103,0,41,0,48,0,41,0,30,0,82,0,42,0,28,0,172,0,3047,5
2020-03-14,562,2,665,1,47,0,159,0,197,0,250,0,1152,5,122,0,41,0,60,0,53,0,42,0,92,0,44,0,45,0,214,0,3776,8
2020-03-15,817,2,870,4,50,0,162,0,280,0,284,0,1405,5,169,0,41,0,103,0,54,0,47,0,128,0,46,0,50,0,262,0,4794,11
2020-03-16,1092,2,1051,4,52,0,264,0,336,0,388,0,1538,5,326,0,92,0,123,0,61,0,48,0,138,0,76,0,53,0,297,0,5965,11
2020-03-17,1462,2,1092,4,53,0,316,0,366,0,388,0,2102,6,443,0,92,0,126,0,69,0,48,0,180,0,76,0,53,0,342,0,7136,12
2020-03-18,1591,2,1226,4,65,0,365,0,425,0,541,0,2369,6,475,0,104,0,158,0,88,0,59,0,195,0,123,0,76,0,387,0,8179,12
2020-03-19,2131,6,1674,8,76,0,441,0,674,0,732,0,3029,6,638,0,115,0,200,0,129,0,101,0,272,0,158,0,100,0,569,0,10976,20
2020-03-20,2716,10,2383,12,116,0,601,0,805,1,865,0,3493,6,802,1,161,0,264,1,185,0,133,0,391,0,197,0,150,0,727,0,13932,31
2020-03-21,3628,16,2942,19,137,0,602,0,1072,2,1085,0,3538,6,938,1,201,0,306,1,246,0,167,0,564,0,205,1,188,0,862,1,16625,47
2020-03-22,3765,21,3631,21,159,0,898,0,1166,2,1367,1,3541,6,1053,2,201,0,344,1,266,0,173,0,602,0,228,0,217,0,1019,1,18582,55
2020-03-23,3769,21,4873,26,163,0,971,0,1338,3,1544,4,5611,28,1177,2,213,0,380,1,279,0,173,0,649,0,228,0,249,0,1072,1,22647,86
2020-03-24,5289,30,5735,30,176,0,1075,0,1610,4,1825,6,6313,33,1370,5,347,1,474,2,333,0,200,0,807,1,337,0,326,1,1215,1,27394,114
2020-03-25,6002,37,6538,37,193,0,1302,0,1744,4,2200,7,7192,43,1590,5,411,2,572,3,417,1,219,0,954,6,391,1,393,1,1422,2,31508,149
2020-03-26,7203,56,7973,47,204,1,1305,0,2147,6,2407,8,7918,53,1815,6,440,2,670,3,464,1,244,0,1136,7,433,1,467,3,1650,4,36447,198
2020-03-27,8072,70,9461,55,233,1,1749,2,2313,7,2870,10,9229,72,1970,8,509,2,806,4,523,1,259,0,1300,7,473,2,541,4,1949,8,42231,253
2020-03-28,9675,101,11130,77,252,2,1824,2,2593,9,3209,12,10601,80,2210,11,553,2,909,4,628,1,308,0,1426,9,473,2,582,5,2154,8,48507,325
2020-03-29,9687,101,12860,107,267,2,1908,4,2594,9,3509,21,11394,98,2394,12,563,2,999,6,701,1,347,1,1611,9,606,2,695,5,2353,9,52473,389
2020-03-30,10824,119,13968,127,277,2,2123,5,3079,13,3790,26,12171,101,2582,18,705,7,1042,7,740,2,354,1,1789,9,606,2,716,5,2457,11,57215,455
2020-03-31,12200,165,14788,162,285,4,2266,9,3271,17,4121,34,13218,117,2723,19,778,7,1112,9,775,2,364,1,1875,12,694,6,781,6,2568,13,61816,583
2020-04-01,13410,197,16497,225,311,5,2311,14,3445,21,4382,42,14351,134,2899,23,829,8,1246,10,881,4,406,3,2034,17,750,7,860,6,2754,16,67366,732
2020-04-02,14662,241,18496,268,327,6,2406,14,3707,27,4695,45,15427,161,3132,26,1020,11,1335,11,995,7,438,3,2183,18,804,8,925,7,2970,19,73522,872
2020-04-03,16059,285,20237,307,341,6,2596,16,3993,33,5081,65,16606,178,3362,26,1079,12,1443,15,1075,9,468,4,2336,21,836,11,982,9,3202,20,79696,1017
2020-04-04,17014,316,21908,349,354,6,2697,16,4279,42,5571,85,17885,200,3504,29,1265,14,1559,17,1211,12,501,5,2591,24,896,11,1072,10,3471,22,85778,1158
2020-04-05,18614,367,23846,396,394,6,2945,19,4575,56,5712,89,18735,245,3663,32,1358,14,1631,18,1305,17,523,5,2741,32,919,12,1140,10,3613,24,91714,1342
2020-04-06,19395,387,24974,437,397,8,2993,19,4674,61,5960,92,19384,255,3882,32,1483,14,1671,20,1345,19,528,6,2903,34,956,12,1176,12,3670,26,95391,1434
2020-04-07,20141,433,26163,481,399,9,3059,20,4837,73,6200,111,20220,282,3992,34,1532,16,1730,24,1384,20,531,8,2997,38,987,12,1208,18,3845,28,99225,1607
2020-04-08,20680,464,27564,564,424,10,3165,23,4965,84,6385,121,20929,348,4148,45,1637,23,1827,28,1472,22,555,11,3144,50,1020,16,1285,20,4028,32,103228,1861
2020-04-09,21603,519,28827,635,445,11,3320,44,5242,100,6804,141,21961,384,4336,50,1693,23,1932,34,1578,30,572,11,3261,52,1075,16,1351,20,4202,37,108202,2107
2020-04-10,22433,570,30363,703,454,13,3551,53,5694,111,7114,161,23028,446,4440,51,1854,36,2029,38,1691,37,586,11,3402,59,1121,18,1416,24,4349,42,113525,2373
2020-04-11,23617,622,31453,747,469,15,3663,56,5808,120,7343,171,23644,472,4622,59,2016,41,2065,39,1764,37,601,11,3565,65,1135,18,1435,25,4458,46,117658,2544
2020-04-12,24078,649,32282,786,480,15,3742,56,5859,123,7602,189,24267,495,4734,64,2058,43,2118,41,1857,38,605,11,3600,67,1166,21,1464,25,4567,50,120479,2673
2020-04-13,24570,677,33015,820,486,17,3770,56,6114,135,7723,201,24883,518,4810,68,2079,44,2134,44,1880,38,618,11,3655,68,1193,24,1485,27,4601,51,123016,2799
2020-04-14,25040,711,33569,872,492,20,3808,59,6183,147,7885,211,25300,545,4880,70,2112,52,2164,49,1916,40,619,11,3751,70,1207,25,1504,31,4668,56,125098,2969
2020-04-15,25438,767,34294,954,500,21,3869,67,6347,173,8019,224,25835,607,5004,77,2145,58,2245,54,1950,42,624,11,3819,73,1223,26,1550,38,4722,62,127584,3254
2020-04-16,25881,802,35142,1049,507,21,3953,80,6470,187,8188,248,26383,663,5087,87,2201,71,2294,55,2058,54,634,13,3955,94,1248,26,1601,45,4848,74,130450,3569
2020-04-17,26543,872,36027,1137,556,22,4005,84,6705,197,8442,274,27030,726,5211,92,2254,76,2349,59,2120,60,634,13,4048,95,1279,28,1682,49,4945,84,133830,3868
2020-04-18,27258,919,36881,1198,567,24,4118,90,6916,212,8649,281,28006,791,5324,99,2289,86,2387,61,2161,62,645,14,4140,103,1315,29,1717,50,5066,91,137439,4110
2020-04-19,27883,968,37407,1256,585,25,4167,91,7108,230,8797,288,28471,814,5432,106,2303,91,2417,62,2221,66,651,15,4190,107,1350,30,1756,53,5159,92,139897,4294
2020-04-20,28253,982,37849,1286,604,25,4185,91,7177,240,8900,291,28971,857,5523,107,2314,91,2426,67,2238,66,653,15,4229,109,1369,30,1785,53,5196,94,141672,4404
2020-04-21,28712,1031,38310,1336,609,25,4204,91,7231,251,9098,306,29389,896,5561,116,2328,93,2414,70,2275,67,655,15,4253,117,1383,32,1798,55,5237,97,143457,4598
2020-04-22,28898,1063,38814,1424,624,26,4204,91,7380,265,9236,328,30185,964,5593,122,2367,97,2496,79,2389,74,656,15,4273,122,1395,33,1872,71,5312,105,145694,4879
2020-04-23,29443,1113,39395,1476,672,27,4286,113,7593,286,9391,340,30584,999,5643,131,2395,99,2530,84,2447,84,659,15,4327,127,1425,34,1932,61,5324,105,148046,5094
2020-04-24,29792,1153,39939,1525,707,27,4358,122,7712,296,9544,364,31106,1052,5731,136,2445,105,2557,88,2536,90,661,16,4377,135,1436,35,2023,65,5459,112,150383,5321
2020-04-25,30169,1189,40547,1566,719,27,4400,139,7837,305,9691,377,31465,1084,5767,138,2468,107,2612,95,2627,97,667,16,4406,141,1480,35,2058,71,5525,113,152438,5500
2020-04-26,30761,1237,40912,1596,739,27,4429,140,7946,315,9785,384,31669,1096,5835,147,2482,107,2630,96,2694,100,673,16,4428,147,1494,36,2098,73,5600,123,154175,5640
2020-04-27,31043,1249,41070,1621,754,27,4475,142,7979,320,9847,391,31879,1131,5879,152,2503,121,2638,98,2721,100,674,16,4458,147,1515,36,2120,74,5638,125,155193,5750
2020-04-28,31196,1269,41406,1681,759,27,4505,142,8026,333,9926,394,32184,1171,5928,157,2509,123,2653,101,2747,106,675,17,4490,148,1520,39,2144,78,5669,127,156337,5913
2020-04-29,31336,1299,41830,1754,797,29,4525,153,8184,346,9972,406,32429,1200,5982,161,2514,129,2679,103,2768,109,687,17,4509,153,1525,39,2170,80,5734,137,157641,6115
2020-04-30,31609,1353,42080,1799,827,29,4562,155,8304,353,10067,416,32687,1219,6029,166,2552,131,2690,106,2831,113,690,17,4561,156,1549,43,2254,85,5827,147,159119,6288
2020-05-01,31919,1385,42489,1850,859,30,4604,163,8376,360,10141,429,33058,1261,6086,172,2581,135,2714,110,2872,120,693,18,4592,162,1564,44,2323,93,5887,149,160758,6481
2020-05-02,32146,1402,42658,1885,871,30,4609,163,8486,364,10246,451,33216,1268,6099,173,2597,135,2728,112,2886,122,695,18,4617,163,1571,44,2335,93,5943,152,161703,6575
2020-05-03,32291,1412,42792,1910,875,30,4631,164,8524,370,10283,453,33428,1287,6133,176,2605,138,2738,113,2905,122,698,18,4696,165,1576,44,2345,93,5976,154,162496,6649
2020-05-04,32411,1421,42997,1926,893,30,4636,166,8549,372,10325,456,33560,1290,6150,177,2608,139,2788,113,2914,122,699,18,4702,167,1578,45,2355,96,6010,154,163175,6692
2020-05-05,32482,1452,43162,1949,895,31,4644,172,8585,381,10380,463,33728,1332,6160,182,2618,139,2799,118,2940,123,703,19,4745,171,1585,46,2392,99,6042,154,163860,6831
2020-05-06,32576,1481,43371,2001,916,31,4664,190,8642,386,10453,470,33977,1358,6191,187,2627,141,2815,119,2969,127,711,19,4784,177,1590,46,2429,104,6092,159,164807,6996
2020-05-07,32762,1497,43658,2050,963,32,4704,194,8736,396,10564,478,34249,1372,6213,189,2655,143,2834,120,2999,129,715,19,4836,181,1602,48,2452,109,6149,162,166091,7119
2020-05-08,32898,1515,43905,2114,997,32,4753,201,8850,403,10686,493,34522,1397,6241,192,2658,140,2860,122,3037,131,718,19,4839,184,1615,48,2512,112,6209,163,167300,7266
2020-05-09,33105,1534,44169,2147,1024,32,4772,204,8916,408,10803,496,34817,1424,6282,195,2660,142,2898,122,3098,133,722,19,4873,186,1637,48,2533,115,6242,164,168551,7369
2020-05-10,33287,1542,44265,2153,1043,32,4772,204,8998,411,10827,498,34964,1425,6291,195,2663,142,2938,123,3101,134,726,19,4886,187,1640,48,2556,117,6261,165,169218,7395
2020-05-11,33190,1545,44368,2155,1055,34,4780,204,9012,412,10854,498,35132,1437,6313,195,2665,142,2957,124,3106,134,728,19,4915,187,1643,48,2585,118,6272,165,169575,7417
2020-05-12,33359,1568,44593,2182,1058,35,4960,216,9031,415,10895,507,35333,1456,6355,206,2665,144,2956,125,3111,136,729,20,4947,190,1648,50,2594,118,6274,165,170508,7533
2020-05-13,33518,1594,44802,2209,1077,36,4972,223,9087,419,10903,508,35555,1473,6360,207,2667,144,2972,125,3125,137,736,20,4962,191,1650,52,2622,126,6298,170,171306,7634
2020-05-14,33670,1608,44980,2229,1104,37,4976,228,9169,423,11003,524,35741,1483,6382,212,2677,145,2982,125,3135,138,739,20,5031,195,1656,52,2652,131,6342,173,172239,7723
2020-05-15,33851,1628,45143,2260,1129,37,4981,228,9204,429,11087,534,35967,1493,6413,213,2684,147,2988,126,3158,148,740,20,5061,195,1668,54,2681,135,6397,177,173152,7824
2020-05-16,33893,1644,45340,2273,1150,37,5017,231,9261,432,11092,535,36065,1500,6449,216,2688,149,2998,126,3169,149,746,20,5089,197,1676,54,2711,137,6428,181,173772,7881
2020-05-17,33950,1648,45427,2283,1164,37,5029,232,9317,435,11155,544,36286,1505,6449,216,2696,149,3000,126,3171,149,748,20,5115,196,1676,54,2725,138,6447,182,174355,7914
2020-05-18,34000,1652,45507,2287,1171,38,5037,232,9337,439,11167,545,36365,1512,6490,217,2696,149,3002,126,3172,149,752,20,5125,196,1678,54,2740,139,6458,180,174697,7935
2020-05-19,34034,1653,45639,2314,1237,38,5042,232,9368,442,11207,548,36485,1525,6520,222,2699,154,3002,128,3185,150,752,20,5133,198,1679,54,2750,147,6478,182,175210,8007
2020-05-20,34115,1672,45766,2339,1256,38,5042,236,9483,446,11288,557,36766,1537,6529,222,2703,154,3014,131,3193,151,755,20,5150,198,1680,54,2760,149,6507,186,176007,8090
2020-05-21,34175,1680,45929,2348,1273,39,5053,239,9574,451,11362,566,36912,1546,6555,224,2706,157,3021,134,3205,151,762,20,5185,201,1689,54,2796,151,6555,186,176752,8147
2020-05-22,34174,1680,46024,2358,1291,39,5059,240,9656,457,11420,568,37010,1547,6566,224,2707,157,3039,134,3211,152,763,20,5197,203,1692,54,2818,151,6585,190,177212,8174
2020-05-23,34345,1692,46132,2367,1296,41,5063,240,9670,458,11521,571,37139,1555,6582,226,2709,157,3062,136,3213,154,763,20,5219,204,1692,54,2830,151,6614,190,177850,8216
2020-05-24,34399,1697,46206,2377,1299,41,5066,241,9762,460,11578,572,37223,1563,6590,227,2713,157,3062,137,3214,154,760,20,5221,204,1694,54,2857,152,6637,191,178281,8247
2020-05-25,34431,1698,46326,2382,1312,41,5069,241,9770,460,11578,572,37298,1565,6596,228,2716,157,3062,137,3214,154,760,20,5231,205,1694,54,2871,152,6642,191,178570,8257
2020-05-26,34466,1707,46456,2401,1313,42,5069,241,9804,462,11646,574,37395,1571,6600,228,2727,158,3067,139,3236,154,760,20,5236,207,1698,54,2877,153,6652,191,179002,8302
2020-05-27,34500,1724,46458,2404,1322,42,5072,242,9860,466,11678,578,37541,1577,6611,229,2730,160,3070,140,3246,154,760,20,5247,208,1698,55,2898,157,6673,193,179364,8349
2020-05-28,34129,1724,46729,2438,1348,41,5076,245,9915,471,11750,583,37698,1582,6652,230,2731,161,3072,143,3261,155,760,20,5260,210,1701,55,2932,158,6703,195,179717,8411
2020-05-29,34479,1743,46809,2441,1372,41,5078,246,9962,476,11832,585,37803,1588,6673,230,2716,162,3078,144,3271,155,759,20,5230,209,1700,55,2958,159,6738,196,180458,8450
2020-05-30,34718,1748,46854,2450,1398,42,5082,246,10003,476,11958,593,37910,1595,6695,230,2723,163,3090,145,3266,155,760,20,5297,213,1701,55,2974,161,6767,197,181196,8489
2020-05-31,34718,1748,46917,2450,1398,42,5087,252,10033,477,11992,593,38000,1597,6694,230,2724,163,3094,145,3271,155,761,20,5304,213,1705,55,2984,162,6800,198,181482,8500
2020-06-01,34784,1752,47004,2451,1398,42,5089,253,10047,480,12043,593,38046,1598,6703,230,2724,163,3097,145,3273,155,761,20,5309,214,1706,55,3015,162,6816,198,181815,8511
2020-06-02,34796,1758,47029,2456,1436,42,5098,253,10060,480,12065,594,38100,1599,6704,230,2730,163,3103,145,3274,155,761,20,5309,211,1707,55,3017,163,6839,198,182028,8522
2020-06-03,34813,1760,47138,2466,1447,43,5098,253,10080,480,12114,596,38185,1607,6712,230,2735,163,3106,146,3273,156,761,20,5305,212,1707,55,3022,166,6874,198,182370,8551
2020-06-04,34830,1761,47209,2479,1462,44,5096,253,10129,482,12182,601,38297,1611,6719,230,2737,164,3103,146,3280,156,763,20,5312,212,1711,55,3033,167,6901,200,182764,8581
2020-06-05,34870,1778,47268,2481,1498,44,5107,253,10163,482,12277,604,38439,1617,6732,230,2738,166,3103,146,3288,156,764,20,5315,212,1712,55,3051,169,6946,200,183271,8613
2020-06-06,34898,1790,47326,2489,1513,44,5111,254,10171,483,12399,605,38524,1622,6761,230,2740,166,3107,147,3294,158,766,20,5321,212,1717,55,3066,170,6964,201,183678,8646
2020-06-07,34912,1791,47334,2501,1517,44,5113,254,10203,484,12466,605,38616,1623,6775,230,2747,166,3109,147,3297,158,773,20,5323,214,1720,56,3077,170,6997,205,183979,8668
2020-06-08,34937,1791,47371,2505,1531,44,5115,254,10207,484,12509,605,38660,1623,6781,230,2747,166,3110,147,3304,160,774,20,5330,214,1720,56,3081,170,7016,205,184193,8674
2020-06-09,34958,1795,47423,2521,1532,43,5117,254,10237,484,12601,606,38743,1635,6787,230,2754,167,3114,148,3302,160,780,20,5333,217,1720,56,3100,170,7042,205,184543,8711
2020-06-10,34965,1798,47479,2531,1547,43,5121,254,10256,485,12626,607,38845,1636,6810,231,2763,167,3115,148,3309,160,777,20,5337,217,1721,56,3108,170,7082,206,184861,8729
2020-06-11,35002,1801,47536,2536,1565,43,5125,254,10296,489,12727,610,38983,1641,6827,231,2766,167,3117,148,3352,161,778,20,5346,219,1728,56,3130,171,7138,208,185416,8755
2020-06-12,35057,1802,47574,2538,1573,45,5134,254,10313,489,12777,610,39060,1643,6827,231,2769,168,3120,148,3306,161,780,20,5344,219,1732,56,3143,171,7165,208,185674,8763
2020-06-13,35090,1805,47612,2540,1581,45,5139,255,10321,491,12822,613,39137,1643,6838,231,2770,168,3120,150,3326,163,781,20,5345,219,1734,56,3154,174,7252,208,186022,8781
2020-06-14,35090,1805,47626,2541,1589,46,5139,255,10324,491,12874,614,39233,1645,6840,231,2772,168,3121,151,3326,163,782,20,5346,218,1756,57,3169,174,7282,208,186269,8787
2020-06-15,35090,1805,47642,2541,1592,48,5144,255,10324,491,12909,614,39307,1646,6841,231,2772,168,3121,151,3329,163,782,20,5347,219,1768,57,3171,174,7322,208,186461,8791
2020-06-16,35150,1808,47690,2540,1593,48,5147,255,10371,495,12950,614,39415,1648,6846,231,2773,168,3122,151,3334,163,784,20,5349,220,1771,57,3175,174,7369,208,186839,8800
2020-06-17,35177,1811,47710,2546,1607,49,5149,257,10386,496,12968,615,39573,1655,6856,233,2773,168,3122,152,3362,163,786,20,5350,221,1775,57,3188,178,7402,209,187184,8830
2020-06-18,35218,1816,47747,2556,1619,49,5154,259,10440,498,13063,618,39777,1658,6874,234,2773,168,3122,152,3365,163,787,20,5359,221,1802,57,3189,177,7475,210,187764,8856
2020-06-19,35236,1821,47799,2562,1626,49,5156,259,10503,499,13097,618,40156,1660,6883,234,2774,168,3131,152,3374,163,791,20,5382,221,1818,57,3205,178,7603,211,188534,8872
2020-06-20,35272,1824,47827,2566,1636,49,5160,259,10556,500,13136,618,40372,1663,6903,234,2776,168,3133,152,3383,163,791,20,5408,221,1839,57,3210,178,7733,211,189135,8883
2020-06-21,35272,1824,47843,2565,1645,49,5163,259,10575,500,13136,618,40921,1663,6907,234,2778,168,3134,152,3388,163,792,20,5408,221,1842,57,3214,178,7804,211,189822,8882
2020-06-22,35272,1824,47867,2567,1648,49,5170,259,10578,501,13283,618,41218,1663,6917,234,2778,168,3136,152,3394,163,792,20,5408,221,1844,57,3221,178,7833,211,190359,8885
2020-06-23,35365,1826,47894,2571,1654,49,5170,259,10613,501,13312,619,41418,1665,6919,234,2778,168,3136,152,3407,164,792,20,5408,221,1851,57,3229,178,7916,211,190862,8895
2020-06-24,35409,1826,47995,2578,1653,49,5175,259,10645,503,13327,622,41678,1668,6924,235,2801,169,3137,152,3413,164,794,20,5436,222,1856,58,3231,178,7975,211,191449,8914
2020-06-25,35446,1827,48122,2583,1653,49,5175,259,10666,505,13378,623,41992,1669,6940,235,2801,169,3140,152,3428,165,796,20,5438,223,1858,58,3225,178,8021,212,192079,8927
2020-06-26,35476,1830,48202,2594,1658,49,5173,259,10707,505,13422,625,42150,1673,6951,235,2802,171,3144,152,3437,165,797,20,5439,222,1862,58,3240,178,8096,212,192556,8948
2020-06-27,35530,1829,48262,2591,1659,50,5178,259,10731,506,13456,627,42571,1674,6971,235,2802,172,3146,152,3437,165,798,20,5444,222,1865,58,3248,181,8145,213,193243,8954
2020-06-28,35530,1829,48294,2592,1661,50,5178,259,10761,506,13478,628,42723,1674,6974,235,2805,173,3147,152,3417,165,801,20,5444,222,1868,58,3250,181,8168,213,193499,8957
2020-06-29,35530,1829,48344,2592,1661,50,5194,259,10762,506,13502,628,42869,1678,6987,235,2806,173,3147,152,3419,165,801,20,5444,222,1869,58,3250,181,8176,213,193761,8961
2020-06-30,35620,1830,48400,2594,1662,53,5201,259,10795,508,13535,628,43066,1680,6996,235,2806,173,3154,152,3429,165,802,20,5448,223,1871,58,3254,181,8220,214,194259,8973
2020-07-01,35694,1838,48480,2594,1667,53,5204,259,10811,507,13577,629,43242,1683,7022,235,2806,173,3159,152,3440,165,803,20,5451,223,1873,59,3253,181,8243,214,194725,8985
2020-07-02,35744,1838,48547,2597,1670,53,5211,260,10869,507,13605,632,43436,1684,7036,235,2807,173,3163,152,3443,165,803,20,5457,224,1876,59,3259,181,8302,214,195228,8994
2020-07-03,35771,1839,48587,2598,1675,53,5212,260,10894,509,13632,633,43660,1686,7068,235,2805,174,3176,152,3450,166,803,20,5453,224,1878,59,3265,181,8345,214,195674,9003
2020-07-04,35807,1837,48655,2600,1675,53,5217,260,10918,511,13647,635,43853,1688,7080,235,2805,174,3178,152,3459,167,804,20,5458,224,1880,59,3267,181,8393,214,196096,9010
2020-07-05,35807,1837,48665,2600,1678,53,5220,261,10939,512,13664,635,43990,1687,7080,235,2805,174,3181,152,3460,167,804,20,5458,224,1880,59,3270,181,8434,215,196335,9012
2020-07-06,35807,1837,48744,2600,1679,54,5220,261,10955,512,13672,635,44064,1689,7082,235,2806,174,3187,152,3464,168,804,20,5458,224,1889,59,3272,181,8451,215,196554,9016
2020-07-07,35862,1837,48852,2606,1679,54,5223,261,10985,512,13731,637,44158,1689,7094,235,2806,174,3189,152,3468,168,805,20,5459,224,1894,59,3277,181,8462,215,196944,9024
2020-07-08,35890,1837,48953,2607,1679,54,5224,261,11012,512,13748,639,44306,1696,7100,235,2808,174,3194,153,3476,168,805,20,5465,224,1896,59,3283,182,8502,215,197341,9036
2020-07-09,35942,1838,49023,2609,1684,54,5230,261,11062,514,13754,640,44492,1698,7112,236,2809,174,3200,153,3483,168,805,20,5466,225,1898,60,3286,182,8537,216,197783,9048
2020-07-10,35990,1837,49086,2610,1688,54,5231,261,11104,514,13791,641,44645,1701,7126,236,2812,174,3202,154,3452,168,803,20,5469,225,1905,61,3288,182,8586,216,198178,9054
2020-07-11,36041,1837,49184,2612,1689,55,5230,261,11122,514,13799,641,44788,1704,7136,236,2812,174,3206,154,3459,168,804,20,5473,225,1907,61,3289,182,8617,216,198556,9060
2020-07-12,36041,1837,49204,2612,1689,55,5230,261,11162,514,13804,642,44915,1704,7157,236,2812,174,3206,154,3462,168,804,20,5473,225,1917,62,3291,182,8637,217,198804,9063
2020-07-13,36041,1837,49273,2612,1690,55,5231,261,11169,514,13806,642,44974,1705,7174,236,2812,174,3207,154,3462,168,804,20,5473,225,1917,62,3292,182,8638,217,198963,9064
2020-07-14,36111,1837,49350,2613,1691,55,5231,261,11206,514,13823,642,45115,1707,7196,236,2819,174,3221,154,3462,167,804,20,5476,225,1919,62,3295,182,8656,219,199375,9068
2020-07-15,36162,1838,49427,2613,1691,55,5231,261,11217,514,13848,642,45233,1708,7222,236,2823,174,3229,154,3465,167,804,20,5478,225,1921,62,3301,182,8674,220,199726,9071
2020-07-16,36227,1838,49538,2613,1697,55,5233,261,11283,514,13887,643,45388,1711,7258,238,2824,174,3235,154,3466,167,805,20,5484,225,1926,62,3310,182,8699,221,200260,9078
2020-07-17,36264,1839,49631,2616,1701,55,5232,260,11324,514,13905,644,45710,1711,7275,238,2827,174,3238,154,3470,167,805,20,5485,225,1936,62,3315,182,8725,221,200843,9082
2020-07-18,36342,1838,49702,2616,1709,55,5237,261,11371,514,13952,644,45910,1712,7293,238,2828,174,3251,154,3476,167,806,20,5488,225,1939,62,3320,182,8748,221,201372,9083
2020-07-19,36342,1838,49710,2616,1718,55,5240,261,11386,514,13963,645,46024,1712,7299,238,2828,174,3253,154,3476,167,806,20,5488,225,1946,62,3321,182,8774,221,201574,9084
2020-07-20,36342,1838,49775,2616,1720,55,5240,261,11409,514,14030,645,46075,1713,7314,238,2830,174,3261,155,3483,167,806,20,5488,225,1950,62,3321,182,8779,221,201823,9086
2020-07-21,36492,1838,49872,2617,1721,55,5241,261,11430,515,14059,646,46213,1714,7338,238,2832,174,3271,155,3485,167,809,20,5501,225,1956,62,3323,182,8802,221,202345,9090
2020-07-22,36556,1838,49954,2617,1725,55,5244,261,11458,515,14101,647,46367,1717,7346,238,2835,174,3278,155,3497,167,811,20,5503,225,1961,62,3326,182,8837,222,202799,9095
2020-07-23,36565,1838,50049,2618,1727,55,5251,261,11534,516,14133,647,46615,1721,7374,238,2840,174,3292,155,3510,167,815,20,5503,225,1973,62,3327,182,8860,222,203368,9101
2020-07-24,36731,1839,50112,2619,1733,55,5275,261,11591,517,14185,647,46956,1726,7397,238,2841,174,3299,155,3523,168,826,20,5506,225,1975,63,3339,182,8894,222,204183,9111
2020-07-25,36819,1841,50260,2619,1742,55,5291,261,11649,518,14222,648,47257,1728,7409,238,2849,174,3311,155,3524,168,843,20,5512,225,1979,63,3340,182,8957,223,204964,9118
2020-07-26,36819,1841,50282,2619,1746,55,5304,261,11680,518,14223,648,47430,1728,7420,238,2850,174,3318,155,3524,168,843,20,5512,225,1986,63,3341,182,8991,223,205269,9118
2020-07-27,36819,1841,50501,2619,1747,55,5322,261,11685,518,14241,648,47471,1728,7434,238,2851,174,3322,155,3524,168,843,20,5512,225,1989,63,3347,182,9001,223,205609,9118
2020-07-28,36917,1841,50589,2619,1752,55,5326,261,11743,518,14288,648,47740,1730,7442,238,2852,174,3341,156,3527,168,845,20,5518,225,1991,64,3351,182,9020,223,206242,9122
2020-07-29,37038,1843,50696,2621,1758,55,5338,261,11806,518,14305,649,47965,1730,7456,239,2857,174,3379,156,3531,168,849,20,5525,225,1997,64,3355,182,9071,223,206926,9128
2020-07-30,37115,1845,50806,2622,1763,55,5356,261,11895,519,14380,649,48301,1732,7488,239,2862,174,3401,156,3551,168,861,20,5532,225,2009,64,3358,182,9150,223,207828,9134
2020-07-31,37224,1847,50915,2622,1774,56,5386,261,11965,520,14430,651,48689,1733,7498,239,2862,174,3427,156,3560,168,864,20,5536,225,2015,64,3361,182,9192,223,208698,9141
2020-08-01,37272,1847,51068,2622,1781,56,5405,261,12029,520,14499,652,49102,1739,7533,239,2874,174,3451,156,3565,168,868,20,5541,225,2022,64,3369,182,9274,223,209653,9148
2020-08-02,37272,1847,51080,2622,1782,56,5405,261,12117,520,14515,653,49145,1731,7535,239,2879,174,3463,156,3565,168,875,20,5541,225,2030,64,3370,182,9319,223,209893,9141
2020-08-03,37272,1847,51156,2622,1782,56,5436,261,12142,520,14567,653,49435,1738,7543,239,2881,174,3467,156,3573,168,877,20,5541,225,2031,64,3371,182,9328,223,210402,9148
2020-08-04,37455,1847,51279,2623,1787,56,5444,261,12199,521,14634,653,49727,1744,7583,239,2886,174,3494,156,3579,168,880,20,5548,225,2034,64,3385,182,9367,223,211281,9156
2020-08-05,37514,1847,51377,2624,1790,56,5461,261,12254,523,14671,654,50068,1751,7618,239,2891,174,3516,157,3588,168,889,20,5560,225,2036,64,3390,182,9399,223,212022,9168
2020-08-06,37574,1851,51582,2624,1792,56,5486,261,12310,523,14723,654,50493,1752,7667,239,2897,174,3534,158,3597,168,907,20,5570,225,2044,64,3401,182,9490,224,213067,9175
2020-08-07,37642,1852,51710,2626,1798,56,5530,262,12468,524,14847,654,50937,1755,7713,239,2900,174,3569,158,3600,168,910,20,5590,225,2044,64,3413,182,9543,224,214214,9183
2020-08-08,37749,1858,51794,2626,1800,56,5610,262,12602,524,14911,654,51330,1759,7748,239,2913,174,3578,158,3622,169,930,20,5632,225,2057,64,3420,183,9640,224,215336,9195
2020-08-09,37767,1858,51803,2626,1803,56,5664,262,12703,525,14943,654,51561,1759,7771,239,2926,174,3586,158,3626,169,936,20,5632,225,2057,64,3425,183,9688,224,215891,9196
2020-08-10,37791,1858,51848,2627,1804,56,5678,262,12737,525,14974,654,51762,1759,7832,239,2930,174,3588,158,3627,169,938,20,5632,225,2061,64,3427,183,9698,224,216327,9197
2020-08-11,37896,1858,51946,2627,1809,56,5691,262,12815,525,15056,654,52175,1763,7871,239,2942,174,3620,158,3634,169,943,20,5655,225,2068,64,3432,183,9740,224,217293,9201
2020-08-12,37975,1859,52182,2627,1819,56,5748,262,12876,526,15122,655,52588,1765,7935,239,2952,174,3675,158,3642,169,952,20,5673,225,2076,64,3453,184,9851,224,218519,9207
2020-08-13,38162,1859,52436,2627,1822,56,5774,262,13008,526,15176,655,53123,1767,7974,240,2955,174,3714,158,3651,169,954,20,5685,225,2090,64,3464,185,9976,224,219964,9211
2020-08-14,38270,1859,52645,2631,1828,56,5821,264,13187,526,15318,656,53661,1772,8059,241,2976,174,3744,158,3683,169,959,20,5705,225,2099,64,3482,186,9976,224,221413,9225
2020-08-15,38422,1859,52847,2631,1835,56,5850,264,13390,526,15343,656,54106,1777,8095,242,2986,174,3768,158,3695,169,970,20,5719,225,2114,64,3492,186,10196,224,222828,9231
2020-08-16,38480,1859,52888,2631,1841,56,5878,264,13433,526,15384,656,54390,1777,8121,242,3000,174,3782,158,3697,169,972,20,5730,225,2123,64,3496,186,10238,224,223453,9231
2020-08-17,38512,1859,52984,2631,1845,56,5887,264,13486,526,15428,656,54653,1778,8148,242,3000,174,3790,158,3703,169,973,20,5731,225,2123,64,3498,186,10253,224,224014,9232
2020-08-18,38740,1859,53298,2631,1851,56,5901,264,13675,528,15482,656,55049,1780,8224,242,3008,174,3807,158,3708,169,975,20,5736,225,2126,64,3505,186,10319,224,225404,9236
2020-08-19,38968,1860,53707,2631,1865,56,5927,264,13842,528,15562,656,55375,1783,8334,242,3017,174,3825,160,3728,169,978,20,5749,226,2134,64,3509,186,10394,224,226914,9243
2020-08-20,39227,1860,54101,2631,1877,56,5954,264,14029,528,15724,658,55770,1790,8427,242,3039,174,3851,160,3740,169,981,20,5769,226,2146,65,3523,186,10463,224,228621,9253
2020-08-21,39493,1863,54416,2632,1885,56,5989,265,14260,528,15885,659,55936,1790,8514,242,3040,174,3872,160,3758,169,984,20,5788,225,2155,65,3530,186,10543,226,230048,9260
2020-08-22,39829,1862,54817,2633,1893,56,6019,265,14409,528,16019,659,56599,1797,8602,242,3055,174,3890,160,3784,169,989,20,5806,225,2170,65,3546,186,10655,226,232082,9267
2020-08-23,40031,1863,54858,2633,1900,56,6019,265,14587,528,16055,659,56784,1798,8615,242,3071,174,3902,160,3787,169,992,20,5820,225,2179,65,3547,186,10717,226,232864,9269
2020-08-24,40173,1863,55061,2634,1905,56,6054,265,14657,528,16096,660,56916,1798,8667,243,3076,174,3904,160,3787,169,994,20,5824,225,2180,65,3553,186,10728,226,233575,9272
2020-08-25,40358,1863,55414,2634,1913,56,6083,265,14809,528,16191,661,57213,1802,8713,243,3080,174,3927,160,3795,169,997,20,5827,225,2183,65,3564,186,10786,226,234853,9277
2020-08-26,40685,1862,55767,2635,1924,56,6110,265,15025,528,16274,662,57560,1804,8759,243,3085,174,3961,160,3818,169,998,20,5841,225,2199,65,3571,186,10852,226,236429,9280
2020-08-27,40964,1863,56191,2635,1944,56,6137,266,15105,529,16419,661,57826,1807,8842,243,3095,174,3981,160,3839,169,999,20,5866,225,2209,65,3585,186,10934,226,237936,9285
2020-08-28,41248,1864,56639,2636,1958,56,6167,266,15232,530,16506,660,58187,1808,8874,243,3112,174,4000,160,3857,169,1001,20,5905,225,2218,65,3592,186,11011,226,239507,9288
2020-08-29,41574,1862,56972,2638,1980,56,6193,266,15351,530,16628,660,58452,1809,8928,243,3126,174,4015,160,3867,169,1004,20,5934,225,2226,65,3611,186,11125,226,240986,9289
2020-08-30,41773,1866,57059,2638,1992,56,6227,266,15399,531,16690,661,58584,1809,9008,243,3153,174,4022,160,3869,169,1007,20,5949,225,2232,65,3624,186,11183,226,241771,9295
2020-08-31,41942,1866,57219,2639,1993,56,6250,266,15431,531,16741,661,58687,1811,9053,243,3154,174,4029,160,3870,169,1008,20,5953,225,2234,65,3628,186,11189,226,242381,9298
2020-09-01,42119,1866,57485,2640,2002,56,6262,266,15596,532,16795,661,59023,1812,9105,243,3151,174,4045,160,3871,169,1008,20,5990,226,2244,65,3637,186,11266,226,243599,9302
2020-09-02,42367,1867,57781,2641,2015,57,6313,267,15692,534,16888,662,59263,1817,9168,243,3157,174,4064,160,3875,169,1009,20,6022,225,2250,65,3644,186,11347,226,244855,9313
2020-09-03,42614,1868,58077,2641,2037,58,6351,267,15776,534,16992,665,59527,1819,9212,243,3168,174,4091,161,3898,169,1015,20,6065,225,2260,65,3652,186,11431,226,246166,9321
2020-09-04,42925,1865,58385,2641,2048,58,6396,267,15912,535,17133,665,59811,1821,9260,243,3176,174,4107,161,3902,169,1019,20,6095,225,2263,66,3658,186,11529,226,247619,9322
2020-09-05,43259,1865,58692,2641,2056,58,6451,267,15978,535,17210,665,60085,1823,9305,243,3189,174,4115,161,3923,169,1023,20,6138,225,2274,66,3676,186,11623,226,248997,9324
2020-09-06,43423,1865,59014,2642,2067,58,6486,267,16098,535,17236,665,60257,1823,9324,243,3197,174,4120,161,3927,169,1023,20,6147,225,2281,66,3682,186,11703,226,249985,9325
2020-09-07,43592,1865,59298,2642,2070,58,6486,267,16145,535,17284,665,60433,1823,9364,243,3199,174,4126,161,3931,169,1023,20,6149,225,2282,66,3690,186,11727,226,250799,9325
2020-09-08,43861,1867,59804,2643,2073,58,6527,267,16278,535,17372,665,60695,1823,9434,243,3199,174,4150,161,3943,169,1034,20,6155,225,2287,66,3694,187,11792,226,252298,9329
2020-09-09,44118,1867,60121,2644,2085,58,6527,267,16375,536,17454,665,60878,1826,9483,245,3208,175,4168,161,3959,169,1038,20,6191,225,2290,66,3700,188,11879,226,253474,9338
2020-09-10,44396,1868,60759,2644,2094,58,6626,267,16500,537,17572,665,61201,1827,9560,245,3218,175,4197,161,3966,169,1044,20,6255,225,2305,66,3722,188,11951,226,255366,9341
2020-09-11,44618,1868,61158,2644,2109,58,6699,267,16603,537,17645,665,61505,1828,9623,245,3222,175,4207,161,3984,169,1046,20,6282,225,2314,66,3745,188,12090,226,256850,9342
2020-09-12,44903,1867,61561,2645,2117,58,6770,267,16714,538,17783,667,61820,1828,9649,246,3225,175,4218,161,4003,169,1055,20,6351,226,2330,66,3765,188,12216,226,258480,9347
2020-09-13,45070,1867,61705,2645,2130,58,6814,268,16808,539,17844,667,62079,1828,9717,246,3243,175,4222,161,4005,169,1055,20,6365,226,2337,66,3780,188,12254,226,259428,9349
2020-09-14,45254,1867,61974,2645,2135,58,6825,268,16877,539,17911,667,62261,1829,9764,246,3245,175,4231,161,4006,169,1055,20,6403,226,2355,66,3790,188,12269,226,260355,9350
2020-09-15,45323,1868,62401,2647,2137,59,6846,268,16985,540,18023,667,62725,1834,9795,247,3234,175,4255,161,4016,169,1064,20,6430,226,2359,66,3815,189,12354,226,261762,9362
2020-09-16,45755,1868,62809,2647,2159,59,6917,268,17084,542,18160,667,63155,1837,9859,247,3240,175,4288,161,4033,169,1074,20,6467,226,2366,66,3834,189,12463,227,263663,9368
2020-09-17,46041,1868,63632,2647,2174,59,6964,268,17233,542,18256,667,63565,1839,9929,247,3262,176,4311,161,4051,169,1081,20,6522,226,2378,66,3865,189,12593,227,265857,9371
2020-09-18,46428,1869,63918,2648,2177,59,7010,269,17342,543,18529,667,64084,1842,9990,247,3214,176,4350,161,4060,169,1093,20,6581,226,2380,66,3884,189,12733,227,267773,9378
2020-09-19,46779,1871,64395,2648,2191,59,7075,269,17516,543,18701,669,64692,1844,10037,247,3227,176,4384,161,4079,169,1105,20,6658,226,2393,66,3919,189,12919,227,270070,9384
2020-09-20,46935,1871,64625,2648,2215,59,7150,269,17586,544,18791,669,65078,1845,10085,247,3232,176,4405,161,4088,169,1105,20,6679,226,2443,66,3933,189,13065,227,271415,9386
2020-09-21,47107,1871,64919,2648,2219,59,7165,269,17637,544,18900,669,65232,1845,10116,247,3234,176,4421,161,4090,169,1105,20,6692,226,2453,66,3938,189,13109,227,272337,9386
2020-09-22,47353,1871,65331,2651,2223,59,7230,269,17757,545,18964,670,65753,1848,10183,248,3234,176,4460,161,4101,169,1123,20,6774,227,2457,66,3958,189,13257,227,274158,9396
2020-09-23,47590,1874,65746,2653,2250,59,7291,269,17870,545,19137,670,66191,1854,10230,248,3252,176,4498,161,4116,169,1131,20,6816,227,2470,67,3965,189,13374,228,275927,9409
2020-09-24,47883,1875,66192,2654,2262,59,7369,269,18035,546,19315,678,66680,1859,10282,248,3262,176,4540,161,4150,169,1136,20,6887,229,2497,67,4007,190,13573,228,278070,9428
2020-09-25,48135,1876,66557,2657,2280,59,7431,269,18221,548,19443,681,67278,1861,10381,251,3270,176,4603,161,4178,169,1144,20,6942,230,2525,67,4024,190,13811,228,280223,9443
2020-09-26,48467,1877,67005,2657,2320,59,7550,269,18396,549,19748,683,67903,1863,10439,251,3288,176,4656,161,4203,169,1151,20,7052,233,2536,67,4046,190,13970,228,282730,9452
2020-09-27,48467,1877,67255,2659,2366,59,7638,269,18607,550,19772,683,68395,1864,10483,252,3295,176,4671,161,4214,169,1151,20,7095,233,2569,67,4049,190,14113,228,284140,9457
2020-09-28,48900,1880,67356,2659,2372,59,7690,269,18644,550,19772,683,68720,1865,10554,251,3295,176,4686,161,4217,169,1151,20,7122,233,2603,67,4054,190,14196,228,285332,9460
2020-09-29,49208,1880,67763,2664,2385,59,7750,269,18788,551,20026,682,69284,1867,10630,253,3297,177,4724,161,4251,169,1168,20,7151,233,2613,68,4056,190,14327,228,287421,9471
2020-09-30,49421,1885,67996,2664,2435,59,7837,270,18945,551,20162,684,69822,1872,10698,254,3297,177,4772,162,4258,169,1180,20,7202,234,2619,68,4075,191,14500,228,289219,9488
2020-10-01,49707,1886,68482,2663,2471,59,7896,271,19089,551,20290,685,70580,1880,10740,255,3315,177,4821,162,4300,169,1195,20,7288,235,2654,68,4106,191,14788,228,291722,9500
2020-10-02,50105,1887,68853,2664,2511,59,7984,271,19324,551,20491,689,71357,1879,10863,255,3338,177,4848,162,4326,169,1203,20,7349,237,2677,68,4134,191,15032,229,294395,9508
2020-10-03,50240,1888,69186,2672,2557,59,8064,271,19616,552,20777,690,72063,1882,10975,256,3380,177,4898,162,4369,169,1220,20,7391,239,2693,68,4158,191,15371,231,296958,9527
2020-10-04,50763,1888,69486,2671,2598,59,8176,272,19788,552,20954,690,72581,1884,11015,256,3380,177,4914,162,4393,169,1220,20,7459,239,2736,68,4200,191,15574,231,299237,9529
2020-10-05,50934,1890,69631,2672,2619,59,8241,273,19978,553,21075,690,72995,1884,11086,256,3380,177,4938,162,4421,169,1220,20,7502,239,2746,68,4205,191,15648,231,300619,9534
2020-10-06,51191,1894,70006,2674,2632,59,8339,273,20113,556,21284,691,73842,1886,11215,256,3449,177,4978,162,4447,169,1293,20,7533,239,2764,68,4223,191,15949,231,303258,9546
2020-10-07,51579,1894,70381,2680,2702,59,8451,274,20355,556,21456,691,74615,1891,11308,256,3489,177,5032,162,4483,169,1304,20,7679,243,2774,68,4241,191,16237,231,306086,9562
2020-10-08,52231,1898,71034,2681,2805,60,8544,276,20662,557,21743,694,75671,1894,11499,256,3499,177,5076,162,4561,169,1332,20,7797,243,2815,68,4260,191,16615,232,310144,9578
2020-10-09,52814,1898,71759,2684,2880,60,8669,276,21092,557,22142,695,76796,1900,11602,256,3551,177,5155,162,4603,169,1344,20,7987,243,2832,68,4322,191,17112,233,314660,9589
2020-10-10,53344,1899,72402,2684,2880,60,8814,277,21586,559,22490,697,78218,1905,11808,256,3586,177,5209,162,4692,169,1373,20,8203,246,2858,68,4363,191,17555,234,319381,9604
2020-10-11,53868,1901,72843,2685,3058,60,8912,277,21911,560,22662,697,79179,1911,11904,256,3673,177,5235,162,4740,169,1373,20,8340,247,2903,68,4435,191,17828,234,322864,9615
2020-10-12,54345,1901,73186,2685,3080,61,8963,277,22039,562,22662,697,79981,1913,12106,256,3703,177,5260,162,4771,169,1373,20,8413,248,2932,68,4442,191,18075,234,325331,9621
2020-10-13,54939,1903,73788,2689,3113,61,9040,277,22310,562,23265,696,81192,1917,12235,257,3720,177,5325,162,4794,169,1416,20,8559,248,2942,68,4488,194,18327,234,329453,9634
2020-10-14,55639,1909,74459,2693,3166,62,9153,278,22819,567,23560,702,82356,1923,12410,260,3867,177,5391,163,4997,172,1472,20,8742,250,2966,68,4555,196,19033,237,334585,9677
2020-10-15,56488,1919,75535,2700,3274,62,9288,278,23481,569,24009,706,84161,1931,12647,260,3960,177,5456,163,5098,172,1532,20,9122,252,2999,68,4636,196,19537,237,341223,9710
2020-10-16,57455,1920,76680,2702,3377,62,9456,278,24151,571,24724,710,86315,1936,12884,262,4013,177,5510,163,5211,172,1590,20,9335,255,3057,71,4711,196,20088,239,348557,9734
2020-10-17,58653,1927,77904,2714,3477,62,9457,278,25033,572,25287,710,88204,1943,13227,263,4221,177,5600,163,5305,172,1590,20,9738,257,3134,71,4793,198,20764,240,356387,9767
2020-10-18,59353,1928,78940,2713,3564,63,9750,280,25440,573,25581,714,89681,1943,13404,263,4356,177,5626,163,5414,172,1680,21,9935,257,3242,71,4881,199,21127,240,361974,9777
2020-10-19,60053,1932,79735,2714,3590,63,9910,280,25776,576,25852,713,90544,1946,13652,263,4415,177,5714,163,5451,172,1705,21,10275,258,3285,71,4913,199,21429,241,366299,9789
2020-10-20,60721,1936,80880,2720,3630,63,10003,281,26558,584,26356,717,92694,1963,13957,265,4437,177,5879,163,5574,174,1719,21,10520,259,3334,71,5000,201,21905,241,373167,9836
2020-10-21,61694,1946,82102,2726,3725,63,10207,281,27307,590,26611,719,94883,1970,14199,265,4467,177,5989,163,5670,175,1790,21,10906,264,3387,71,5098,201,22727,243,380762,9875
2020-10-22,63132,1950,84090,2729,3868,63,10407,282,28440,593,27426,720,97507,1980,14640,265,4625,178,6147,163,5948,177,1877,21,11507,269,3487,71,5250,201,23698,243,392049,9905
2020-10-23,65085,1957,86054,2734,3876,63,10683,283,29398,600,28078,723,100247,1994,15186,267,4856,178,6284,164,6020,179,1936,21,12071,272,3642,73,5394,201,24481,245,403291,9954
2020-10-24,66838,1966,88319,2740,4152,64,11043,283,31128,607,29101,728,104617,2008,15781,268,5008,178,6520,164,6309,180,2056,21,12453,273,3760,73,5546,202,25374,248,418005,10003
2020-10-25,68482,1970,89986,2742,4342,64,11346,283,32227,609,29640,729,107759,2017,16118,268,5289,178,6662,164,6463,184,2133,21,13237,278,3905,74,5802,202,25790,249,429181,10032
2020-10-26,69601,1972,91569,2746,4407,64,11514,283,32852,611,30476,732,110516,2024,16549,268,5321,179,6777,167,6515,184,2165,21,13653,278,3994,74,5863,203,26094,250,437866,10056
2020-10-27,70792,1977,93290,2756,4495,66,11853,283,34200,617,31038,733,114194,2031,17090,268,5455,180,6942,167,6599,186,2200,22,14001,283,4166,75,5936,203,27024,251,449275,10098
2020-10-28,72884,1986,96420,2772,4689,66,12153,283,35688,629,32244,735,117278,2059,17789,276,5576,181,7218,167,6957,187,2328,22,14409,292,4342,74,6200,203,28064,251,464239,10183
2020-10-29,75164,2000,98998,2789,4891,69,12557,283,37385,637,32980,737,122051,2083,18420,279,5806,183,7499,170,7208,188,2484,22,15380,300,4582,76,6383,203,29225,253,481013,10272
2020-10-30,77477,2010,102074,2797,5100,70,12947,283,39093,641,34228,743,127447,2102,19108,281,6142,186,7716,174,7468,190,2616,23,16493,315,4804,77,6625,204,30356,253,499694,10349
2020-10-31,80233,2022,104764,2804,5331,72,13357,283,40998,646,35942,748,132479,2155,20103,285,6249,188,8028,175,7831,193,2782,23,17196,317,5067,79,6953,207,31440,255,518753,10452
2020-11-01,82334,2029,107044,2808,5522,72,13753,285,42072,654,36949,748,136116,2145,20574,285,6740,192,8293,175,8088,195,2865,23,17974,322,5204,79,7171,208,32231,261,532930,10481
2020-11-02,83594,2031,109349,2809,5673,73,14036,288,43379,663,37919,762,139485,2154,20962,287,7029,192,8456,177,8326,197,2918,23,18747,324,5323,81,7238,208,32593,261,545027,10530
2020-11-03,85442,2045,112301,2816,5901,77,14288,291,44598,683,38862,763,144137,2193,21787,294,7228,194,8600,183,8691,203,2917,23,19489,342,5423,83,7405,210,33310,261,560379,10661
2020-11-04,87685,2056,115869,2843,6108,78,14744,294,45819,699,39964,782,148699,2236,22466,301,7313,194,8833,190,8761,203,3076,23,20140,350,5582,86,7711,212,34823,265,577593,10812
2020-11-05,90734,2072,119505,2851,6365,80,15132,296,47477,710,41209,791,153766,2267,23391,307,7564,195,9096,192,9062,204,3271,23,21119,365,5897,88,8024,217,35971,272,597583,10930
2020-11-06,93264,2092,123225,2885,6599,81,15778,298,49327,729,42707,802,159027,2297,24320,310,7765,198,9316,194,9560,208,3415,24,22957,386,6170,88,8302,217,37357,287,619089,11096
2020-11-07,96602,2107,127614,2905,6872,85,16263,298,51438,741,44009,811,164919,2334,25342,316,8130,199,9590,200,10086,213,3580,29,24255,389,6482,89,8620,218,38686,292,642488,11226
2020-11-08,99046,2111,130635,2913,7067,86,16854,304,53161,753,45002,817,168205,2341,25721,316,8327,199,9823,200,10296,215,3693,29,25878,402,6583,90,8831,219,39383,294,658505,11289
2020-11-09,100752,2120,133808,2923,7133,87,17139,304,54043,758,46322,823,171631,2355,26352,320,8426,201,10000,201,10516,217,3745,30,26680,405,6734,93,8963,220,39624,295,671868,11352
2020-11-10,102293,2133,136636,2953,7254,88,17437,304,55744,786,47319,834,175951,2395,27237,325,8640,202,10214,205,10790,223,3786,31,27339,409,6928,93,9172,224,40460,301,687200,11506
2020-11-11,104707,2167,139914,3018,7367,89,17860,305,57466,809,48400,843,180523,2465,28034,334,9012,205,10466,208,11031,226,3910,34,28507,426,7101,96,9375,228,42014,314,705687,11767
2020-11-12,107649,2189,144705,3050,7565,89,18255,308,59371,821,50167,868,185138,2517,28958,342,9276,207,10715,213,11483,229,3910,34,30100,458,7367,102,9748,234,43146,321,727553,11982
2020-11-13,110633,2225,148882,3081,7803,93,18914,310,61055,836,51770,882,191011,2581,30250,352,9452,208,10924,213,11852,230,4165,36,31538,474,7641,105,10099,240,45106,334,751095,12200
2020-11-14,113539,2242,153156,3108,7965,94,19450,311,62462,854,53883,897,196363,2616,31397,356,9713,211,11203,218,12205,232,4289,37,33007,502,7941,105,10549,247,46434,348,773556,12378
2020-11-15,115670,2258,156421,3133,8153,94,19977,311,64393,864,55325,903,200063,2623,32013,362,10110,214,11361,219,12636,238,4397,38,33924,511,8040,105,10755,254,47265,358,790503,12485
2020-11-16,116996,2265,158849,3144,8220,97,20220,313,65479,873,55433,904,202817,2637,32563,363,10110,214,11522,222,12873,241,4435,38,34970,514,8161,105,10982,254,47697,363,801327,12547
2020-11-17,118596,2297,160729,3191,8277,98,20405,314,66503,905,56182,917,207224,2700,33459,370,10300,217,11623,227,13260,251,4464,40,36083,546,8383,106,11219,264,49039,371,815746,12814
2020-11-18,120870,2333,164288,3262,8447,102,20830,315,68070,935,56924,935,211380,2766,34144,381,10524,228,11917,227,13517,253,4620,44,36891,567,8669,108,11605,269,50611,394,833307,13119
2020-11-19,123941,2369,168358,3314,8749,103,21076,318,70200,961,58346,951,216809,2819,35065,391,10627,231,12124,229,13947,262,4787,47,38769,582,8944,113,12106,279,52068,401,855916,13370
2020-11-20,127103,2405,173239,3348,8867,104,21735,331,72525,980,59968,970,222535,2887,36091,402,11006,234,12388,231,14347,270,4932,49,39801,602,9266,113,12446,282,53315,422,879564,13630
2020-11-21,129905,2436,177522,3387,9052,105,22098,334,74368,1010,61621,985,227783,2943,37132,411,11247,234,12638,233,15032,276,5064,53,41336,626,9580,121,13132,289,55018,441,902528,13884
2020-11-22,132011,2441,181001,3426,9212,106,22531,336,75789,1027,62553,1004,230976,2956,37587,416,11345,236,12791,234,15315,277,5154,53,42597,648,9791,122,13548,293,56068,447,918269,14022
2020-11-23,133583,2449,183189,3440,9284,108,22702,338,76341,1033,63305,1010,233020,2977,38309,420,11385,236,12912,234,15673,280,5189,53,43967,667,10030,122,13740,296,56504,449,929133,14112
2020-11-24,133689,2452,185803,3490,9307,112,22939,339,77897,1071,64504,1022,236806,3047,39275,434,11561,239,13056,237,15867,287,5247,54,44927,682,10331,129,14169,310,57309,456,942687,14361
2020-11-25,136892,2530,188809,3553,9449,113,23331,347,79260,1111,65708,1052,240962,3126,39969,452,11686,248,13307,241,16316,293,5388,55,46282,710,10416,129,14621,319,58924,492,961320,14771
2020-11-26,139768,2580,193533,3647,9642,114,23330,347,81327,1163,66802,1079,245871,3210,40847,465,11960,249,13564,242,17011,307,5510,57,47690,720,10930,145,15249,327,60554,508,983588,15160
2020-11-27,142878,2626,197988,3699,9640,114,24051,358,83251,1199,68217,1104,250884,3306,41682,491,12041,249,13790,245,17646,316,5695,58,49855,800,11289,154,15823,340,61664,527,1006394,15586
2020-11-28,145615,2671,201950,3759,9868,116,24305,368,84845,1232,69948,1140,255115,3380,42670,508,12237,250,14013,249,18197,329,5820,61,52411,858,11667,160,16364,345,63064,539,1028089,15965
2020-11-29,147887,2702,205211,3785,9872,116,24602,372,86279,1240,70857,1150,258390,3418,43036,515,12486,251,14192,249,18488,334,5908,61,53804,882,11938,163,16686,346,63064,539,1042700,16123
2020-11-30,149318,2715,207159,3801,9909,118,24705,372,86792,1248,71265,1152,260646,3435,43618,517,12673,252,14263,253,18740,337,5950,61,55274,922,12339,165,16998,347,64220,553,1053869,16248
2020-12-01,150719,2776,209682,3862,10094,123,24855,373,88078,1298,71586,1159,263715,3515,44371,546,12814,255,14344,255,19122,344,5995,64,57037,965,12528,176,17388,360,65145,565,1067473,16636
2020-12-02,152782,2825,213308,3970,10253,125,25143,385,89446,1338,72534,1184,267069,3621,45169,572,12884,258,14587,258,19605,359,6116,65,58894,1010,12788,181,17859,378,66306,594,1084743,17123
2020-12-03,155941,2883,217949,4057,10425,129,25469,387,90966,1372,73548,1207,272026,3721,46093,592,13064,262,14827,259,20261,380,6266,68,60919,1083,13342,190,18429,394,67264,618,1106789,17602
2020-12-04,159013,2919,222360,4156,10499,132,25775,404,92825,1411,74734,1228,276697,3793,47140,608,13212,262,15082,263,21123,405,6446,71,63535,1142,13826,194,19463,405,68508,641,1130238,18034
2020-12-05,162349,2978,226357,4249,10632,133,26272,407,94437,1441,76295,1256,281492,3892,48260,644,13643,268,15392,264,21769,415,6605,73,65830,1224,14340,202,20115,414,69768,657,1153556,18517
2020-12-06,164843,3007,229675,4289,10761,136,26619,419,95954,1460,77033,1261,284816,3924,48779,666,13887,271,15627,264,22206,419,6687,74,68244,1279,14616,208,20489,416,71087,679,1171323,18772
2020-12-07,166641,3022,231896,4325,10818,137,26850,423,96637,1478,77741,1266,287179,3954,49496,674,13887,271,15781,265,22433,421,6782,75,70168,1292,14925,209,20979,424,71442,683,1183655,18919
2020-12-08,168265,3098,234614,4411,10859,139,27081,425,97899,1529,78296,1277,290668,4064,49762,681,14173,276,15964,269,22741,422,6835,78,71636,1307,15396,215,21438,452,72082,699,1197709,19342
2020-12-09,170904,3170,238442,4518,10973,142,27363,435,99560,1578,79187,1299,294740,4167,51185,736,14412,286,16277,271,23373,435,7058,86,73767,1381,15832,229,22021,467,73430,732,1218524,19932
2020-12-10,174948,3229,243797,4621,11184,147,27696,443,100900,1601,80894,1353,298431,4226,52149,759,14643,287,16575,276,23892,444,7351,88,75895,1428,16439,242,22857,479,74552,749,1242203,20372
2020-12-11,179160,3293,248679,4723,11366,150,28202,458,102817,1659,82321,1380,305464,4346,53467,805,15178,294,17104,283,24910,464,7597,94,78704,1505,17087,251,23818,497,76204,768,1272078,20970
2020-12-12,182958,3353,253069,4812,11488,150,28620,462,105934,1716,83935,1403,310932,4422,54969,837,15460,296,17515,290,25818,477,7870,96,82226,1591,17703,263,24811,508,77208,790,1300516,21466
2020-12-13,186044,3400,256903,4848,11661,154,29135,478,107361,1749,84771,1419,314937,4455,55536,846,15588,301,17960,291,26434,481,8069,96,84245,1652,18152,271,25672,533,78248,813,1320716,21787
2020-12-14,188241,3425,259793,4895,11714,158,29408,478,108316,1755,85729,1427,317966,4489,56345,855,15996,307,18100,293,26952,484,8232,98,86807,1702,18524,274,26159,514,78796,821,1337078,21975
2020-12-15,190418,3524,261306,4936,11736,159,29711,481,109734,1834,86345,1454,322051,4615,57462,888,16098,313,18341,295,27459,500,8315,100,86806,1702,18985,289,26936,539,79807,846,1351510,22475
2020-12-16,193712,3628,267838,5163,11865,160,29990,491,111433,1906,87268,1482,326681,4786,58279,936,16159,313,18827,301,28055,540,8596,102,92409,1855,19456,302,27734,563,80936,899,1379238,23427
2020-12-17,194357,3640,272883,5309,12086,163,30559,500,113998,1964,88898,1523,332684,4927,59649,979,16523,325,19334,315,29215,605,8939,109,95616,1923,20156,318,29011,596,82253,929,1406161,24125
2020-12-18,202113,3795,278006,5483,12232,165,31044,514,115473,2004,91188,1576,339176,5075,60761,1000,17114,338,19806,319,30092,623,9227,111,98877,2013,20855,338,30277,625,83697,959,1439938,24938
2020-12-19,206397,3892,283289,5566,12367,167,31591,528,118697,2085,92773,1605,345186,5177,62002,1041,17358,349,20259,322,31224,635,9448,114,102193,2132,21867,376,31343,666,85244,985,1471238,25640
2020-12-20,209860,3939,287207,5655,12457,168,32116,545,120716,2121,93811,1636,349463,5209,62620,1056,17520,352,20692,324,31875,647,9664,117,104744,2216,22520,384,32180,679,86564,1001,1494009,26049
2020-12-21,212221,3969,289760,5692,12599,171,32425,547,121962,2147,94996,1648,352719,5245,63586,1062,17732,360,20849,324,32379,658,9796,119,107014,2252,22978,392,32752,683,86884,1006,1510652,26275
2020-12-22,214466,4101,292735,5802,12642,172,32726,549,122638,2200,96232,1684,357298,5425,64640,1090,17977,369,21060,333,33461,694,9899,121,109194,2315,23564,399,33619,728,88029,1024,1530180,27006
2020-12-23,217464,4267,296497,5966,12765,175,33308,561,125049,2296,96959,1702,362430,5608,65473,1137,18184,377,21855,348,34117,714,10210,127,111922,2409,24249,458,34919,757,89519,1066,1554920,27968
2020-12-24,221854,4331,301881,6069,13020,177,33870,571,126214,2331,99234,1753,369058,5778,66745,1198,18549,387,22558,352,35280,753,10532,134,115799,2562,25137,478,36268,791,91116,1105,1587115,28770
2020-12-25,225354,4373,305866,6114,13099,177,34454,580,129206,2396,100343,1764,373298,5835,67546,1213,18938,399,22864,355,35873,763,10681,134,119770,2658,25964,500,37324,805,92068,1116,1612648,29182
2020-12-26,227305,4400,308651,6150,13134,178,34813,584,130109,2423,101877,1774,375714,5888,68113,1229,19122,406,23094,359,36214,771,10841,139,121060,2682,26569,502,38141,819,92346,1118,1627103,29422
2020-12-27,228893,4438,311091,6213,13165,182,35110,586,131434,2484,102850,1788,378105,5964,68758,1257,19150,406,23333,366,36795,781,10939,142,122450,2706,27064,509,38740,828,92981,1128,1640858,29778
2020-12-28,230029,4486,312972,6265,13205,183,35331,589,131804,2511,103244,1802,380487,6066,69197,1272,19322,412,23524,376,37137,788,11055,143,124189,2733,27438,515,39104,836,93796,1149,1651834,30126
2020-12-29,231686,4587,314934,6398,13259,186,35484,598,132204,2582,103750,1851,383008,6227,70024,1328,19341,412,23784,394,37820,814,11168,152,126421,2838,27754,532,39647,907,94442,1172,1664726,30978
2020-12-30,234498,4695,318339,6549,13411,191,35947,614,133475,2711,104768,1908,387437,6451,70749,1378,19539,421,24284,411,39627,884,11623,161,128785,3003,28316,560,40658,957,95729,1213,1687185,32107
2020-12-31,237993,4789,324937,6716,13559,194,36417,632,136577,2845,106789,1967,393185,6552,71993,1428,19879,432,24792,425,41241,937,11997,171,132356,3139,29200,602,42034,995,96788,1247,1719737,33071
2021-01-01,240888,4840,328640,6765,13681,196,36985,653,138379,2887,108607,2003,396880,6631,72785,1441,20000,433,25134,427,42274,976,12168,172,135397,3266,30135,651,43278,1012,97430,1271,1742661,33624
2021-01-02,242744,4894,330855,6811,13703,201,37293,658,139368,2917,109810,2016,398678,6701,73545,1459,20111,440,25247,436,42384,982,12362,173,137031,3302,30708,666,43875,1027,97637,1277,1755351,33960
2021-01-03,243914,4925,332619,6868,13713,202,37535,661,139965,2962,110271,2028,400594,6751,73915,1466,20141,441,25540,443,42713,993,12454,177,138332,3353,31497,687,44366,1030,98097,1285,1765666,34272
2021-01-04,244930,4947,334567,6925,13747,204,37535,661,140371,2991,110777,2041,402519,6820,74435,1476,20199,445,25751,446,42887,1008,12562,179,139700,3378,32083,694,44696,1054,98754,1305,1775513,34574
2021-01-05,246440,5052,337095,7163,13803,208,37879,671,141012,3095,111453,2101,404488,7010,74962,1531,20272,455,25986,475,43163,1015,12738,189,141002,3412,32480,704,45112,1110,99525,1327,1787410,35518
2021-01-06,249397,5180,338786,7260,13915,209,38575,695,142925,3211,112166,2122,408998,7246,75885,1582,20497,467,26536,497,44556,1083,13225,200,143122,3502,33019,725,46285,1168,100760,1390,1808647,36537
2021-01-07,250675,5207,342280,7424,14069,209,39154,725,145009,3278,114282,2206,415041,7507,76991,1632,20805,483,27078,514,45720,1143,13701,215,146658,3626,33929,777,47576,1216,102070,1445,1835038,37607
2021-01-08,254652,5337,348143,7656,14177,213,39587,763,147012,3349,116432,2258,420190,7706,78087,1686,21321,497,27542,520,48351,1221,14031,226,149707,3814,34971,805,49045,1257,103639,1487,1866887,38795
2021-01-09,257403,5464,351615,7786,14257,219,40123,792,148863,3461,118305,2313,424492,7866,79252,1740,21642,529,28056,534,49531,1281,14429,235,152459,3981,35734,832,50302,1298,105118,1547,1891581,39878
2021-01-10,260001,5530,354494,7875,14323,222,40476,817,150229,3483,119533,2329,427710,7942,79839,1762,21868,540,28480,545,49531,1281,14667,239,154520,4064,35734,832,51272,1322,105850,1560,1908527,40343
2021-01-11,261487,5575,356922,7913,14365,223,40687,820,150790,3513,120634,2340,429506,7978,80449,1780,21900,543,28624,554,50180,1286,14757,242,155627,4130,37300,870,51606,1354,106190,1565,1921024,40686
2021-01-12,262509,5665,358804,8053,14383,225,40960,820,151293,3588,121103,2386,431807,8181,81039,1838,22142,555,28845,569,51521,1335,14882,254,156677,4196,38320,912,52315,1409,107226,1591,1933826,41577
2021-01-13,264735,5758,361582,8216,14469,226,41350,851,152844,3716,122431,2442,435464,8402,81737,1870,22279,566,29250,594,52285,1361,15316,260,158624,4323,39233,949,53532,1468,108295,1635,1953426,42637
2021-01-14,267714,5874,366609,8399,14629,227,41746,865,154500,3780,124027,2493,439609,8585,82472,1919,22542,588,29734,609,53533,1469,15684,268,161352,4583,40234,1006,54636,1505,109569,1711,1978590,43881
2021-01-15,270036,5978,369672,8513,14699,227,42070,882,156127,3843,125183,2531,444159,8838,83476,1977,22742,599,30159,624,55402,1527,15989,282,163469,4794,41394,1068,55641,1556,110740,1755,2000958,44994
2021-01-16,271976,6050,372696,8639,14796,230,42349,895,157255,3907,127115,2604,447493,9033,84229,2035,22939,606,30581,648,56036,1549,16361,296,165292,4982,42249,1089,56539,1611,111730,1800,2019636,45974
2021-01-17,272796,6071,374868,8690,14900,231,42727,904,158544,3936,128015,2628,450721,9091,84639,2048,23132,608,30956,651,56836,1595,16614,298,166572,5079,42680,1133,57256,1633,112262,1823,2033518,46419
2021-01-18,274829,6111,375137,8697,14943,232,42814,906,158968,3964,128826,2634,451898,9123,84641,2048,23146,611,31171,652,57264,1605,16742,308,166993,5104,43182,1166,57594,1639,112511,1833,2040659,46633
2021-01-19,275442,6219,377918,8929,14960,237,43077,917,159409,4072,129566,2685,453576,9306,85559,2104,23204,628,31391,675,58646,1667,16902,310,167685,5156,43612,1181,58026,1676,113055,1860,2052028,47622
2021-01-20,277126,6324,380295,9106,15027,239,43328,935,160738,4190,130467,2768,456855,9473,86124,2145,23420,632,31842,691,59485,1738,17170,324,168943,5307,44494,1247,58813,1733,113875,1918,2068002,48770
2021-01-21,279479,6419,383107,9282,15151,240,43613,950,162321,4257,132095,2829,460709,9635,87040,2187,23628,645,32297,707,60825,1805,17553,340,170784,5433,45448,1289,59744,1808,114606,1957,2088400,49783
2021-01-22,281393,6514,385784,9420,15248,248,43919,962,163853,4318,133417,2900,464139,9773,87855,2216,23873,654,32820,725,61997,1849,17826,344,171878,5517,46137,1333,60617,1873,115506,1996,2106262,50642
2021-01-23,282920,6585,387863,9583,15326,250,44249,976,164944,4362,134927,2945,467471,9895,88612,2263,24068,681,33245,741,62813,1896,18108,355,173272,5670,47452,1397,61290,1901,116119,2021,2122679,51521
2021-01-24,284407,6618,389998,9642,15402,251,44453,987,165873,4388,135765,2964,470082,9941,88977,2279,24249,686,33722,744,63068,1908,18349,363,174186,5722,47925,1425,61898,1913,116582,2039,2134936,51870
2021-01-25,285141,6633,391103,9671,15435,253,44718,988,166219,4412,136202,2976,471079,9972,89446,2287,24288,689,33861,755,63644,1939,18462,369,174818,5730,48405,1437,62102,1936,116742,2040,2141665,52087
2021-01-26,285615,6728,391863,9773,15467,255,44919,990,166452,4494,136795,3031,472482,10161,89830,2330,24396,696,33972,769,64265,2028,18569,384,175171,5799,48795,1493,62372,1992,117114,2067,2148077,52990
2021-01-27,286958,6803,393731,9943,15549,257,45070,1003,167595,4577,137549,3090,475013,10301,90431,2380,24671,704,34530,794,65150,2106,18948,399,176039,5920,49400,1556,63043,2028,117602,2111,2161279,53972
2021-01-28,288818,6871,396600,10116,15639,259,45535,1029,168871,4676,139029,3154,478263,10457,91099,2417,24941,711,35037,815,66370,2161,19197,409,177121,6002,50200,1604,63675,2068,118433,2164,2178828,54913
2021-01-29,290457,6956,398573,10229,15747,265,45576,1037,169960,4733,139925,3189,481042,10597,91711,2450,25232,720,35426,834,67144,2193,19435,423,178330,6153,50945,1653,64392,2122,118955,2198,2192850,55752
2021-01-30,291818,7013,400504,10344,15885,266,46015,1066,170883,4786,141085,3253,483456,10717,91711,2450,25450,731,35717,853,67836,2263,19682,443,179153,6254,51521,1705,64941,2164,119514,2238,2205171,56546
2021-01-31,293116,7039,402173,10379,15971,268,46264,1071,171823,4812,142097,3278,485893,10784,92638,2515,25712,736,36021,877,68174,2282,19848,448,179740,6288,51620,1712,65429,2188,119844,2268,2216363,56945
2021-02-01,293647,7063,403454,10394,15998,268,46399,1073,172056,4842,142733,3285,486992,10824,93044,2531,25807,737,36204,888,68335,2291,19937,451,180210,6289,51620,1712,65592,2194,119943,2278,2221971,57120
2021-02-02,294255,7181,404215,10496,16033,273,46554,1074,172367,4926,143160,3324,487938,10973,93372,2573,25829,743,36343,917,68694,2361,20022,474,180623,6367,52462,1773,65821,2231,120397,2295,2228085,57981
2021-02-03,295395,7227,405666,10767,16155,278,46554,1074,173312,4989,143452,3362,490236,11149,93757,2618,25985,752,36560,944,69231,2449,20284,480,181338,6469,52759,1809,66356,2261,120750,2328,2237790,58956
2021-02-04,296749,7275,408021,10895,16226,283,46966,1097,174489,5050,144638,3412,492669,11259,94302,2648,26296,760,37044,967,69805,2507,20591,506,182333,6560,53358,1860,67115,2287,121399,2376,2252001,59742
2021-02-05,297994,7341,410005,11023,16355,285,47191,1120,175378,5114,146205,3509,495483,11386,94801,2685,26500,766,37359,985,70233,2539,20849,520,183110,6659,53825,1922,67743,2323,121878,2420,2264909,60597
2021-02-06,299122,7403,411621,11096,16436,286,47412,1140,176138,5148,147195,3550,497667,11497,95250,2720,26709,775,37611,1006,70656,2622,21052,542,183812,6739,54257,1956,68227,2352,122229,2454,2275394,61286
2021-02-07,300232,7422,413008,11126,16494,286,47582,1143,176931,5165,148108,3581,499455,11540,95437,2727,26889,783,37893,1012,70930,2629,21207,544,184334,6763,54592,1970,68462,2359,122456,2467,2284010,61517
2021-02-08,300693,7426,413863,11146,16543,290,47698,1145,177127,5182,148580,3596,500268,11565,95727,2732,26920,786,37985,1016,71035,2630,21288,552,184791,6794,54782,1978,68639,2366,122606,2471,2288545,61675
2021-02-09,301091,7509,414332,11226,16569,293,47884,1148,177331,5229,148877,3635,500500,11595,96076,2764,26952,787,38136,1038,71303,2668,21351,579,184880,6816,54897,1990,68855,2393,122890,2486,2291924,62156
2021-02-10,302110,7552,415276,11371,16618,301,48045,1158,177988,5296,149347,3682,502766,11796,96371,2800,27084,795,38444,1062,71659,2716,21556,596,185204,6895,55162,2010,69174,2432,123192,2507,2299996,62969
2021-02-11,303333,7592,416786,11470,16717,305,48265,1167,178780,5362,150430,3716,504650,11895,96761,2826,27182,803,38778,1083,72195,2749,21761,603,186000,6999,55449,2050,69497,2464,123649,2551,2310233,63635
2021-02-12,304257,7675,418456,11547,16797,306,48458,1178,179467,5398,151569,3773,506531,11963,97141,2846,27281,805,39144,1101,72569,2760,21928,614,186520,7044,55787,2068,70054,2539,124134,2574,2320093,64191
2021-02-13,305024,7717,419644,11645,16858,307,48686,1188,180050,5434,152454,3812,508203,12064,97521,2873,27514,814,39351,1119,72853,2783,22107,626,187061,7106,56131,2090,70472,2566,124518,2598,2328447,64742
2021-02-14,305815,7741,420472,11679,16909,310,48865,1196,180444,5448,153187,3836,509494,12096,97640,2877,27593,817,39539,1126,73087,2790,22276,628,187317,7127,56457,2109,70755,2576,124711,2604,2334561,64960
2021-02-15,306184,7752,421239,11692,16973,312,48983,1196,180703,5460,153651,3845,510522,12118,97872,2879,27608,817,39661,1131,73241,2795,22340,634,187602,7135,56676,2114,70950,2588,124782,2608,2338987,65076
2021-02-16,306401,7805,421792,11773,17001,314,49169,1197,180927,5505,154185,3881,511231,12212,98130,2907,27644,827,39790,1155,73381,2820,22395,645,187820,7190,56819,2140,71179,2614,124979,2619,2342843,65604
2021-02-17,307166,7837,422813,11849,17073,316,49319,1202,181523,5553,154900,3908,512879,12342,98391,2928,27723,830,40041,1177,73673,2850,22625,657,188254,7246,57085,2170,71660,2655,125274,2644,2350399,66164
2021-02-18,308077,7856,424534,11945,17170,317,49553,1206,182385,5598,155840,3977,514947,12424,98759,2945,27850,835,40273,1190,74065,2874,22822,664,188956,7294,57479,2221,72170,2682,125726,2670,2360606,66698
2021-02-19,309004,7895,425826,12042,17170,317,49747,1210,183111,5633,156578,4009,517037,12520,99205,2962,27938,840,40537,1197,74358,2893,23020,680,189534,7351,57805,2253,72648,2702,126201,2702,2369719,67206
2021-02-20,309999,7926,427177,12099,17340,321,49901,1216,183697,5642,157928,4084,518759,12595,99553,2989,28056,848,40796,1205,74598,2907,23218,685,189971,7443,58168,2285,73149,2731,126573,2720,2378883,67696
2021-02-21,310854,7939,428292,12112,17425,326,50179,1223,184252,5664,158597,4096,520639,12621,99781,2989,28056,848,41003,1205,74843,2912,23358,689,190482,7457,58480,2292,73493,2741,126825,2727,2386559,67841
2021-02-22,311157,7940,429024,12123,17485,327,50292,1223,184447,5672,159196,4104,521557,12633,100119,2993,28056,848,41115,1211,74955,2914,23436,692,190814,7460,58674,2293,73703,2742,126898,2728,2390928,67903
2021-02-23,311525,7966,429436,12176,17518,327,50511,1224,184753,5714,159653,4142,522184,12720,100354,3020,28235,851,41210,1230,75045,2938,23507,705,191049,7494,58817,2307,73827,2764,127187,2740,2394811,68318
2021-02-24,312399,7985,430386,12233,17584,329,50673,1235,185434,5751,160402,4204,524022,12800,100633,3031,28369,852,41468,1245,75337,2948,23712,714,191563,7529,59049,2339,74304,2779,127483,2766,2402818,68740
2021-02-25,313518,8005,432364,12281,17705,329,50919,1251,186288,5775,161643,4230,526695,12875,101009,3062,28525,857,41739,1262,75649,2957,23938,719,192399,7574,59480,2358,74886,2810,127930,2780,2414687,69125
2021-02-26,314625,8042,433804,12329,17790,333,51262,1257,187011,5801,162668,4270,528690,12958,101435,3070,28666,865,41989,1272,75982,2977,24130,727,193105,7613,59863,2381,75430,2827,128234,2797,2424684,69519
2021-02-27,315572,8059,435224,12363,17894,337,51450,1263,187791,5815,163594,4287,530703,13028,101823,3089,28797,866,42235,1280,76224,2992,24313,736,193707,7707,60236,2406,75947,2847,128936,2813,2434446,69888
2021-02-28,316560,8068,436465,12381,17997,339,51653,1270,188380,5824,164437,4296,532344,13044,101996,3092,28921,869,42445,1282,76475,2996,24488,739,194165,7755,60472,2414,76291,2859,129247,2817,2442336,70045
2021-03-01,317043,8074,437607,12388,18046,341,51779,1272,188623,5825,164864,4298,533148,13059,102261,3095,28960,870,42541,1284,76566,2998,24554,739,194557,7760,60719,2421,76450,2864,129350,2817,2447068,70105
2021-03-02,317441,8102,438050,12429,18071,342,52035,1278,188912,5843,165334,4326,533871,13141,102436,3111,28980,872,42638,1304,76721,3024,24609,745,194778,7817,60905,2425,76636,2880,129594,2824,2451011,70463
2021-03-03,318526,8152,439746,12495,18149,346,52220,1287,189743,5877,165838,4363,535738,13195,102699,3124,29097,876,42825,1308,77022,3049,24859,752,195262,7861,61119,2446,77110,2901,130077,2849,2460030,70881
2021-03-04,319904,8187,441588,12558,18258,350,52454,1296,190675,5894,166950,4391,538211,13264,103130,3133,29240,881,43117,1316,77335,3064,25107,757,196121,7909,61529,2462,77800,2917,130523,2861,2471942,71240
2021-03-05,321162,8216,443181,12583,18334,355,52722,1301,191451,5916,167887,4410,540421,13310,103523,3151,29340,887,43337,1320,77632,3067,25295,766,196851,7940,61930,2479,78325,2930,131131,2873,2482522,71504
2021-03-06,322232,8251,444971,12622,18403,364,52945,1306,192184,5930,168806,4437,542403,13363,103873,3160,29415,890,43528,1324,77881,3085,25489,773,197358,7983,62256,2486,78789,2942,131546,2888,2492079,71804
2021-03-07,323442,8264,446196,12633,18464,366,53177,1312,192671,5935,169624,4445,544088,13377,104027,3161,29509,891,43766,1331,78096,3091,25662,774,197932,7986,62459,2499,79216,2944,131853,2891,2500182,71900
2021-03-08,323928,8272,447230,12641,18492,366,53346,1312,192976,5944,170284,4448,544937,13380,104250,3162,29563,891,43850,1332,78158,3086,25709,775,198309,7986,62786,2500,79412,2946,131963,2893,2505193,71934
2021-03-09,324324,8293,448006,12679,18518,368,53543,1312,193424,5962,170550,4467,545874,13446,104431,3168,29598,893,43946,1339,78294,3095,25758,784,198583,8000,62918,2516,79627,2973,132051,2894,2509445,72189
2021-03-10,325661,8316,449397,12703,18578,370,53543,1312,194281,5983,171194,4512,547981,13486,104751,3177,29713,903,44193,1349,78599,3115,25962,789,199123,8038,63165,2528,80111,3007,132339,2901,2518591,72489
2021-03-11,327180,8346,452024,12743,18688,375,53949,1314,195365,5999,172568,4547,550996,13564,105249,3186,29774,904,44451,1359,79052,3124,26144,792,200207,8071,63590,2540,80882,3029,132828,2917,2532947,72810
2021-03-12,328733,8379,454117,12782,18758,378,54252,1324,196358,6011,173671,4557,553794,13605,105703,3194,29832,904,44723,1368,79448,3132,26365,800,201030,8097,64069,2559,81547,3045,133381,2927,2545781,73062
2021-03-13,330253,8408,456084,12810,18852,378,54591,1328,197413,6028,174917,4581,556298,13644,106165,3210,29987,911,44957,1372,79749,3146,26525,804,202017,8111,64486,2575,82135,3063,134026,2932,2558455,73301
2021-03-14,331829,8415,457912,12818,18936,378,54804,1332,198336,6035,175506,4592,558597,13656,106356,3212,30081,911,45220,1375,80086,3147,26694,806,202690,8117,64896,2579,82767,3065,134535,2933,2569245,73371
2021-03-15,332487,8420,458977,12825,19002,378,54998,1332,198778,6039,176602,4598,559738,13672,106701,3212,30115,911,45308,1375,80226,3150,26758,806,203159,8117,65190,2579,83067,3071,134743,2933,2575849,73418
2021-03-16,332924,8437,459869,12865,19057,379,55266,1332,199137,6059,177016,4608,560994,13722,107042,3221,30162,914,45426,1384,80358,3177,26823,811,203533,8126,65335,2584,83276,3096,135111,2941,2581329,73656
2021-03-17,334884,8456,462053,12884,19134,381,55475,1337,200311,6094,177935,4630,563802,13761,107424,3224,30246,914,45758,1391,80871,3197,27094,816,204405,8150,65643,2597,83954,3127,135775,2946,2594764,73905
2021-03-18,337011,8478,465058,12906,19272,385,55475,1337,201865,6108,179604,4666,567947,13803,108086,3231,30408,914,46096,1393,81356,3208,27289,817,205416,8168,66118,2612,84871,3151,136396,2955,2612268,74132
2021-03-19,339011,8510,467890,12937,19419,390,56256,1342,203264,6119,181035,4690,571420,13838,108681,3243,30513,916,46386,1398,82013,3220,27477,823,206927,8186,66712,2619,85721,3161,137025,2966,2629750,74358
2021-03-20,340939,8518,470220,12966,19526,391,56656,1343,204713,6142,182532,4705,574563,13872,109302,3254,30538,918,46663,1403,82512,3231,27708,825,208150,8198,67255,2627,86588,3188,137918,2984,2645783,74565
2021-03-21,343165,8526,472427,12972,19635,392,56992,1348,205734,6145,183678,4722,577480,13886,109639,3254,30668,918,46969,1404,82945,3233,27936,828,209156,8220,67601,2631,87286,3195,138205,2990,2659516,74664
2021-03-22,344069,8530,473835,12981,19711,392,57162,1349,206203,6156,184332,4724,579095,13897,110068,3256,30702,918,47060,1405,83068,3235,28015,829,209922,8220,67960,2632,87598,3199,138425,2991,2667225,74714
2021-03-23,344750,8551,474797,13020,19764,395,57452,1355,206793,6182,185059,4736,580884,13960,110517,3264,30740,921,47200,1411,83270,3246,28093,832,210430,8236,68182,2638,87809,3220,138970,2997,2674710,74964
2021-03-24,346733,8569,477443,13065,19873,396,57749,1358,208137,6198,185984,4746,584338,13994,110941,3276,30818,921,47453,1414,83920,3257,28480,835,211630,8272,68579,2658,88724,3243,139721,3010,2690523,75212
2021-03-25,349671,8592,480909,13089,20061,398,58148,1364,210037,6229,187971,4773,588901,14029,111781,3285,31026,921,47815,1418,84697,3267,28784,837,213347,8290,69282,2670,89754,3256,140996,3022,2713180,75440
2021-03-26,352390,8606,484499,13121,20227,400,58697,1369,211722,6248,189792,4793,593519,14064,112717,3290,31110,922,48180,1422,85348,3269,29165,842,214824,8303,69928,2678,90632,3271,142003,3025,2734753,75623
2021-03-27,354990,8622,487956,13132,20399,401,59240,1372,213395,6270,191610,4805,597503,14099,113496,3302,31285,924,48558,1425,85940,3272,29508,843,216308,8323,70668,2681,91393,3280,142976,3029,2755225,75780
2021-03-28,357140,8632,490773,13142,20534,401,59727,1372,214553,6278,193388,4810,601047,14113,114058,3305,31468,924,48889,1425,86420,3275,29780,846,217425,8329,71151,2692,92337,3291,143711,3035,2772401,75870
2021-03-29,358479,8643,492402,13148,20631,401,59979,1372,215258,6283,194245,4814,602558,14113,114649,3306,31509,924,49041,1426,86684,3276,29884,847,218503,8332,71743,2694,92701,3296,144007,3038,2782273,75913
2021-03-30,359284,8648,493646,13194,20704,402,60339,1372,216091,6298,194850,4836,604999,14151,115316,3313,31546,924,49230,1429,87001,3288,29981,851,219076,8338,72035,2698,93142,3309,144582,3042,2791822,76093
2021-03-31,361625,8684,496321,13239,20821,404,60667,1378,217605,6321,196101,4847,608416,14194,115924,3322,31737,925,49590,1432,87593,3302,30363,857,220335,8360,72432,2706,94098,3325,145245,3046,2808873,76342
2021-04-01,364953,8704,500549,13263,20970,406,61257,1382,219484,6338,198107,4880,612947,14230,116795,3328,31923,926,49996,1436,88464,3306,30650,867,222264,8373,73163,2713,95394,3337,146257,3054,2833173,76543
2021-04-02,367675,8728,503897,13291,21129,406,61798,1393,221480,6351,199767,4891,617617,14269,117676,3334,32035,927,50354,1438,89194,3309,30956,871,223859,8405,73899,2725,96262,3367,147463,3070,2855061,76775
2021-04-03,370273,8737,506786,13302,21268,406,62281,1397,223165,6365,201023,4898,621574,14296,118270,3337,32222,927,50694,1439,89709,3313,31263,872,225140,8425,74565,2727,97010,3374,147947,3080,2873190,76895
2021-04-04,371389,8743,508747,13312,21374,406,62742,1397,224044,6370,202110,4905,624339,14305,118827,3340,32275,927,50863,1441,89948,3317,31370,875,226142,8430,75018,2729,97473,3385,148725,3081,2885386,76963
2021-04-05,372408,8747,510300,13323,21458,407,62950,1397,224677,6375,202825,4908,625794,14316,119354,3342,32386,927,51028,1441,90161,3321,31582,875,226879,8432,75370,2730,97677,3387,149034,3085,2893883,77013
2021-04-06,373135,8761,511193,13343,21512,409,63205,1398,225220,6381,203209,4911,627782,14344,119748,3343,32430,927,51199,1443,90272,3322,31730,877,227351,8433,75564,2733,97990,3393,149228,3085,2900768,77103
2021-04-07,373964,8795,513473,13387,21550,411,63509,1398,226031,6410,203838,4939,629820,14403,120131,3353,32500,929,51436,1447,90448,3344,31895,881,227862,8449,75864,2756,98295,3410,149829,3089,2910445,77401
2021-04-08,377076,8831,517336,13418,21685,414,63815,1404,227581,6441,205087,4962,633940,14462,120866,3362,32748,931,51864,1448,90999,3358,32325,887,229427,8475,76379,2773,99350,3444,150374,3097,2930852,77707
2021-04-09,380734,8868,521889,13453,22006,417,64321,1406,229554,6454,207252,4996,638671,14520,121830,3377,33020,932,52252,1455,91907,3365,32758,897,231314,8509,77093,2791,100418,3454,151297,3109,2956316,78003
2021-04-10,384044,8900,525742,13479,22161,419,64768,1409,231579,6473,208983,5010,643229,14558,122849,3387,33228,932,52611,1460,92576,3368,33327,900,233462,8544,78022,2810,101516,3479,152316,3121,2980413,78249
2021-04-11,386719,8912,527568,13491,22282,420,65266,1411,233184,6481,210511,5015,647555,14574,123382,3394,33499,932,52986,1460,93027,3370,33664,903,234673,8555,78734,2830,102259,3483,152959,3122,2998268,78353
2021-04-12,388266,8927,530864,13514,22386,420,65606,1412,233812,6488,211519,5019,649941,14587,124109,3398,33562,932,53135,1461,93345,3373,33839,907,235712,8558,79262,2833,102703,3501,153452,3122,3011513,78452
2021-04-13,389388,8946,532732,13562,22482,422,65915,1412,234519,6521,212176,5037,652744,14655,124741,3405,33628,934,53332,1466,93523,3401,34020,914,236496,8573,79541,2848,103095,3524,153991,3126,3022323,78746
2021-04-14,392632,8981,536815,13606,22653,427,66184,1421,236594,6543,213396,5071,657437,14721,125400,3414,33800,939,53735,1469,94098,3414,34521,916,238027,8612,80085,2873,103971,3554,154668,3127,3044016,79088
2021-04-15,396512,9007,541911,13657,22923,427,66663,1423,238586,6565,215704,5104,663755,14761,126606,3422,33998,940,54142,1471,94981,3430,35094,919,240443,8654,80968,2885,105161,3583,155995,3133,3073442,79381
2021-04-16,399982,9022,546680,13684,23116,433,67121,1427,240509,6585,217562,5112,669472,14813,127699,3434,34297,942,54508,1473,95604,3436,35419,921,242330,8697,81757,2900,106200,3607,157017,3142,3099273,79628
2021-04-17,403509,9047,550632,13715,23276,435,67542,1429,242061,6596,219426,5119,674695,14854,128834,3447,34434,942,54780,1474,96158,3443,35843,926,244070,8724,82455,2909,107057,3641,158305,3146,3123077,79847
2021-04-18,406195,9051,553999,13725,23441,435,67944,1431,243597,6603,220973,5123,679133,14868,129415,3450,34793,942,55132,1475,96618,3449,36149,926,245311,8735,82959,2910,107681,3641,158922,3150,3142262,79914
2021-04-19,407605,9063,556150,13738,23532,435,68241,1431,244208,6610,221894,5125,681986,14912,130107,3453,34817,943,55270,1475,96903,3453,36333,927,246067,8735,83377,2913,107955,3644,159254,3149,3153699,80006
2021-04-20,408807,9085,557704,13771,23598,436,68512,1434,244779,6648,222440,5136,684238,14974,130750,3469,34855,943,55478,1480,97112,3469,36445,934,246518,8756,83891,2952,108414,3663,159767,3153,3163308,80303
2021-04-21,412646,9113,562346,13823,23794,440,68739,1438,246957,6675,223866,5158,690253,15057,131645,3481,35144,944,55907,1486,97666,3479,36939,945,248072,8791,84455,2964,109288,3678,160475,3162,3188192,80634
2021-04-22,417455,9146,567037,13864,24013,443,69140,1442,249343,6691,225746,5169,696949,15116,132799,3489,35633,946,56250,1489,98495,3483,37392,950,250271,8830,85175,2978,110369,3689,161643,3168,3217710,80893
2021-04-23,421248,9160,571546,13915,24230,443,69556,1447,251353,6715,227807,5194,703887,15159,133941,3504,35921,947,56669,1495,99053,3492,37875,956,252173,8863,86058,2992,111158,3702,162778,3174,3245253,81158
2021-04-24,424891,9201,574876,13955,24380,444,69920,1456,253605,6733,229651,5209,709522,15201,135016,3513,35976,948,57021,1496,99514,3497,38243,962,253675,8909,86861,3005,111876,3736,163618,3179,3268645,81444
2021-04-25,427854,9211,578061,13966,24539,444,70156,1461,255088,6742,230846,5224,714360,15218,135583,3514,36236,949,57351,1496,99879,3502,38520,964,254934,8933,87365,3013,112543,3741,164103,3186,3287418,81564
2021-04-26,429639,9226,580266,13973,24588,446,70470,1461,255839,6754,231841,5225,716866,15224,136279,3515,36261,949,57471,1497,100158,3504,38628,967,256020,8940,87816,3015,112882,3741,164301,3187,3299325,81624
2021-04-27,431437,9256,581618,14028,24660,447,70701,1467,256451,6802,232647,5242,719818,15287,136773,3528,36380,954,57624,1502,100266,3518,38708,976,256616,8990,88180,3027,113327,3752,165095,3192,3310301,81968
2021-04-28,435322,9293,585055,14055,24812,451,70912,1474,258487,6815,233766,5260,724667,15375,137562,3539,36616,955,57982,1504,100710,3534,39298,980,258178,9016,88837,3053,114282,3776,166046,3200,3332532,82280
2021-04-29,437975,9303,589474,14101,25003,453,71231,1483,260590,6834,235608,5281,730086,15435,138741,3544,36979,957,58271,1507,101415,3552,39661,985,260386,9041,89581,3069,115170,3790,167097,3209,3357268,82544
2021-04-30,443007,9340,592904,14145,25150,453,71632,1488,262327,6862,237387,5302,735731,15509,139727,3553,37234,959,58542,1508,101949,3560,39956,995,261884,9068,90409,3086,115919,3813,167839,3209,3381597,82850
2021-05-01,446322,9366,595678,14180,25243,454,71870,1496,263771,6878,238630,5312,740088,15551,140459,3561,37473,960,58799,1510,102347,3568,40279,998,263217,9105,90989,3094,116912,3837,168455,3212,3400532,83082
2021-05-02,449178,9377,598259,14192,25243,454,72182,1502,264976,6893,239993,5323,743916,15575,140908,3561,37671,960,59045,1512,102685,3574,40508,999,264472,9116,91349,3096,117482,3845,168955,3213,3416822,83192
2021-05-03,450580,9390,599791,14203,25472,454,72385,1503,265602,6904,240367,5324,746246,15593,141451,3562,37712,961,59143,1513,102832,3576,40594,1000,265338,9120,91612,3097,117845,3861,169012,3215,3425982,83276
2021-05-04,451387,9410,600575,14242,25512,454,72575,1504,265989,6933,240906,5344,748455,15689,141933,3564,37776,962,59276,1515,102965,3593,40687,1009,265870,9148,91869,3109,118180,3888,169561,3227,3433516,83591
2021-05-05,454272,9440,603434,14279,25662,454,72828,1509,267721,6982,242044,5350,752510,15759,142504,3577,37952,963,59572,1517,103407,3597,41065,1011,267040,9179,92303,3138,118945,3889,170291,3232,3451550,83876
2021-05-06,458183,9465,606634,14317,25831,458,73054,1513,269334,7007,243505,5368,757423,15808,143448,3590,38212,963,59861,1520,103954,3604,41324,1018,268896,9207,92968,3148,119735,3899,171141,3241,3473503,84126
2021-05-07,461237,9488,609616,14366,25935,461,73334,1515,270669,7026,244980,5386,761517,15863,144215,3608,38395,964,60108,1522,104342,3618,41554,1032,270448,9234,93519,3158,120382,3915,171737,3254,3491988,84410
2021-05-08,463793,9515,612095,14391,26017,461,73626,1517,271849,7045,246084,5404,765050,15914,144933,3613,38562,967,60328,1524,104674,3626,41813,1041,271607,9264,93975,3163,120937,3938,172330,3265,3507673,84648
2021-05-09,465900,9526,614106,14411,26106,461,73832,1519,272962,7055,247016,5406,768194,15927,145284,3613,38744,967,60509,1527,104930,3630,41961,1043,272458,9269,94285,3164,121395,3956,172647,3301,3520329,84775
2021-05-10,466881,9537,615338,14417,26143,463,73980,1519,273352,7055,247422,5410,769889,15943,145732,3614,38790,967,60624,1529,105072,3633,42015,1044,273097,9273,94548,3164,121642,3960,172726,3301,3527251,84829
2021-05-11,467881,9565,615946,14470,26168,463,74172,1519,273775,7073,247888,5427,771298,16030,146109,3622,38832,967,60759,1534,105072,3633,42073,1055,273501,9291,94714,3174,121996,3984,173192,3305,3533376,85112
2021-05-12,470443,9608,618178,14496,26274,464,74318,1526,275361,7084,248876,5440,774406,16104,146707,3629,39001,971,61005,1536,105469,3653,42358,1059,274418,9316,95102,3180,122667,3995,173702,3319,3548285,85380
2021-05-13,473284,9640,620745,14536,26392,467,74495,1530,276800,7100,250092,5455,778353,16170,147469,3631,39221,974,61210,1539,105881,3664,42574,1068,275860,9342,95599,3185,123320,4032,174409,3325,3565704,85658
2021-05-14,475324,9651,622624,14551,26443,467,74669,1530,277815,7106,250813,5459,780826,16190,147858,3633,39418,974,61349,1545,106145,3665,42747,1069,276824,9367,95933,3213,123688,4032,174564,3396,3577040,85848
2021-05-15,476489,9686,623854,14576,26472,468,74824,1531,278351,7118,251472,5469,782511,16222,148396,3639,39460,977,61468,1553,106281,3673,42792,1075,277434,9372,96166,3216,123945,4051,175019,3399,3584934,86025
2021-05-16,477881,9694,625375,14585,26530,468,74889,1533,279036,7128,252095,5473,784628,16235,148768,3642,39610,978,61608,1564,106476,3673,42903,1078,277820,9374,96337,3217,124286,4055,175192,3399,3593434,86096
2021-05-17,478496,9703,626403,14596,26573,468,74991,1533,279342,7135,252337,5474,786304,16252,149106,3646,39642,978,61674,1565,106565,3673,42961,1079,278217,9380,96537,3221,124415,4058,175283,3399,3598846,86160
2021-05-18,479090,9725,627007,14632,26590,469,75086,1533,279582,7151,252575,5491,787351,16313,149275,3652,39688,980,61747,1566,106657,3675,43004,1086,278482,9387,96612,3226,124655,4092,175654,3403,3603055,86381
2021-05-19,480953,9751,628742,14660,26625,469,75144,1535,280751,7175,253319,5515,789621,16356,149657,3662,39870,981,61948,1570,106927,3685,43222,1089,279227,9455,96852,3245,125202,4105,176035,3412,3614095,86665
2021-05-20,483056,9780,630509,14699,26716,470,75334,1541,281797,7189,254251,5529,792263,16408,150197,3672,40017,988,62122,1571,107234,3690,43330,1094,280262,9483,97127,3252,125681,4120,176497,3416,3626393,86902
2021-05-21,484507,9811,631921,14740,26778,471,75479,1541,282450,7189,254959,5548,794195,16446,150619,3678,40148,991,62237,1573,107425,3693,43433,1103,280911,9518,97363,3270,125984,4134,176753,3422,3635162,87128
2021-05-22,485754,9828,632774,14766,26820,471,75579,1543,283061,7201,255516,5559,795890,16473,150983,3694,40281,995,62409,1574,107601,3697,43517,1106,281297,9546,97515,3278,126214,4138,177033,3429,3642244,87298
2021-05-23,487003,9841,633881,14778,26853,471,75665,1545,283695,7210,256003,5559,797543,16482,151183,3695,40404,996,62518,1576,107738,3698,43573,1108,281671,9559,97626,3279,126423,4145,177179,3438,3648958,87380
2021-05-24,487510,9846,634389,14785,26868,471,75749,1545,283870,7212,256162,5559,798113,16493,151333,3696,40413,997,62542,1578,107799,3699,43600,1109,281865,9564,97723,3282,126475,4148,177229,3439,3651640,87423
2021-05-25,487776,9849,634746,14795,26883,471,75817,1545,283959,7215,256233,5561,798651,16501,151493,3698,40429,997,62622,1579,107820,3699,43610,1109,281905,9567,97760,3282,126542,4148,177305,3440,3653551,87456
2021-05-26,488136,9875,635219,14862,26900,472,75856,1545,284119,7235,256334,5572,799290,16561,151647,3709,40479,997,62656,1582,107823,3706,43620,1113,282020,9584,97834,3294,126709,4165,177535,3454,3656177,87726
2021-05-27,489136,9893,636237,14893,26935,473,75932,1548,284916,7282,256768,5584,800759,16639,151909,3716,40542,1003,62760,1586,107911,3710,43700,1116,282413,9612,97958,3304,126959,4176,177655,3460,3662490,87995
2021-05-28,490373,9915,637461,14918,26989,473,76012,1557,285572,7305,257191,5598,802514,16684,152172,3719,40622,1005,62839,1586,108084,3720,43762,1120,283038,9625,98122,3308,127183,4189,177936,3465,3669870,88187
2021-05-29,491213,9933,638232,14935,27028,473,76097,1557,286111,7319,257661,5608,803694,16710,152424,3724,40687,1006,62947,1591,108158,3726,43808,1120,283383,9656,98274,3311,127358,4199,178221,3482,3675296,88350
2021-05-30,491971,9940,638817,14939,27072,473,76166,1563,286463,7325,257956,5608,804733,16717,152578,3724,40711,1006,63017,1593,108201,3727,43827,1120,283590,9675,98365,3313,127481,4202,178200,3481,3679148,88406
2021-05-31,492255,9949,639245,14942,27084,473,76208,1563,286586,7327,258072,5609,805237,16725,152717,3725,40724,1006,63056,1593,108220,3728,43840,1121,283757,9683,98405,3315,127502,4202,178218,3481,3681126,88442
2021-06-01,492519,9969,639447,14953,27093,475,76229,1563,286701,7343,258203,5622,805681,16764,152840,3731,40774,1009,63100,1595,108233,3730,43851,1122,283823,9694,98458,3323,127599,4217,178360,3485,3682911,88595
2021-06-02,493292,9991,640253,14963,27140,475,76337,1565,287141,7372,258573,5631,806867,16789,153048,3736,40871,1011,63179,1595,108336,3735,43910,1123,284051,9720,98519,3347,127755,4224,178556,3497,3687828,88774
2021-06-03,494120,10003,640907,14990,27159,475,76386,1566,287588,7382,258893,5645,808002,16820,153294,3745,40934,1011,63255,1597,108417,3736,43932,1124,284361,9761,98639,3358,127833,4228,178748,3499,3692468,88940
2021-06-04,494695,10008,641339,14996,27195,475,76465,1566,287892,7386,259128,5652,808695,16833,153433,3745,40979,1011,63283,1602,108462,3742,43949,1124,284540,9777,98723,3362,127924,4245,178931,3502,3695633,89026
2021-06-05,494953,10014,641704,15007,27219,475,76504,1567,288023,7393,259277,5659,809270,16852,153619,3752,40998,1012,63324,1603,108510,3743,43971,1126,284657,9815,98778,3368,128033,4256,179087,3506,3697927,89148
2021-06-06,495375,10017,642208,15014,27238,475,76577,1571,288258,7397,259405,5663,809816,16858,153707,3753,41031,1012,63362,1603,108534,3743,43979,1126,284806,9858,98836,3371,128121,4256,179114,3505,3700367,89222
2021-06-07,495492,10017,642505,15016,27247,475,76598,1572,288323,7400,259459,5663,810086,16861,153788,3753,41045,1012,63384,1604,108560,3744,43990,1126,284884,9866,98867,3371,128135,4258,179121,3506,3701484,89244
2021-06-08,495712,10030,642668,15036,27247,475,76624,1573,288337,7402,259530,5676,810456,16894,153880,3759,41057,1014,63407,1606,108575,3746,43997,1129,284910,9901,98877,3373,128186,4260,179225,3510,3702688,89384
2021-06-09,496379,10036,643317,15061,27280,475,76677,1578,288624,7405,259732,5686,811169,16905,154017,3769,41097,1014,63452,1609,108616,3751,44015,1133,285032,9917,98929,3379,128263,4261,179343,3512,3705942,89491
2021-06-10,496996,10046,643956,15070,27294,477,76737,1578,288915,7412,259887,5692,811869,16920,154198,3771,41149,1014,63517,1610,108630,3751,44021,1136,285179,9938,98981,3389,128335,4268,179465,3513,3709129,89585
2021-06-11,497425,10060,644398,15079,27315,477,76795,1579,289168,7419,260042,5694,812424,16946,154314,3771,41196,1016,63549,1612,108653,3755,44045,1141,285287,9957,99017,3393,128388,4271,179553,3517,3711569,89687
2021-06-12,497813,10072,644730,15096,27330,478,76827,1580,289345,7432,260120,5697,812915,16977,154392,3783,41229,1016,63601,1613,108613,3755,44058,1145,285362,9972,99055,3399,128437,4283,179653,3518,3713480,89816
2021-06-13,498142,10074,644999,15099,27341,478,76876,1580,289484,7436,260206,5699,813246,16981,154441,3783,41260,1016,63634,1613,108641,3755,44068,1145,285412,9974,99071,3399,128478,4285,179670,3517,3714969,89834
2021-06-14,498250,10076,645155,15099,27345,478,76883,1580,289516,7436,260235,5701,813347,16983,154485,3783,41268,1017,63638,1614,108654,3756,44069,1145,285427,9974,99081,3399,128489,4286,179676,3517,3715518,89844
