date,bw-ic,bw-vc,by-ic,by-vc,hb-ic,hb-vc,hh-ic,hh-vc,he-ic,he-vc,ni-ic,ni-vc,nw-ic,nw-vc,rp-ic,rp-vc,sl-ic,sl-vc,sh-ic,sh-vc,bb-ic,bb-vc,mv-ic,mv-vc,sn-ic,sn-vc,st-ic,st-vc,th-ic,th-vc,be-ic,be-vc,de-ic,de-vc
2020-03-01,,,,,,,,,,,,,,,,,,,,,,,,,,,,,,,,,,
2020-03-02,,,,,,,,,,,,,,,,,,,,,,,,,,,,,,,,,,
2020-03-03,,,,,,,,,,,,,,,,,,,,,,,,,,,,,,,,,,
2020-03-04,,,,,,,,,,,,,,,,,,,,,,,,,,,,,,,,,,
2020-03-05,,,,,,,,,,,,,,,,,,,,,,,,,,,,,,,,,,
2020-03-06,,,,,,,,,,,,,,,,,,,,,,,,,,,,,,,,,,
2020-03-07,,,,,,,,,,,,,,,,,,,,,,,,,,,,,,,,,,
2020-03-08,,,,,,,,,,,,,,,,,,,,,,,,,,,,,,,,,,
2020-03-09,,,,,,,,,,,,,,,,,,,,,,,,,,,,,,,,,,
2020-03-10,,,,,,,,,,,,,,,,,,,,,,,,,,,,,,,,,,
2020-03-11,,,,,,,,,,,,,,,,,,,,,,,,,,,,,,,,,,
2020-03-12,,,,,,,,,,,,,,,,,,,,,,,,,,,,,,,,,,
2020-03-13,,,,,,,,,,,,,,,,,,,,,,,,,,,,,,,,,,
2020-03-14,,,,,,,,,,,,,,,,,,,,,,,,,,,,,,,,,,
2020-03-15,,,,,,,,,,,,,,,,,,,,,,,,,,,,,,,,,,
2020-03-16,,,,,,,,,,,,,,,,,,,,,,,,,,,,,,,,,,
2020-03-17,,,,,,,,,,,,,,,,,,,,,,,,,,,,,,,,,,
2020-03-18,,,,,,,,,,,,,,,,,,,,,,,,,,,,,,,,,,
2020-03-19,,,,,,,,,,,,,,,,,,,,,,,,,,,,,,,,,,
2020-03-20,,,,,,,,,,,,,,,,,,,,,,,,,,,,,,,,,,
2020-03-21,,,,,,,,,,,,,,,,,,,,,,,,,,,,,,,,,,
2020-03-22,,,,,,,,,,,,,,,,,,,,,,,,,,,,,,,,,,
2020-03-23,,,,,,,,,,,,,,,,,,,,,,,,,,,,,,,,,,
2020-03-24,,,,,,,,,,,,,,,,,,,,,,,,,,,,,,,,,,
2020-03-25,,,,,,,,,,,,,,,,,,,,,,,,,,,,,,,,,,
2020-03-26,,,,,,,,,,,,,,,,,,,,,,,,,,,,,,,,,,
2020-03-27,,,,,,,,,,,,,,,,,,,,,,,,,,,,,,,,,,
2020-03-28,,,,,,,,,,,,,,,,,,,,,,,,,,,,,,,,,,
2020-03-29,,,,,,,,,,,,,,,,,,,,,,,,,,,,,,,,,,
2020-03-30,,,,,,,,,,,,,,,,,,,,,,,,,,,,,,,,,,
2020-03-31,,,,,,,,,,,,,,,,,,,,,,,,,,,,,,,,,,
2020-04-01,,,,,,,,,,,,,,,,,,,,,,,,,,,,,,,,,,
2020-04-02,,,,,,,,,,,,,,,,,,,,,,,,,,,,,,,,,,
2020-04-03,,,,,,,,,,,,,,,,,,,,,,,,,,,,,,,,,,
2020-04-04,,,,,,,,,,,,,,,,,,,,,,,,,,,,,,,,,,
2020-04-05,,,,,,,,,,,,,,,,,,,,,,,,,,,,,,,,,,
2020-04-06,,,,,,,,,,,,,,,,,,,,,,,,,,,,,,,,,,
2020-04-07,,,,,,,,,,,,,,,,,,,,,,,,,,,,,,,,,,
2020-04-08,,,,,,,,,,,,,,,,,,,,,,,,,,,,,,,,,,
2020-04-09,,,,,,,,,,,,,,,,,,,,,,,,,,,,,,,,,,
2020-04-10,,,,,,,,,,,,,,,,,,,,,,,,,,,,,,,,,,
2020-04-11,,,,,,,,,,,,,,,,,,,,,,,,,,,,,,,,,,
2020-04-12,,,,,,,,,,,,,,,,,,,,,,,,,,,,,,,,,,
2020-04-13,,,,,,,,,,,,,,,,,,,,,,,,,,,,,,,,,,
2020-04-14,,,,,,,,,,,,,,,,,,,,,,,,,,,,,,,,,,
2020-04-15,,,,,,,,,,,,,,,,,,,,,,,,,,,,,,,,,,
2020-04-16,,,,,,,,,,,,,,,,,,,,,,,,,,,,,,,,,,
2020-04-17,,,,,,,,,,,,,,,,,,,,,,,,,,,,,,,,,,
2020-04-18,,,,,,,,,,,,,,,,,,,,,,,,,,,,,,,,,,
2020-04-19,,,,,,,,,,,,,,,,,,,,,,,,,,,,,,,,,,
2020-04-20,,,,,,,,,,,,,,,,,,,,,,,,,,,,,,,,,,
2020-04-21,,,,,,,,,,,,,,,,,,,,,,,,,,,,,,,,,,
2020-04-22,,,,,,,,,,,,,,,,,,,,,,,,,,,,,,,,,,
2020-04-23,,,,,,,,,,,,,,,,,,,,,,,,,,,,,,,,,,
2020-04-24,,,,,,,,,,,,,,,,,,,,,,,,,,,,,,,,,,
2020-04-25,,,,,,,,,,,,,,,,,,,,,,,,,,,,,,,,,,
2020-04-26,409,301,650,463,11,8,80,64,217,169,150,108,510,381,93,64,49,27,21,16,48,25,7,4,72,48,26,17,59,46,139,116,2541,1857
2020-04-27,378,274,613,443,13,9,82,69,207,156,160,108,463,336,91,61,46,26,22,15,50,22,6,5,52,36,22,15,58,44,146,110,2409,1729
2020-04-28,391,277,648,464,12,8,81,70,205,156,149,98,460,332,84,53,46,27,25,19,51,22,7,6,77,48,24,15,62,43,145,110,2467,1748
2020-04-29,383,271,619,447,14,10,79,67,207,154,147,98,474,338,84,53,49,29,25,19,39,19,6,5,75,47,25,14,58,43,131,105,2415,1719
2020-04-30,372,259,568,419,13,9,81,66,201,140,147,90,439,309,73,49,43,30,21,16,38,17,7,5,74,46,21,12,57,42,125,96,2280,1605
2020-05-01,354,248,550,402,15,9,80,66,188,140,134,86,427,301,69,43,40,28,19,14,37,18,6,4,72,47,17,12,56,37,125,94,2189,1549
2020-05-02,377,265,527,382,13,8,74,60,184,136,123,83,384,284,66,37,35,26,19,14,35,17,4,3,70,46,18,12,53,36,123,99,2105,1508
2020-05-03,344,249,472,346,8,5,72,62,178,141,125,88,374,271,63,38,34,25,19,11,30,15,4,3,66,43,15,9,49,34,126,101,1979,1441
2020-05-04,361,254,459,334,6,5,70,58,179,138,123,84,362,260,55,34,34,21,16,10,28,14,4,3,64,43,15,10,46,31,127,97,1949,1396
2020-05-05,353,221,465,332,10,7,68,55,177,131,110,79,364,266,56,31,31,20,18,12,27,15,4,3,64,41,18,9,48,30,124,94,1937,1346
2020-05-06,309,203,465,321,9,6,68,54,175,119,103,74,359,264,57,32,35,21,19,13,29,24,5,3,66,37,20,9,46,32,119,99,1884,1311
2020-05-07,286,186,448,300,10,7,64,53,161,112,125,70,349,258,57,30,28,20,15,12,30,12,4,2,61,36,19,9,42,30,124,93,1823,1230
2020-05-08,268,183,436,287,11,7,64,53,138,102,98,67,339,245,47,28,24,19,12,11,24,11,4,2,62,34,18,9,42,32,125,95,1712,1185
2020-05-09,249,166,421,271,14,8,60,51,135,99,101,67,334,234,49,30,12,10,13,12,22,11,4,2,63,33,18,9,40,27,115,91,1650,1121
2020-05-10,236,151,390,254,9,7,65,52,138,99,100,63,306,228,44,27,23,16,12,9,25,13,3,1,62,30,19,9,41,27,108,87,1581,1073
2020-05-11,252,156,383,251,8,7,58,49,131,96,100,64,317,232,42,27,24,14,13,9,26,13,3,1,59,29,19,8,40,25,101,82,1576,1063
2020-05-12,242,146,380,255,13,9,56,44,121,87,93,61,309,214,43,25,26,13,11,9,24,13,4,1,61,31,16,8,39,25,101,79,1539,1020
2020-05-13,220,137,364,241,12,7,50,41,116,84,95,60,282,202,48,22,25,17,10,8,29,13,5,1,59,30,15,9,35,22,100,80,1465,974
2020-05-14,194,123,318,224,6,3,46,38,111,76,78,57,269,186,38,19,34,15,8,6,28,12,4,2,58,28,16,7,33,20,88,76,1329,892
2020-05-15,213,113,314,217,9,4,43,35,107,74,72,49,258,174,30,18,20,10,8,6,24,9,5,2,55,27,15,7,35,20,86,73,1294,838
2020-05-16,196,117,292,205,10,6,42,34,104,73,66,49,225,162,30,18,18,11,10,7,28,11,5,2,54,30,14,7,35,22,74,67,1203,821
2020-05-17,188,118,279,196,8,5,42,33,101,70,73,49,219,156,29,17,17,10,10,7,21,10,5,2,52,28,14,6,35,22,73,68,1166,797
2020-05-18,193,113,260,178,4,4,41,32,103,72,66,44,215,146,30,18,16,7,10,6,22,9,5,2,50,25,13,6,34,20,71,65,1133,747
2020-05-19,180,113,270,181,6,5,44,30,103,65,56,37,207,138,25,16,17,8,10,6,21,9,5,2,51,18,12,6,31,16,77,66,1115,716
2020-05-20,175,111,242,165,8,5,38,26,97,65,52,35,198,126,24,15,14,7,10,7,23,11,6,2,48,16,9,5,32,14,69,62,1045,672
2020-05-21,161,97,244,169,9,5,34,26,92,63,56,32,187,123,32,19,14,6,9,6,23,9,5,2,45,15,9,5,33,14,63,60,1016,651
2020-05-22,164,96,207,141,8,5,32,25,94,58,55,30,175,115,23,15,15,5,11,6,19,8,5,2,50,17,13,6,33,13,61,55,965,597
2020-05-23,151,83,217,144,8,5,27,22,88,57,58,33,162,113,20,14,12,3,11,6,16,7,3,1,45,15,8,6,31,13,62,56,919,578
2020-05-24,148,75,209,144,6,3,26,22,91,57,47,29,159,111,19,13,13,3,11,6,15,8,2,1,46,18,7,5,30,12,60,55,889,562
2020-05-25,141,74,210,146,8,5,25,21,90,54,44,27,148,99,18,13,13,3,12,6,17,7,2,1,47,18,6,5,29,12,63,56,873,547
2020-05-26,130,71,206,136,5,4,22,18,76,52,44,27,143,101,19,12,8,5,9,4,18,6,2,1,44,17,5,5,25,12,65,54,821,525
2020-05-27,120,73,193,127,8,5,21,18,73,46,43,23,137,92,23,13,7,3,9,3,13,4,2,1,39,16,4,4,22,11,49,43,763,482
2020-05-28,115,61,188,117,8,5,21,18,70,43,39,23,138,90,22,12,7,2,7,3,12,3,2,1,40,16,4,4,20,9,51,44,744,451
2020-05-29,119,60,177,110,10,6,22,19,61,31,41,26,136,86,14,9,7,2,9,4,11,2,2,1,37,14,6,6,20,6,57,44,729,426
2020-05-30,120,65,171,111,9,5,21,19,65,32,42,27,139,78,11,7,6,4,7,3,12,2,2,1,33,14,7,6,17,6,58,41,720,421
2020-05-31,115,58,163,109,6,4,22,19,61,28,45,28,136,79,12,5,6,4,6,3,11,2,2,1,34,15,7,6,20,7,56,42,702,410
2020-06-01,114,56,156,98,5,4,22,19,61,30,43,24,116,68,17,7,9,5,6,3,10,2,2,1,32,14,9,6,18,4,57,44,677,385
2020-06-02,108,50,169,94,6,4,21,19,61,30,46,25,113,67,16,8,10,3,5,3,10,2,2,1,33,12,10,6,19,6,60,48,689,378
2020-06-03,91,47,154,85,5,4,20,18,51,28,43,25,115,68,11,6,7,3,5,2,7,1,2,1,31,13,8,6,19,6,63,47,632,360
2020-06-04,85,40,141,87,5,2,19,16,44,28,40,22,106,62,11,6,8,3,6,2,7,1,2,1,33,13,8,6,15,6,70,46,600,341
2020-06-05,92,42,132,77,6,3,19,16,43,27,37,23,104,65,12,8,7,3,5,1,9,2,2,1,33,14,9,7,16,6,69,44,595,339
2020-06-06,87,41,119,77,6,3,19,16,45,27,43,23,105,65,13,9,8,4,4,0,9,2,1,1,31,13,8,7,15,6,63,43,576,337
2020-06-07,85,39,121,75,7,4,19,16,44,25,44,27,106,65,11,10,7,3,5,0,5,0,2,1,30,9,9,7,14,6,59,43,568,330
2020-06-08,88,40,109,73,6,3,19,16,47,25,43,26,89,62,12,9,7,2,3,0,6,0,2,1,29,7,9,6,11,6,60,40,540,316
2020-06-09,83,36,115,73,9,5,19,16,41,26,43,32,83,60,11,10,8,2,2,0,4,0,3,2,31,9,8,4,14,7,59,38,533,320
2020-06-10,80,35,99,68,8,5,18,16,40,26,44,27,78,52,10,7,7,2,2,0,4,0,3,2,30,9,6,3,12,5,51,36,492,293
2020-06-11,75,34,91,65,5,3,18,16,39,26,35,24,78,49,12,7,7,2,1,0,3,0,3,2,30,8,7,4,11,5,48,36,463,281
2020-06-12,75,34,83,60,6,3,16,14,35,26,32,26,77,48,10,5,8,2,1,0,3,0,2,1,29,10,6,4,13,5,51,36,447,274
2020-06-13,77,35,85,58,6,3,15,12,35,25,34,24,76,45,8,4,5,2,2,1,3,0,2,1,29,10,7,4,12,6,44,32,440,262
2020-06-14,75,32,81,60,3,2,14,11,32,24,29,22,73,42,10,5,6,2,2,1,3,0,2,1,29,9,6,4,10,5,47,36,422,256
2020-06-15,71,35,86,62,7,3,13,11,32,25,31,22,74,42,8,6,6,2,3,1,4,0,2,1,29,9,6,4,9,4,44,35,425,262
2020-06-16,73,34,82,60,5,4,13,11,31,24,36,22,68,43,8,6,6,1,1,0,5,0,2,1,31,11,6,4,6,2,46,35,419,258
2020-06-17,69,31,68,52,5,4,13,12,31,25,36,21,72,46,7,6,7,2,1,0,4,1,2,1,33,11,6,4,5,1,47,35,406,252
2020-06-18,65,28,64,49,4,2,13,11,32,25,36,20,72,43,7,6,5,2,1,0,3,0,2,1,33,10,6,4,5,1,48,38,396,240
2020-06-19,60,28,62,43,7,3,13,11,27,21,35,22,66,38,9,6,6,3,0,0,2,0,2,1,32,10,6,4,4,1,45,36,376,227
2020-06-20,54,28,53,41,7,3,11,10,26,21,34,19,64,33,10,6,5,3,1,0,3,1,2,1,35,10,5,4,5,1,46,38,361,219
2020-06-21,60,27,48,30,7,3,11,10,26,20,25,17,62,33,8,5,5,3,1,0,2,1,2,1,32,9,4,3,4,1,45,35,342,198
2020-06-22,61,28,44,29,4,3,11,10,26,19,26,17,72,37,6,4,6,3,0,0,3,1,2,1,32,9,5,3,5,2,46,35,349,201
2020-06-23,60,28,47,28,4,3,12,9,26,18,21,14,70,39,5,4,6,3,0,0,4,2,2,1,32,9,4,3,6,2,38,31,337,194
2020-06-24,57,25,47,26,4,3,11,9,27,17,22,13,70,38,7,5,6,2,0,0,3,2,2,1,34,9,4,3,5,2,32,27,331,182
2020-06-25,58,25,50,28,4,3,12,8,29,15,26,19,82,47,8,4,7,1,0,0,5,1,2,1,35,12,4,3,5,2,33,27,360,196
2020-06-26,64,24,51,31,4,3,9,8,28,18,27,19,83,46,8,4,4,1,0,0,2,1,2,1,37,12,4,3,5,2,36,25,364,198
2020-06-27,62,20,46,26,6,4,8,8,27,17,20,17,80,47,9,4,4,1,0,0,3,2,2,1,35,11,4,3,6,3,33,24,345,188
2020-06-28,59,21,44,25,6,4,8,8,26,17,21,17,79,49,8,4,3,1,0,0,5,2,2,1,35,11,4,3,6,3,32,23,338,189
2020-06-29,54,18,45,27,4,4,8,8,26,17,23,16,76,48,9,4,3,1,0,0,5,2,2,1,35,10,3,2,5,2,34,23,332,183
2020-06-30,53,16,48,26,5,4,8,7,25,17,22,14,77,46,9,4,4,2,1,0,6,3,3,1,33,7,3,2,4,1,36,24,337,174
2020-07-01,54,16,49,27,4,4,8,6,25,16,17,11,70,45,10,4,4,2,1,0,6,3,2,1,34,8,3,2,4,1,38,24,329,170
2020-07-02,59,19,43,20,5,5,9,6,23,14,15,10,79,42,10,4,3,1,1,0,4,2,2,1,35,9,3,2,4,1,32,24,327,160
2020-07-03,54,20,37,20,6,6,9,6,20,13,17,9,79,43,9,4,4,1,1,0,6,1,2,1,33,9,3,2,3,1,35,25,318,161
2020-07-04,61,21,40,21,5,5,8,6,21,12,21,9,77,43,7,3,4,1,0,0,4,1,2,0,33,9,3,2,3,1,33,25,322,159
2020-07-05,51,17,35,20,5,4,9,6,23,12,17,9,72,39,7,3,4,1,0,0,4,1,2,0,31,9,3,2,3,1,32,25,298,149
2020-07-06,55,17,35,18,5,4,8,6,23,12,18,9,68,39,7,3,4,0,0,0,4,2,2,0,30,8,3,1,3,1,40,25,305,145
2020-07-07,54,16,32,17,5,4,7,6,22,11,21,11,71,41,7,5,4,0,0,0,3,2,1,0,29,7,3,1,5,1,34,22,298,144
2020-07-08,47,17,34,17,4,4,7,6,22,12,18,9,78,42,6,3,5,0,0,0,3,1,1,0,27,6,3,1,5,1,32,22,292,141
2020-07-09,48,16,29,17,4,4,7,5,20,11,17,8,67,39,5,2,3,0,0,0,4,2,0,0,27,6,2,1,5,1,37,21,275,133
2020-07-10,47,17,33,17,4,4,7,6,21,11,17,9,67,34,5,2,3,0,0,0,5,2,0,0,29,7,3,1,5,1,32,21,278,132
2020-07-11,41,17,29,18,3,3,8,6,17,9,14,8,65,34,5,2,3,0,0,0,5,2,0,0,29,7,2,1,4,1,27,19,252,127
2020-07-12,40,17,29,18,3,3,8,6,17,9,16,9,66,32,6,2,3,0,0,0,5,2,0,0,29,7,2,0,4,1,25,19,253,125
2020-07-13,42,17,34,17,3,3,10,6,18,8,22,10,67,38,4,1,3,0,0,0,5,2,0,0,29,7,2,1,4,1,21,19,264,130
2020-07-14,47,19,28,15,3,3,11,6,22,7,15,7,69,39,5,2,3,0,1,0,5,2,0,0,28,5,2,1,4,1,23,18,266,125
2020-07-15,46,20,31,15,3,3,9,6,18,6,16,7,59,36,6,2,1,0,0,0,3,1,0,0,29,5,1,1,4,1,22,17,248,120
2020-07-16,44,18,31,15,3,3,9,6,24,9,16,9,59,35,6,1,2,0,0,0,3,1,0,0,30,5,1,1,4,1,23,17,255,121
2020-07-17,43,17,25,16,5,4,10,6,21,10,16,7,63,33,5,1,3,0,1,1,2,1,0,0,29,5,1,1,4,1,21,15,249,118
2020-07-18,46,15,25,15,5,4,10,6,20,10,17,8,64,32,5,1,0,0,1,1,2,1,0,0,28,5,1,1,4,1,19,16,247,116
2020-07-19,47,18,26,13,7,6,11,6,18,9,14,8,61,29,7,1,0,0,1,1,2,1,0,0,28,5,1,1,2,1,24,17,249,116
2020-07-20,46,18,30,15,5,4,11,6,18,10,14,8,60,32,8,2,0,0,2,2,3,1,0,0,27,4,1,1,2,1,19,16,246,120
2020-07-21,49,20,25,15,5,5,11,5,16,10,20,9,66,32,6,1,0,0,2,2,3,1,0,0,27,4,1,1,2,1,21,16,254,122
2020-07-22,46,21,29,18,4,4,11,5,18,10,20,10,64,32,6,1,0,0,2,2,2,1,0,0,27,5,1,1,2,1,18,16,250,127
2020-07-23,46,22,24,16,4,4,9,5,17,10,17,9,56,35,7,1,0,0,2,2,2,0,3,0,27,5,1,1,2,1,22,16,239,127
2020-07-24,47,20,24,15,4,4,8,4,14,10,16,7,59,31,9,3,1,0,4,2,2,0,0,0,27,5,2,2,2,1,18,15,237,119
2020-07-25,52,22,28,16,4,4,7,4,18,10,18,7,59,32,7,4,0,0,4,4,1,0,0,0,26,4,3,3,4,1,18,15,249,126
2020-07-26,51,21,32,17,4,3,8,4,18,10,20,8,67,33,7,5,0,0,5,5,3,1,0,0,27,4,3,3,5,1,19,15,269,130
2020-07-27,49,22,31,18,4,3,8,4,21,10,15,9,64,36,8,4,0,0,5,3,2,1,1,0,27,4,3,3,5,1,18,15,261,133
2020-07-28,44,17,32,17,5,3,8,4,21,10,17,8,63,36,8,6,0,0,7,3,2,1,0,0,26,4,3,3,4,0,18,14,258,126
2020-07-29,44,18,36,19,5,3,9,4,19,9,16,8,69,38,7,5,0,0,9,4,1,1,0,0,25,4,3,3,3,0,15,14,261,130
2020-07-30,44,19,35,18,5,3,9,5,22,8,17,10,70,37,7,5,0,0,7,4,1,1,0,0,25,5,3,3,3,0,18,14,266,132
2020-07-31,46,20,29,16,5,3,9,5,25,11,22,9,69,33,5,4,0,0,6,3,1,1,0,0,27,5,2,2,3,0,16,13,265,125
2020-08-01,43,22,28,14,4,2,9,6,20,8,20,11,76,33,6,4,0,0,5,3,1,1,0,0,25,4,3,2,3,0,18,12,261,122
2020-08-02,44,24,33,14,4,2,9,6,19,8,18,11,82,40,6,3,0,0,5,3,1,1,0,0,26,3,3,2,3,0,19,12,272,129
2020-08-03,44,24,35,14,4,2,9,7,19,9,17,12,73,38,6,4,2,0,6,2,1,1,0,0,26,3,3,2,4,0,21,12,270,130
2020-08-04,41,27,26,14,2,1,9,7,19,11,12,10,72,37,5,4,1,0,6,3,4,0,1,0,2,1,2,1,5,0,17,11,224,127
2020-08-05,40,26,24,13,2,1,10,8,20,11,16,11,71,39,8,5,3,1,6,3,8,3,2,0,5,5,2,2,6,0,16,12,239,140
2020-08-06,37,22,26,13,2,1,11,8,18,10,21,13,69,35,8,5,3,1,4,3,6,2,2,0,5,5,3,2,6,0,15,11,236,131
2020-08-07,33,22,25,14,2,1,13,8,20,10,20,14,70,37,8,5,2,1,4,3,5,1,0,0,6,5,3,2,5,0,14,11,230,134
2020-08-08,33,23,24,14,4,1,11,7,20,12,20,13,71,36,7,6,2,1,7,3,4,1,0,0,6,4,3,3,5,0,14,11,231,135
2020-08-09,32,23,26,14,3,1,10,7,21,11,23,13,69,35,10,8,3,2,8,3,5,1,0,0,6,4,3,3,3,0,14,11,236,136
2020-08-10,30,21,24,13,3,1,10,7,21,12,21,12,71,36,10,7,3,2,6,2,5,1,0,0,6,4,3,3,3,0,14,11,230,132
2020-08-11,32,21,25,14,1,1,10,7,21,12,20,13,76,41,10,8,3,2,7,2,3,0,0,0,6,4,3,3,3,0,14,11,234,139
2020-08-12,28,18,25,13,1,1,10,8,19,11,20,11,74,45,8,7,3,2,5,3,4,0,0,0,4,3,3,3,3,1,17,11,224,137
2020-08-13,31,18,22,14,2,1,9,7,18,10,15,9,82,46,8,7,3,2,5,3,4,0,0,0,5,4,4,4,3,1,13,11,224,137
2020-08-14,31,20,22,15,2,1,11,8,17,7,21,10,80,43,10,7,3,2,4,2,2,0,1,0,6,5,4,3,3,1,13,9,230,133
2020-08-15,32,20,24,16,1,1,11,8,21,10,20,9,73,43,10,8,3,2,4,2,1,0,3,0,4,3,3,2,3,1,14,9,227,134
2020-08-16,29,20,26,16,2,2,9,8,19,8,17,8,75,46,11,6,3,2,4,2,2,1,3,0,4,3,3,2,3,1,14,9,224,134
2020-08-17,29,20,26,15,2,2,10,8,18,8,14,8,84,49,11,6,3,2,4,2,1,1,2,0,4,3,3,2,3,0,14,8,228,134
2020-08-18,27,19,21,15,3,3,10,8,15,7,15,8,87,51,11,8,3,2,3,2,7,0,1,0,5,3,3,2,3,0,13,7,227,135
2020-08-19,28,18,23,15,3,3,10,7,13,7,15,10,87,56,12,9,4,2,5,2,1,0,1,0,5,4,3,2,3,0,15,7,228,142
2020-08-20,26,18,30,16,3,3,10,7,14,8,13,8,80,52,17,6,4,3,3,2,3,0,1,0,6,4,3,2,3,0,15,8,231,137
2020-08-21,30,19,30,17,3,2,11,8,14,7,19,9,83,57,11,5,3,3,3,2,2,1,1,0,5,3,2,2,4,1,15,8,236,144
2020-08-22,31,19,29,17,2,2,11,8,15,8,16,9,86,56,12,4,3,3,2,0,3,1,0,0,5,3,1,1,3,1,14,8,233,140
2020-08-23,34,20,34,17,3,2,11,6,15,8,15,11,89,52,11,4,3,3,2,0,2,1,0,0,5,2,1,1,3,1,17,8,245,136
2020-08-24,35,17,33,17,3,2,11,6,15,8,15,11,83,51,12,4,3,3,2,0,3,2,0,0,5,1,2,1,3,1,20,8,245,132
2020-08-25,29,17,34,20,2,2,11,6,12,9,14,9,79,50,9,4,3,3,2,0,1,0,0,0,5,1,2,1,1,1,19,10,223,133
2020-08-26,27,17,35,20,2,2,10,6,11,8,12,8,84,50,9,5,4,3,2,0,3,1,0,0,5,1,2,1,2,1,20,10,228,133
2020-08-27,32,19,37,21,3,3,9,6,13,7,13,10,81,49,10,5,5,4,3,0,1,0,0,0,7,3,2,1,3,2,22,10,241,140
2020-08-28,30,18,39,22,3,3,8,6,15,7,10,7,80,51,11,5,5,4,2,0,2,0,0,0,6,3,1,1,3,2,21,11,236,140
2020-08-29,32,15,38,20,3,3,8,6,15,7,17,7,75,51,12,5,5,4,2,0,2,0,0,0,6,3,1,1,4,1,21,11,241,134
2020-08-30,33,15,38,17,4,4,7,5,15,7,19,9,79,50,11,4,5,4,3,0,2,0,0,0,6,3,1,1,4,1,18,11,245,131
2020-08-31,33,17,42,20,4,3,7,5,15,4,21,7,79,50,9,4,5,4,2,0,1,0,0,0,5,3,1,1,4,1,18,9,246,128
2020-09-01,33,18,36,21,4,3,7,5,15,4,20,8,82,51,7,4,5,4,2,0,0,0,0,0,5,3,1,1,3,1,15,9,235,132
2020-09-02,30,16,35,21,3,2,7,5,16,4,17,7,83,50,5,3,5,4,3,0,0,0,0,0,6,4,0,0,3,1,15,8,228,125
2020-09-03,32,16,32,20,3,2,6,5,15,5,12,7,85,52,7,3,6,3,2,1,0,0,0,0,6,4,0,0,3,1,14,8,223,127
2020-09-04,36,15,32,22,4,1,8,5,17,4,16,8,75,51,5,4,6,3,2,2,1,0,0,0,6,4,0,0,3,1,14,8,225,128
2020-09-05,32,14,33,22,4,1,8,5,20,5,16,9,71,48,7,6,4,2,3,1,2,0,0,0,6,4,0,0,3,1,14,8,223,126
2020-09-06,28,12,33,24,3,1,8,5,19,5,20,9,70,48,7,6,3,2,3,1,1,0,0,0,6,4,0,0,3,1,14,8,218,126
2020-09-07,28,14,34,23,3,2,7,5,19,5,21,10,77,52,7,6,3,2,3,1,1,0,0,0,6,4,0,0,3,1,16,9,228,134
2020-09-08,29,15,34,20,3,2,7,5,19,4,18,8,78,52,8,6,3,2,2,1,2,1,0,0,7,4,0,0,4,1,16,9,230,130
2020-09-09,29,15,33,21,2,2,7,5,17,5,13,8,83,55,11,6,3,2,2,1,0,0,0,0,8,4,0,0,3,1,16,8,227,133
2020-09-10,30,13,33,22,2,1,8,5,19,5,15,9,88,54,8,4,3,3,2,1,0,0,0,0,6,2,0,0,3,1,16,9,233,129
2020-09-11,28,15,34,17,2,1,9,5,18,5,15,9,82,47,5,4,3,2,1,1,0,0,0,0,6,3,0,0,2,1,15,9,220,119
2020-09-12,33,15,34,17,2,1,9,5,23,7,18,9,81,45,4,3,3,2,1,1,1,1,0,0,6,3,0,0,3,1,15,8,233,118
2020-09-13,32,14,36,18,3,2,10,5,23,8,16,11,80,44,6,4,4,3,1,1,1,1,0,0,6,3,0,0,3,1,15,8,236,123
2020-09-14,36,17,36,19,4,1,10,5,26,9,14,12,71,40,4,2,4,3,1,1,1,1,0,0,8,4,1,0,5,1,16,8,237,123
2020-09-15,40,20,36,19,4,2,12,6,25,13,11,10,67,40,6,3,3,3,1,1,0,0,2,0,8,4,3,0,4,1,14,7,236,129
2020-09-16,35,19,38,22,3,1,12,6,20,12,15,9,65,41,10,4,3,1,1,1,0,0,0,0,10,4,2,0,4,1,15,7,233,128
2020-09-17,36,19,41,26,4,1,12,7,20,12,17,9,70,43,8,4,2,2,0,0,0,0,1,0,7,2,3,1,3,1,14,8,238,135
2020-09-18,37,20,41,25,4,1,12,7,23,11,15,8,72,44,7,3,2,2,0,0,0,0,1,0,8,2,3,1,5,1,16,9,246,134
2020-09-19,36,18,40,25,4,1,12,8,21,11,20,12,80,45,10,4,2,2,1,1,2,0,1,0,7,3,3,2,2,0,16,12,257,144
2020-09-20,40,18,42,25,4,1,11,8,24,11,20,11,83,46,9,4,2,2,2,1,2,0,1,0,7,3,3,2,2,0,16,12,268,144
2020-09-21,41,20,35,23,4,1,13,9,27,11,18,10,86,47,7,4,2,2,1,1,2,0,1,0,6,2,2,1,3,1,19,13,267,145
2020-09-22,43,21,39,25,2,1,14,9,28,14,18,9,85,47,8,4,2,2,1,1,1,0,2,0,7,2,2,1,4,2,22,13,278,151
2020-09-23,45,22,42,23,1,1,15,8,28,16,19,10,89,51,10,5,3,2,1,1,0,0,2,0,8,3,2,1,5,2,23,14,293,159
2020-09-24,47,23,46,30,1,1,14,7,26,15,21,11,87,52,8,5,3,2,2,2,1,0,1,0,9,4,2,1,5,2,23,11,296,166
2020-09-25,49,24,49,26,1,1,14,7,27,14,22,11,84,54,11,4,2,2,4,2,1,0,1,0,8,5,2,1,4,2,25,11,304,164
2020-09-26,47,23,52,28,2,0,16,9,28,14,25,15,83,52,12,5,1,1,5,3,2,0,0,0,7,4,2,1,5,2,25,15,312,172
2020-09-27,50,25,51,30,2,0,17,9,29,14,25,13,88,56,14,6,1,1,5,3,2,0,0,0,7,4,2,1,9,2,23,15,325,179
2020-09-28,52,25,57,36,2,0,17,10,30,16,30,14,92,58,13,6,1,1,5,2,2,0,0,0,9,6,3,0,10,2,30,15,353,191
2020-09-29,53,26,56,34,3,0,17,11,30,16,30,14,91,59,12,6,2,2,3,2,3,1,0,0,10,6,4,0,7,2,31,16,352,195
2020-09-30,55,25,56,35,1,0,17,10,30,16,29,13,94,58,10,6,3,1,2,2,4,1,0,0,9,7,5,2,6,2,34,17,355,195
2020-10-01,54,25,57,36,2,1,18,8,31,17,25,12,94,57,12,5,3,1,2,2,4,1,1,1,12,6,5,2,7,2,35,17,362,193
2020-10-02,59,31,58,34,2,1,14,6,31,16,25,13,98,59,12,5,3,1,2,2,5,1,1,1,12,6,6,2,8,2,37,19,373,199
2020-10-03,64,33,65,35,2,1,12,6,32,15,31,13,109,60,12,6,3,1,2,2,4,1,3,2,12,6,6,2,8,2,39,19,404,204
2020-10-04,62,33,71,37,2,1,14,6,34,17,33,14,115,61,13,7,4,2,2,2,5,1,3,2,14,6,6,2,8,2,38,19,424,212
2020-10-05,63,33,66,34,2,1,12,5,39,19,38,15,128,59,14,7,4,2,3,3,5,1,3,2,15,6,7,2,8,2,40,19,447,210
2020-10-06,60,28,60,36,4,3,14,5,42,17,28,14,131,67,13,7,5,2,6,4,4,1,2,2,19,7,8,4,9,2,44,20,449,219
2020-10-07,60,30,65,37,4,3,12,6,46,20,31,13,141,75,13,6,6,2,3,3,5,1,2,2,21,6,9,5,10,2,42,22,470,233
2020-10-08,59,30,63,36,5,3,13,6,44,22,31,12,157,77,15,6,7,3,4,3,5,2,3,2,22,7,9,6,10,2,40,22,487,239
2020-10-09,66,30,62,39,4,3,14,8,45,20,36,15,168,81,17,8,7,2,3,3,6,3,4,3,22,8,10,6,8,2,38,21,510,252
2020-10-10,60,31,65,45,4,3,15,8,45,25,35,16,176,88,19,8,8,2,5,4,6,3,5,4,27,13,9,6,9,2,44,20,532,278
2020-10-11,67,32,63,44,4,3,15,7,47,25,34,16,174,84,18,7,8,4,5,4,6,4,5,4,30,12,9,7,11,2,49,20,545,275
2020-10-12,69,34,71,48,5,3,18,7,46,25,37,18,191,82,20,8,11,5,6,4,8,3,6,4,32,15,10,7,10,2,50,21,590,286
2020-10-13,75,41,72,49,6,5,17,9,52,28,40,17,198,97,19,8,9,4,5,4,8,2,6,4,35,18,10,7,9,2,57,24,618,319
2020-10-14,69,43,71,46,7,5,19,9,47,27,36,16,185,98,23,9,9,4,5,4,8,3,6,3,37,20,10,7,13,3,57,26,602,323
2020-10-15,69,41,78,48,10,3,19,11,49,27,44,18,195,95,25,12,14,4,5,4,9,3,6,3,40,23,11,6,13,3,68,28,655,329
2020-10-16,70,41,87,48,9,1,21,11,54,31,44,22,202,96,26,14,17,5,6,4,14,2,7,3,45,25,11,5,14,4,63,29,690,341
2020-10-17,83,40,85,43,11,3,21,14,59,33,43,22,209,97,28,14,18,6,7,4,12,3,6,2,48,27,11,5,16,3,73,29,730,345
2020-10-18,82,43,84,43,10,4,22,14,70,38,48,22,226,96,28,15,20,6,6,4,19,4,5,2,50,25,12,5,16,3,71,30,769,354
2020-10-19,93,47,92,45,11,4,21,13,81,40,50,30,245,107,33,17,18,6,7,4,22,5,5,2,53,24,17,5,19,2,84,38,851,389
2020-10-20,98,53,87,48,14,5,25,12,83,36,48,31,255,111,40,19,22,7,5,3,22,9,3,1,53,27,17,6,17,4,90,39,879,411
2020-10-21,97,52,103,49,12,4,27,12,88,34,51,31,256,113,40,19,21,7,6,5,27,13,6,3,84,29,12,5,19,4,94,44,943,424
2020-10-22,109,59,100,50,16,7,30,12,90,40,60,34,279,123,45,18,28,6,9,4,32,11,10,3,87,35,12,5,22,4,101,48,1030,459
2020-10-23,121,63,105,47,18,9,31,11,97,37,66,33,295,133,48,19,30,10,9,4,34,10,12,5,101,34,18,5,26,4,110,54,1121,478
2020-10-24,133,70,112,54,20,9,28,8,114,47,77,38,321,157,49,20,28,9,10,4,31,10,11,5,107,32,19,6,23,5,120,59,1203,533
2020-10-25,143,75,123,58,19,11,27,11,129,56,77,36,353,166,53,24,28,8,11,5,31,8,12,5,120,38,19,7,27,5,124,65,1296,578
2020-10-26,142,78,122,62,21,9,29,11,137,58,88,44,374,188,54,24,25,9,11,4,34,6,9,5,142,43,21,10,28,6,125,65,1362,622
2020-10-27,156,85,129,58,22,10,34,15,139,68,98,44,411,209,55,27,33,11,13,7,32,9,11,6,151,44,20,13,27,6,139,76,1470,688
2020-10-28,170,94,147,66,20,12,37,17,155,87,101,50,435,221,61,32,31,11,17,8,31,11,10,6,146,45,21,13,31,6,156,85,1569,764
2020-10-29,184,101,167,71,25,12,38,18,164,95,108,55,471,245,61,32,38,14,20,9,36,15,13,6,158,49,25,12,32,6,156,86,1696,826
2020-10-30,197,109,179,83,20,13,41,24,178,98,121,58,526,282,63,34,40,15,17,8,45,19,17,6,166,54,25,12,29,8,175,96,1839,919
2020-10-31,211,113,203,106,24,15,43,24,183,98,125,61,580,319,69,35,36,14,21,10,41,17,15,7,174,58,21,12,24,10,174,105,1944,1004
2020-11-01,243,130,238,119,24,18,45,27,194,102,118,66,590,329,73,39,31,13,20,11,46,23,18,6,184,66,22,11,24,11,191,115,2061,1086
2020-11-02,245,135,268,135,27,18,49,30,204,110,129,68,639,350,77,42,47,14,21,12,58,28,19,6,202,73,22,13,29,12,207,121,2243,1167
2020-11-03,253,138,285,154,33,22,52,30,219,116,123,68,689,380,82,47,51,15,23,12,70,26,19,7,212,80,23,14,33,11,221,136,2388,1256
2020-11-04,276,146,314,165,32,18,53,29,228,124,134,79,735,420,89,48,52,15,26,10,61,26,19,8,232,89,27,15,44,16,224,141,2546,1349
2020-11-05,292,150,339,172,29,18,57,36,243,124,142,77,747,447,89,56,51,14,27,10,64,34,19,8,240,90,26,14,48,16,240,156,2653,1422
2020-11-06,301,150,356,168,29,17,59,33,252,124,155,93,785,461,86,57,52,16,27,10,64,37,15,8,247,89,30,14,52,17,243,151,2753,1445
2020-11-07,313,172,362,180,30,19,63,32,253,132,162,98,813,481,89,56,50,17,27,10,63,40,17,7,260,103,31,13,54,15,252,159,2839,1534
2020-11-08,323,175,372,190,32,19,68,32,266,132,169,98,805,508,95,64,51,26,27,11,67,41,22,8,261,104,32,12,58,15,256,170,2904,1605
2020-11-09,342,189,389,203,32,21,72,39,271,141,175,102,826,521,103,68,60,21,27,13,61,38,20,10,268,116,34,14,60,16,265,176,3005,1688
2020-11-10,352,195,410,226,33,22,73,43,275,144,178,103,842,529,102,61,60,22,23,13,67,37,18,11,268,119,34,15,54,16,270,181,3059,1737
2020-11-11,346,203,443,248,36,23,76,41,274,147,189,109,850,533,117,61,60,18,23,14,69,38,23,12,258,119,37,22,53,16,273,183,3127,1787
2020-11-12,357,207,458,261,31,19,71,40,275,153,191,110,860,517,131,74,66,20,21,13,68,37,28,15,260,124,40,25,55,14,274,184,3186,1813
2020-11-13,375,214,476,273,29,22,77,42,278,154,198,109,893,530,135,70,62,19,23,14,64,36,27,13,264,125,46,26,69,16,283,196,3299,1859
2020-11-14,382,209,481,277,29,22,79,46,289,163,200,113,877,523,134,72,60,19,24,12,71,44,29,13,272,132,49,27,69,19,280,185,3325,1876
2020-11-15,401,215,492,286,28,21,79,45,285,154,198,113,897,537,138,78,65,21,27,12,72,47,29,15,266,140,52,30,69,17,287,192,3385,1923
2020-11-16,397,223,501,289,34,25,86,52,284,161,195,117,920,544,129,79,68,25,28,15,75,49,31,17,272,144,51,24,74,20,291,187,3436,1971
2020-11-17,404,221,514,304,36,26,85,56,289,165,196,113,927,552,138,76,66,21,24,14,73,47,30,19,293,153,52,26,84,25,306,192,3517,2010
2020-11-18,402,216,519,301,34,26,80,52,300,177,209,116,935,549,150,81,61,17,22,12,77,50,28,18,302,163,52,27,88,28,302,191,3561,2024
2020-11-19,407,229,518,305,35,29,84,56,306,181,202,114,951,568,145,81,65,19,27,12,82,50,27,17,301,171,50,27,87,27,301,198,3588,2084
2020-11-20,409,238,532,306,38,30,86,58,326,198,199,111,934,559,156,88,62,18,25,12,76,45,25,16,304,175,49,26,86,25,308,198,3615,2103
2020-11-21,406,239,541,308,37,27,85,58,325,188,186,106,957,561,151,83,60,17,23,14,80,45,22,16,308,184,53,24,91,28,305,200,3630,2098
2020-11-22,408,238,564,312,42,29,86,54,323,192,196,108,974,576,151,84,67,17,22,13,82,45,25,18,308,191,55,26,96,26,310,203,3709,2132
2020-11-23,404,242,588,330,40,23,93,53,329,192,196,115,981,573,163,90,61,22,23,14,80,45,26,16,321,188,55,25,73,28,309,205,3742,2161
2020-11-24,425,244,592,331,38,23,89,52,327,198,193,102,978,585,176,90,64,22,21,13,81,46,29,16,326,189,54,27,72,33,305,205,3770,2176
2020-11-25,427,240,609,350,34,22,80,52,324,200,195,102,963,586,178,101,59,22,21,13,86,48,29,15,345,194,57,26,75,31,299,212,3781,2214
2020-11-26,426,238,633,378,35,22,79,54,343,203,194,105,964,609,188,113,61,21,19,12,84,47,33,14,342,206,54,30,74,32,297,206,3826,2290
2020-11-27,437,249,636,392,34,20,81,52,345,199,187,108,955,594,187,115,62,21,22,12,85,47,31,15,347,208,54,27,73,32,318,210,3854,2301
2020-11-28,429,246,645,382,37,22,83,55,358,208,183,104,961,594,183,111,67,24,24,12,89,46,36,18,360,212,56,25,77,38,300,209,3888,2306
2020-11-29,431,254,645,376,36,22,80,55,355,216,186,109,963,579,185,110,66,24,24,13,86,42,32,17,376,215,55,26,78,37,303,205,3901,2300
2020-11-30,437,249,647,386,35,23,88,57,352,210,180,110,966,575,189,110,64,22,26,15,87,47,31,15,378,224,54,23,82,39,310,214,3926,2319
