date,AT-hd,BE-hd,BG-hd,HR-hd,CY-hd,CZ-hd,DK-hd,EE-hd,FI-hd,FR-hd,DE-hd,GR-hd,HU-hd,IS-hd,IE-hd,IT-hd,LV-hd,LI-hd,LT-hd,LU-hd,MT-hd,NL-hd,NO-hd,PL-hd,PT-hd,RO-hd,SK-hd,SI-hd,ES-hd,SE-hd,CH-hd,GB-hd
2020-03-01,,0,,0,,,1,3,,0,,,,,0,,,,,,,73,0,,,,,0,1177,,,5
2020-03-02,,,,,,,0,0,,,,,,,,,,,,,,10,0,,,,,,136,,,12
2020-03-03,,,,,,,1,0,,,,,,,,,,,,,,8,0,,,,,,159,,,13
2020-03-04,,,,,,,0,0,,,,,,,,,,,,,,10,0,,,,,,169,,,10
2020-03-05,,,,,,,1,0,,,,,,,,,,,,,,11,0,,,,,,239,,,20
2020-03-06,,,,,,,4,0,,,,,,,,,,,,,,21,1,,,,,,259,,,24
2020-03-07,,,,,,,0,0,,,,,,,,,,,,,,7,0,,,,,,290,,,10
2020-03-08,,,,,,,3,0,,,,,,,,,,,,,,18,1,,,,,,330,,,11
2020-03-09,,,,,,,9,0,,,,,,,,,,,,,,28,3,,,,,,558,,,19
2020-03-10,,,,,,,15,1,,,,,,,,,,,,,,28,7,,,,,0,690,,,33
2020-03-11,,,,,,,10,0,,,,,,,,,,,,,,44,8,,,,,2,883,,,32
2020-03-12,,,,,,,18,0,,,,,,,,,,,,,,54,4,,,,,4,1049,,,27
2020-03-13,,,,,,,26,1,,,,,,,,,,,,,,76,9,,,,,9,1138,,,27
2020-03-14,,,,,,,24,1,,,,,,,,,,,,,,61,11,,,,,8,1234,,,23
2020-03-15,,70,,,,,33,1,,,,,,,,,,,,,,69,8,,,,,4,1366,,,18
2020-03-16,,88,,,,,45,3,,,,,,,,,,,,,,142,19,,,,,1,2115,,,36
2020-03-17,,125,,,,,47,4,,,,,,,,,,,,,,145,19,,,,,11,2427,,,47
2020-03-18,,179,,,,,47,4,,,,,,,,,,,,,,177,24,,,,,9,3088,,,51
2020-03-19,,213,,,,,50,7,,2229,,,,,,,,,,,,261,38,,,,,7,3347,,,633
2020-03-20,,294,,,,,64,7,,1256,,,,,,,,,,,,241,32,,,,,3,3910,,,776
2020-03-21,,322,,,,,34,3,,1540,,,,,,,,,,,,204,28,,,,,8,3491,,,855
2020-03-22,,278,,,,,42,6,,1534,,,,,,,,,,,,236,28,,,,,2,3327,,,921
2020-03-23,,268,,,,,85,10,,2053,,,,,,,,,,,,454,43,,,,,8,4931,,,1273
2020-03-24,,420,,,,,81,4,,2618,,,,,,,,,,,,428,46,,,,,14,5304,,,1717
2020-03-25,,543,,,,,92,9,,3166,,,,,,,,,,,,442,60,,,,,10,5192,,,2085
2020-03-26,,494,,,,,82,9,,3097,,,,,,,,,,,,443,45,,,,,7,5026,,,1927
2020-03-27,,587,,,,,89,14,,3059,,,,,,,,,,,,562,36,,,,,23,4799,,,2227
2020-03-28,,642,,,,,82,13,,3353,,,,,,,,,,,,303,34,,,,,7,3388,,,2193
2020-03-29,,545,,,,,52,16,,2685,,,,,,,,,,,,258,24,,,,,8,2653,,,2489
2020-03-30,,486,,,,,69,14,,3108,,,,,,,,,,,,442,33,,,,,11,3926,,,3191
2020-03-31,,550,,,,,51,12,,4146,,,,,,,,,,,,309,38,,,,,3,3342,,,2832
2020-04-01,,599,,,,,60,8,,4281,,,,,,,,,,,,316,27,,,,,7,3189,,,3567
2020-04-02,,572,,,,,0,9,,3845,,,,,,,,,,,,350,37,,,,,6,2840,,,3286
2020-04-03,,502,,,,,50,33,,3627,,,,,92,,,,,,,339,21,,,,,10,2745,,,2930
2020-04-04,,502,,,,,57,19,,2822,,,,,84,,,,,,,187,27,,,,,6,1950,,,2922
2020-04-05,,360,,,,,39,5,,1931,,,,,82,,,,,,,230,14,,,,,9,1523,,,2917
2020-04-06,,324,,,,,38,6,,2754,,,,,56,,,,,,,329,19,,,,,8,2252,,,3046
2020-04-07,,475,,,,,51,13,,3277,,,,,68,,,,,,,204,14,,,,,13,2189,,,3150
2020-04-08,,464,,,,,44,8,,3139,,,,,83,,,,,,,209,22,,,,,9,1975,,,2967
2020-04-09,,467,,,,,42,11,,2990,,,,,103,,,,,,,188,10,,,,,6,1626,,,2629
2020-04-10,,431,,,,,30,7,,3161,,,,,57,,,,,,,205,6,,,,,8,1450,,,2463
2020-04-11,,392,,,,,45,11,,2044,,,,,65,,,,,,,133,11,,,,,6,1199,,,2163
2020-04-12,,277,,,,,29,8,,1688,,,,,60,,,,,,,137,9,,,,,6,929,,,2066
2020-04-13,,244,,,,,24,8,,1257,,,,,47,,,,,,,167,10,,,,,3,1174,,,2162
2020-04-14,,253,,,,,30,6,,1965,,,,,41,,,,,,,162,11,,,,,9,1324,,,2088
2020-04-15,,317,,8,,,40,4,,2415,,,,,71,,,,,,,119,12,,,,,7,1033,,,1880
2020-04-16,,313,,22,,,33,5,,2084,,,,,52,,,,,,,118,4,,,,,12,1051,,,2011
2020-04-17,,306,,28,,,26,11,,2166,,,,,52,,,,,,,139,15,,,,,6,928,,,1967
2020-04-18,,265,,4,,,23,4,,1565,,,,,48,,,,,,,80,9,,,,,7,616,,,1629
2020-04-19,,227,,10,,,21,4,,890,,,,,37,,,,,,,83,5,,,,,1,559,,,1657
2020-04-20,,184,,9,,,38,2,,1464,,,,,46,,,,,,,113,5,,,,,0,733,,,1734
2020-04-21,,262,,10,,,35,4,,1885,,,,,38,,,,,,,118,4,,,,,3,741,,,1712
2020-04-22,,216,,22,,,29,6,,1619,,,,,45,,,,,,,91,8,,,,,5,546,,,1529
2020-04-23,,204,,23,,,33,3,,1410,,,,,58,,,,,,,95,5,,,,,4,515,,,1513
2020-04-24,,221,,24,,,30,5,,1346,,,,,46,,,,,,,79,8,,,,,3,560,,,1526
2020-04-25,,203,,7,,,28,1,,999,,,,,37,,,,,,,43,4,,,,,4,346,,,1254
2020-04-26,,130,,7,,,17,1,,481,,,,,35,,,,,,,43,6,,,,,5,261,,,1355
2020-04-27,,129,,2,,,30,4,,964,,,,,33,,,,,,,61,2,,,,,1,481,,,1538
2020-04-28,,165,,6,,,20,3,,1321,,,,,51,,,,,,,91,7,,,,,2,397,,,1518
2020-04-29,,185,,3,,,15,0,,1070,,,,,45,,,,,,,59,0,,,,,7,345,,,1488
2020-04-30,,153,,4,,,13,2,,1048,,,,,41,,,,,,,63,2,,,,,1,364,,,1441
2020-05-01,,134,,6,,,22,8,,668,,,,,51,,,,,,,53,2,,,,,1,240,,,1263
2020-05-02,,82,,3,,,13,6,,453,,,,,27,,,,,,,27,2,,,,,3,213,,,1180
2020-05-03,,62,,0,,,24,2,,345,,,,,13,,,,,,,37,1,,,,,3,192,,,1188
2020-05-04,,92,,2,,,16,1,,689,,,,,22,,,,,,,59,2,,,,,2,328,,,1249
2020-05-05,,123,,5,,,12,0,,987,,,,,13,,,,,,,28,3,,,,,2,294,,,1146
2020-05-06,,101,,4,,,11,1,,833,,,,,35,,,,,,,60,4,,,,,1,285,,,1206
2020-05-07,,122,,3,,,15,2,,728,,,,,24,,,,,,,46,2,,,,,0,254,,,1165
2020-05-08,,79,,11,,,18,0,,510,,,,,28,,,,,,,56,4,,,,,1,225,,,910
2020-05-09,,85,,13,,,10,2,,265,,,,,18,,,,,,,30,1,,,,,1,140,,,944
2020-05-10,,62,,2,,,13,0,,253,,,,,22,,,,,,,25,1,,,,,0,118,,,916
2020-05-11,,48,,2,,,7,2,,523,,,,,15,,,,,,,45,2,,,,,1,168,,,1029
2020-05-12,,74,,5,,,6,1,,670,,,,,15,,,,,,,27,3,,,,,1,162,,,983
2020-05-13,,83,,2,,,8,0,,543,,,,,16,,,,,,,38,3,,,,,0,129,,,966
2020-05-14,,66,,3,,,9,1,,542,,,,,7,,,,,,,25,2,,,,,1,135,,,909
2020-05-15,,65,,2,,,8,1,,438,,,,,8,,,,,,,32,1,,,,,0,129,,,871
2020-05-16,,62,,0,,,17,2,,350,,,,,31,,,,,,,18,0,,,,,0,62,,,813
2020-05-17,,45,,1,,,9,2,,152,,,,,17,,,,,,,30,0,,,,,1,63,,,792
2020-05-18,,52,,1,,,6,9,,375,,,,,8,,,,,,,36,5,,,,,0,103,,,849
2020-05-19,,59,,6,,,11,4,,506,,,,,10,,,,,,,18,1,,,,,0,75,,,881
2020-05-20,,77,,2,,,7,3,,432,,,,,25,,,,,,,31,1,,,,,0,88,,,851
2020-05-21,,63,,2,,,10,2,,271,,,,,22,,,,,,,14,2,,,,,0,86,,,841
2020-05-22,,37,,4,,,5,4,,263,,,,,14,,,,,,,32,1,,,,,0,82,,,739
2020-05-23,,56,,0,,,16,2,,233,,,,,10,,,,,,,14,0,,,,,0,50,,,643
2020-05-24,,31,,0,,,10,1,,121,,,,,8,,,,,,,18,0,,,,,0,51,,,587
2020-05-25,,39,,0,,,3,1,,342,,,,,11,,,,,,,35,0,,,,,0,82,,,602
2020-05-26,,39,,0,,,7,0,,318,,,,,9,,,,,,,25,1,,,,,0,70,,,698
2020-05-27,,53,,0,,,10,2,,271,,,,,10,,,,,,,16,4,,,,,1,71,,,712
2020-05-28,,28,,0,,,11,3,,253,,,,,5,,,,,,,17,2,,,,,0,70,,,702
2020-05-29,,28,,0,,,8,0,,255,,,,,10,,,,,,,24,1,,,,,0,63,,,614
2020-05-30,,42,,1,,,8,1,,227,,,,,7,,,,,,,19,0,,,,,0,59,,,568
2020-05-31,,26,,0,,,5,0,,72,,,,,6,,,,,,,12,2,,,,,0,35,,,528
2020-06-01,,29,,0,,,5,1,,89,,,,,3,,,,,,,15,1,,,,,0,53,,,604
2020-06-02,,36,,0,,,6,0,,229,,,,,8,,,,,,,24,0,,,,,0,64,,,668
2020-06-03,,22,,0,,,6,1,,250,,,,,2,,,,,,,19,0,,,,,0,73,,,633
2020-06-04,,34,,0,,,3,1,,195,,,,,3,,,,,,,14,0,,,,,0,51,,,565
2020-06-05,,30,,0,,,3,0,,213,,,,,4,,,,,,,9,1,,,,,1,60,,,476
2020-06-06,,23,,0,,,9,0,,143,,,,,3,,,,,,,4,0,,,,,0,41,,,407
2020-06-07,,24,,0,,,2,1,,37,,,,,2,,,,,,,4,0,,,,,0,41,,,408
2020-06-08,,18,,0,,,4,3,,145,,,,,5,,,,,,,11,1,,,,,0,59,,,412
2020-06-09,,24,,0,,,6,2,,169,,,,,3,,,,,,,9,2,,,,,1,38,,,492
2020-06-10,,20,,1,,,1,1,,130,,,,,1,,,,,,,5,1,,,,,0,40,,,512
2020-06-11,,33,,1,,,3,3,,143,,,,,11,,,,,,,14,2,,,,,0,34,,,446
2020-06-12,,25,,0,,,4,0,,136,,,,,4,,,,,,,8,1,,,,,0,43,,,392
2020-06-13,,11,,0,,,4,1,,68,,,,,4,,,,,,,4,0,,,,,0,24,,,385
2020-06-14,,16,,1,,,5,0,,33,,,,,2,,,,,,,3,1,,,,,0,32,,,364
2020-06-15,,12,,0,,,0,1,,114,,,,,2,,,,,,,5,1,,,,,1,37,,,439
2020-06-16,,27,,0,,,4,1,,143,,,,,1,,,,,,,8,1,,,,,0,29,,,456
2020-06-17,,19,,1,,,4,2,,116,,,,,1,,,,,,,7,3,,,,,0,31,,,432
2020-06-18,,21,,4,,,6,0,,136,,,,,1,,,,,,,4,1,,,,,0,45,,,405
2020-06-19,,21,,0,,,5,1,,116,,,,,4,,,,,,,4,1,,,,,2,42,,,336
2020-06-20,,18,,0,,,4,0,,90,,,,,2,,,,,,,4,0,,,,,0,32,,,257
2020-06-21,,12,,1,,,4,0,,48,,,,,2,,,,,,,5,0,,,,,0,20,,,288
2020-06-22,,14,,1,,,5,0,,142,,,,,3,,,,,,,7,2,,,,,0,40,,,394
2020-06-23,,12,,8,,,4,0,,117,,,,,2,,,,,,,6,1,,,,,0,30,,,363
2020-06-24,,16,,4,,,7,1,,97,,,,,1,,,,,,,5,2,,,,,2,35,,,368
2020-06-25,,21,,10,,,7,0,,124,,,,,0,,,,,,,9,1,,,,,0,41,,,325
2020-06-26,,18,,16,,,2,0,,87,,,,,2,,,,,,,2,3,,,,,1,40,,,339
2020-06-27,,16,,6,,,2,0,,55,,,,,3,,,,,,,2,2,,,,,0,32,,,287
2020-06-28,,7,,12,,,3,1,,44,,,,,2,,,,,,,5,2,,,,,0,23,,,208
2020-06-29,,14,,5,,,7,0,,102,,,,,1,,,,,,,8,0,,,,,1,42,,,220
2020-06-30,,17,,12,,,2,0,,152,,,,,0,,,,,,,2,2,,,,,0,33,,,295
2020-07-01,,9,,9,,,0,0,,106,,,,,3,,,,,,,4,0,,,,,0,22,,,269
2020-07-02,,13,,11,,,2,0,,93,,,,,1,,,,,,,4,2,,,,,1,29,,,216
2020-07-03,,6,,9,,,6,1,,125,,,,,2,,,,,,,6,1,,,,,1,45,,,214
2020-07-04,,16,,8,,,4,0,,47,,,,,1,,,,,,,0,0,,,,,0,35,,,202
2020-07-05,,7,,13,,,1,0,,21,,,,,1,,,,,,,2,1,,,,,1,27,,,196
2020-07-06,,10,,9,,,2,0,,98,,,,,1,,,,,,,2,0,,,,,5,43,,,204
2020-07-07,,17,,5,,,2,0,,127,,,,,1,,,,,,,4,0,,,,,2,47,,,215
2020-07-08,,9,,8,,,3,0,,83,,,,,0,,,,,,,4,1,,,,,5,32,,,208
2020-07-09,,11,,20,,,1,2,,79,,,,,1,,,,,,,6,0,,,,,2,47,,,214
2020-07-10,,6,,13,,,2,0,,136,,,,,0,,,,,,,7,0,,,,,1,48,,,176
2020-07-11,,11,,26,,,2,0,,57,,,,,1,,,,,,,2,1,,,,,0,40,,,177
2020-07-12,,7,,14,,,5,0,,26,,,,,0,,,,,,,3,0,,,,,0,37,,,114
2020-07-13,,9,,17,,,2,0,,68,,,,,0,,,,,,,4,2,,,,,1,60,,,189
2020-07-14,,18,,8,,,1,0,,61,,,,,3,,,,,,,6,0,,,,,3,75,,,186
2020-07-15,,11,,8,,,3,0,,133,,,,,0,,,,,,,2,1,,,,,0,64,,,166
2020-07-16,,13,,16,,,3,0,,119,,,,,1,,,,,,,2,2,,,,,2,80,,,167
2020-07-17,,11,,15,,,3,0,,119,,,,,2,,,,,,,6,1,,,,,2,90,,,144
2020-07-18,,27,,16,,,3,0,,68,,,,,1,,,,,,,6,2,,,,,2,53,,,105
2020-07-19,,18,,20,,,3,0,,36,,,,,0,,,,,,,7,0,,,,,1,69,,,126
2020-07-20,,14,,7,,,2,0,,137,,,,,0,,,,,,,4,0,,,,,1,83,,,130
2020-07-21,,8,,11,,,2,0,,109,,,,,2,,,,,,,6,0,,,,,6,82,,,126
2020-07-22,,23,,19,,,1,0,,132,,,,,2,,,,,,,4,0,,,,,2,116,,,158
2020-07-23,,33,,11,,,4,0,,123,,,,,1,,,,,,,9,0,,,,,3,106,,,200
2020-07-24,,34,,12,,,1,0,,126,,,,,6,,,,,,,10,2,,,,,2,113,,,158
2020-07-25,,26,,8,,,3,0,,86,,,,,0,,,,,,,10,0,,,,,1,113,,,119
2020-07-26,,15,,14,,,6,0,,36,,,,,3,,,,,,,4,1,,,,,4,105,,,109
2020-07-27,,28,,4,,,1,0,,118,,,,,1,,,,,,,7,1,,,,,0,179,,,130
2020-07-28,,41,,10,,,3,0,,172,,,,,1,,,,,,,10,0,,,,,0,147,,,119
2020-07-29,,35,,11,,,2,1,,118,,,,,1,,,,,,,4,0,,,,,4,178,,,133
2020-07-30,,30,,10,,,3,0,,116,,,,,0,,,,,,,15,2,,,,,1,183,,,132
2020-07-31,,19,,9,,,5,0,,152,,,,,1,,,,,,,11,5,,,,,3,195,,,114
2020-08-01,,29,,18,,,4,1,,77,,,,,2,,,,,,,8,2,,,,,0,209,,,127
2020-08-02,,29,,14,,,4,0,,25,,,,,2,,,,,,,11,1,,,,,1,179,,,93
2020-08-03,,29,,5,,,4,4,,142,,,,,1,,,,,,,15,2,,,,,0,236,,,110
2020-08-04,,20,,7,,,6,1,,139,,,,,1,,,,,,,8,1,,,,,4,235,,,128
2020-08-05,,50,,6,,,3,1,,137,,,,,4,,,,,,,8,5,,,,,2,263,,,140
2020-08-06,,33,,9,,,7,0,,141,,,,,2,,,,,,,12,2,,,,,3,304,,,102
2020-08-07,,33,,20,,,6,0,,136,,,,,1,,,,,,,13,1,,,,,1,309,,,116
2020-08-08,,38,,11,,,2,0,,73,,,,,3,,,,,,,17,3,,,,,0,260,,,141
2020-08-09,,23,,6,,,4,0,,14,,,,,1,,,,,,,19,2,,,,,3,249,,,106
2020-08-10,,41,,8,,,5,1,,180,,,,,0,,,,,,,15,3,,,,,2,386,,,86
2020-08-11,,52,,5,,,2,0,,191,,,,,2,,,,,,,27,1,,,,,1,394,,,114
2020-08-12,,35,,7,,,2,0,,143,,,,,1,,,,,,,20,0,,,,,1,446,,,101
2020-08-13,,46,,8,,,3,0,,201,,,,,1,,,,,,,19,0,,,,,1,464,,,130
2020-08-14,,33,,7,,,2,0,,173,,,,,3,,,,,,,12,1,,,,,3,469,,,102
2020-08-15,,43,,22,,,4,0,,87,,,,,7,,,,,,,15,3,,,,,2,365,,,99
2020-08-16,,29,,13,,,2,1,,33,,,,,3,,,,,,,16,2,,,,,2,381,,,80
2020-08-17,,21,,4,,,4,1,,234,,,,,1,,,,,,,19,1,,,,,2,542,,,97
2020-08-18,,35,,12,,,5,0,,185,,,,,2,,,,,,,11,1,,,,,0,544,,,130
2020-08-19,,39,,19,,,2,3,,162,,,,,1,,,,,,,17,1,,,,,1,596,,,116
2020-08-20,,30,,11,,,6,0,,149,,,,,3,,,,,,,24,3,,,,,3,583,,,98
2020-08-21,,31,,11,,,6,1,,210,,,,,2,,,,,,,18,3,,,,,2,603,,,109
2020-08-22,,26,,17,,,3,0,,114,,,,,1,,,,,,,10,2,,,,,2,515,,,72
2020-08-23,,18,,24,,,2,3,,29,,,,,0,,,,,,,14,1,,,,,1,526,,,74
2020-08-24,,17,,16,,,3,1,,233,,,,,2,,,,,,,11,3,,,,,1,695,,,92
2020-08-25,,12,,25,,,4,0,,265,,,,,9,,,,,,,19,1,,,,,1,736,,,122
2020-08-26,,21,,26,,,2,1,,215,,,,,4,,,,,,,12,2,,,,,4,680,,,132
2020-08-27,,21,,37,,,3,3,,225,,,,,4,,,,,,,7,3,,,,,3,748,,,152
2020-08-28,,19,,33,,,3,0,,241,,,,,6,,,,,,,12,2,,,,,3,796,,,137
2020-08-29,,8,,24,,,6,1,,135,,,,,4,,,,,,,2,1,,,,,2,598,,,110
2020-08-30,,14,,28,,,1,1,,23,,,,,2,,,,,,,10,0,,,,,1,528,,,77
2020-08-31,,18,,28,,,3,0,,254,,,,,5,,,,,,,16,1,,,,,1,738,,,91
2020-09-01,,28,,31,,,3,0,,300,,,,,3,,,,,,,14,2,,,,,3,766,,,134
2020-09-02,,26,,33,,,1,3,,317,,,,,6,,,,,,,17,2,,,,,3,794,,,146
2020-09-03,,13,,33,,,3,0,,307,,,,,5,,,,,,,12,2,,,,,3,781,,,146
2020-09-04,,22,,41,,,5,2,,292,,,,,6,,,,,,,17,3,,,,,2,896,,,155
2020-09-05,,16,,41,,,3,0,,168,,,,,2,,,,,,,18,0,,,,,3,643,,,130
2020-09-06,,17,,27,,,11,0,,66,,,,,5,,,,,,,23,2,,,,,2,606,,,139
2020-09-07,,26,,24,,,6,0,,448,,,,,3,,,,,,,29,4,,,,,5,856,,,146
2020-09-08,,42,,35,,,7,0,,490,,,,,2,,,,,,,23,2,,,,,5,908,,,186
2020-09-09,,24,,33,,,7,2,,386,,,,,4,,,,,,,34,4,,,,,2,879,,,203
2020-09-10,,29,,42,,,9,4,,352,,,,,4,,,,,,,18,4,,,,,1,910,,,218
2020-09-11,,31,,31,,,14,3,,447,,,,,8,,,,,,,41,3,,,,,1,1038,,,231
2020-09-12,,35,,36,,,6,0,,243,,,,,9,,,,,,,20,2,,,,,9,837,,,218
2020-09-13,,41,,18,,,10,2,,98,,,,,5,,,,,,,25,1,,,,,7,694,,,226
2020-09-14,,34,,17,,,9,5,,545,,,,,7,,,,,,,52,6,,,,,8,1072,,,258
2020-09-15,,50,,20,,,12,2,,642,,,,,11,,,,,,,40,1,,,,,9,1012,,,270
2020-09-16,,46,,30,,,6,4,,649,,,,,7,,,,,,,48,4,,,,,12,975,,,285
2020-09-17,,49,,34,,,20,4,,599,,,,,13,,,,,,,54,2,,,,,3,994,,,264
2020-09-18,,58,,17,,,11,2,,850,,,,,4,,,,,,,80,3,,,,,10,1070,,,263
2020-09-19,,58,,35,,,13,2,,470,,,,,5,,,,,,,59,5,,,,,7,750,,,261
2020-09-20,,50,,18,,,17,0,,139,,,,,8,,,,,,,51,2,,,,,5,669,,,289
2020-09-21,,61,,30,,,23,10,,754,,,,,6,,,,,,,81,3,,,,,5,1007,,,371
2020-09-22,,76,,28,,,19,5,,783,,,,,8,,,,,,,71,3,,,,,9,1046,,,352
2020-09-23,,74,,34,,,14,6,,649,,,,,6,,,,,,,94,3,,,,,8,934,,,424
2020-09-24,,93,,23,,,28,4,,613,,,,,7,,,,,,,105,3,,,,,9,958,,,425
2020-09-25,,74,,31,,,18,6,,661,,,,,10,,,,,,,92,1,,,,,7,932,,,383
2020-09-26,,54,,37,,,12,0,,503,,,,,10,,,,,,,79,1,,,,,15,658,,,352
2020-09-27,,51,,22,,,11,2,,241,,,,,9,,,,,,,81,1,,,,,19,617,,,342
2020-09-28,,74,,16,,,21,6,,619,,,,,5,,,,,,,112,6,,,,,10,860,,,445
2020-09-29,,91,,34,,,13,6,,698,,,,,13,,,,,,,100,4,,,,,10,903,,,441
2020-09-30,,89,,37,,,16,4,,650,,,,,15,,,,,,,113,3,,,,,12,873,,,453
2020-10-01,,90,,31,,,18,3,,626,,,,,15,,,,,,,110,5,,,,,18,852,,,529
2020-10-02,,75,,40,,,21,5,,721,,,,,9,,,,,,,122,4,,,,,10,916,,,529
2020-10-03,,79,,41,,,14,5,,532,,,,,11,,,,,,,137,0,,,,,17,620,,,533
2020-10-04,,91,,33,,,14,1,,418,,,,,17,,,,,,,104,1,,,,,8,595,,,632
2020-10-05,,91,,45,,,22,3,,710,,,,,14,,,,,,,166,2,,,,,14,848,,,629
2020-10-06,,113,,52,,,23,1,,829,,,,,11,,,,,,,156,1,,,,,17,876,,,724
2020-10-07,,145,,52,,,12,6,,789,,,,,18,,,,,,,148,5,,,,,22,855,,,693
2020-10-08,,131,,49,,,15,0,,711,,,,,18,,,,,,,161,3,,,,,25,969,,,714
2020-10-09,,151,,58,,,7,2,,848,,,,,25,,,,,,,210,10,,,,,20,995,,,707
2020-10-10,,165,,52,,,12,1,,694,,,,,29,,,,,,,152,4,,,,,19,729,,,724
2020-10-11,,141,,31,,,13,1,,503,,,,,15,,,,,,,159,7,,,,,15,771,,,824
2020-10-12,,179,,42,,,14,2,,976,,,,,11,,,,,,,241,4,,,,,19,741,,,889
2020-10-13,,224,,54,,,22,7,,1168,,,,,25,,,,,,,247,2,,,,,30,1053,,,1031
2020-10-14,,266,,64,,,18,4,,1133,,,,,13,,,,,,,205,1,,,,,49,1112,,,985
2020-10-15,,292,,72,,,14,3,,1207,,,,,17,,,,,,,219,3,,,,,33,1087,,,1047
2020-10-16,,252,,117,,,22,4,,1225,,,,,19,,,,,,,226,5,,,,,31,1163,,,925
2020-10-17,,365,,111,,,14,1,,986,,,,,19,,,,,,,215,4,,,,,44,897,,,1032
2020-10-18,,271,,63,,,18,3,,835,,,,,16,,,,,,,188,3,,,,,29,862,,,1091
2020-10-19,,274,,71,,,22,2,,1424,,,,,18,,,,,,,285,1,,,,,36,1242,,,1108
2020-10-20,,428,,90,,,23,3,,1943,,,,,45,,,,,,,244,8,,,,,51,1271,,,1192
2020-10-21,,437,,117,,,17,5,,1754,,,,,30,,,,,,,273,10,,,,,60,1323,,,1264
2020-10-22,,520,,117,,,19,1,,1998,,,,,21,,,,,,,282,5,,,,,60,1381,,,1284
2020-10-23,,617,,125,,,22,4,,2091,,,,,28,,,,,,,309,4,,,,,69,1433,,,1299
2020-10-24,,610,,148,,,21,1,,1667,,,,,13,,,,,,,209,7,,,,,103,1187,,,1262
2020-10-25,,529,,153,,,19,2,,1298,,,,,24,,,,,,,251,8,,,,,89,1044,,,1423
2020-10-26,,545,,102,,,29,7,,2314,,,,,28,,,,,,,341,12,,,,,51,1460,,,1540
2020-10-27,,707,,153,,,22,2,,2988,,,,,9,,,,,,,291,5,,,,,85,1529,,,1498
2020-10-28,,759,,155,,,28,3,,2821,,,,,17,,,,,,,281,7,,,,,110,1495,,,1494
2020-10-29,,688,,175,,,26,9,,2607,,,,,22,,,,,,,273,13,,,,,103,1534,,,1590
2020-10-30,,748,,170,,,31,4,,2563,,,,,15,,,,,,,290,6,,,,,101,1645,,,1383
2020-10-31,,707,,180,,,30,2,,2274,,,,,20,,,,,,,204,6,,,,,158,1245,,,1461
2020-11-01,,578,,149,,,30,4,,1883,,,,,13,,,,,,,220,5,,,,,94,1196,,,1498
2020-11-02,,612,,131,,,31,5,,2547,,,,,8,,,,,,,385,13,,,,,115,1461,,,1573
2020-11-03,,899,,173,,,36,3,,3311,,,,,26,,,,,,,239,18,,,,,131,1633,,,1526
2020-11-04,,675,,190,,,43,16,,3681,,,,,29,,,,,,,249,9,,,,,140,1608,,,1686
2020-11-05,,577,,201,,,35,9,,2989,,,,,20,,,,,,,242,18,,,,,124,1531,,,1590
2020-11-06,,606,,174,,,44,7,,3140,,,,,21,,,,,,,242,18,,,,,160,1627,,,1417
2020-11-07,,516,,248,,,33,10,,2458,,,,,17,,,,,,,153,12,,,,,135,1247,,,1559
2020-11-08,,415,,183,,,28,4,,1814,,,,,20,,,,,,,160,10,,,,,102,1051,,,1692
2020-11-09,,443,,161,,,30,9,,2670,,,,,12,,,,,,,296,15,,,,,90,1540,,,1769
2020-11-10,,618,,234,,,45,8,,3168,,,,,23,,,,,,,227,13,,,,,148,1610,,,1856
2020-11-11,,565,,213,,,47,11,,2588,,,,,37,,,,,,,235,21,,,,,151,1521,,,1972
2020-11-12,,414,,211,,,51,13,,2371,,,,,26,,,,,,,208,18,,,,,142,1399,,,1917
2020-11-13,,526,,233,,,34,16,,2841,,,,,32,,,,,,,247,20,,,,,98,1450,,,1650
2020-11-14,,461,,249,,,38,11,,2202,,,,,7,,,,,,,141,10,,,,,155,1071,,,1616
2020-11-15,,305,,214,,,34,5,,1574,,,,,11,,,,,,,147,13,,,,,105,897,,,1674
2020-11-16,,285,,166,,,32,13,,2065,,,,,23,,,,,,,253,19,,,,,65,1397,,,1770
2020-11-17,,380,,257,,,42,24,,2513,,,,,29,,,,,,,201,16,,,,,127,1364,,,1718
2020-11-18,,358,,266,,,47,23,,2435,,,,,15,,,,,,,194,12,,,,,156,1173,,,1786
2020-11-19,,363,,202,,,49,18,,2221,,,,,35,,,,,,,192,16,,,,,82,1094,,,1687
2020-11-20,,323,,279,,,29,33,,1968,,,,,12,,,,,,,171,13,,,,,110,1134,,,1551
2020-11-21,,261,,239,,,35,9,,1515,,,,,10,,,,,,,141,18,,,,,115,792,,,1462
2020-11-22,,215,,198,,,41,12,,906,,,,,15,,,,,,,167,15,,,,,82,664,,,1492
2020-11-23,,211,,169,,,34,20,,1380,,,,,16,,,,,,,220,15,,,,,104,985,,,1588
2020-11-24,,305,,265,,,41,24,,1786,,,,,24,,,,,,,155,13,,,,,126,972,,,1499
2020-11-25,,285,,288,,,39,34,,1677,,,,,14,,,,,,,163,19,,,,,143,912,,,1614
2020-11-26,,257,,275,,,42,22,,1460,,,,,10,,,,,,,192,10,,,,,127,870,,,1425
2020-11-27,,234,,301,,,52,27,,1471,,,,,17,,,,,,,181,17,,,,,160,870,,,1280
2020-11-28,,225,,280,,,30,20,,976,,,,,15,,,,,,,101,14,,,,,88,651,,,1220
2020-11-29,,149,,225,,,26,18,,652,,,,,17,,,,,,,119,7,,,,,112,557,,,1388
2020-11-30,,123,,260,,,34,24,,1257,,,,,5,,,,,,,173,15,,,,,92,791,,,1406
2020-12-01,,208,,342,,,38,34,,1572,,,,,12,,,,,,,153,18,,,,,126,789,,,1490
2020-12-02,,238,,328,,,48,22,,1253,,,,,21,,,,,,,169,11,,,,,120,706,,,1486
2020-12-03,,196,,333,,,45,26,,1450,,,,,23,,,,,,,188,15,,,,,107,696,,,1503
2020-12-04,,219,,332,,,58,32,,1400,,,,,15,,,,,,,207,25,,,,,123,703,,,1432
2020-12-05,,226,,332,,,40,27,,1019,,,,,15,,,,,,,145,10,,,,,142,497,,,1379
2020-12-06,,151,,265,,,54,18,,627,,,,,11,,,,,,,141,17,,,,,112,496,,,1471
2020-12-07,,147,,254,,,61,20,,1206,,,,,10,,,,,,,221,13,,,,,82,602,,,1662
2020-12-08,,215,,343,,,75,23,,1597,,,,,10,,,,,,,180,15,,,,,136,572,,,1783
2020-12-09,,185,,377,,,55,13,,1380,,,,,11,,,,,,,182,11,,,,,106,714,,,1757
2020-12-10,,207,,358,,,61,35,,1445,,,,,15,,,,,,,200,15,,,,,110,699,,,1753
2020-12-11,,184,,361,,,80,29,,1340,,,,,13,,,,,,,258,7,,,,,157,770,,,1688
2020-12-12,,185,,383,,,85,27,,1097,,,,,10,,,,,,,156,12,,,,,157,565,,,1800
2020-12-13,,187,,258,,,63,26,,669,,,,,12,,,,,,,180,8,,,,,106,508,,,1755
2020-12-14,,125,,258,,,83,44,,1324,,,,,10,,,,,,,279,11,,,,,80,802,,,1956
2020-12-15,,225,,340,,,98,30,,1562,,,,,16,,,,,,,222,20,,,,,115,744,,,1958
2020-12-16,,201,,359,,,126,34,,1664,,,,,20,,,,,,,248,6,,,,,117,763,,,2081
2020-12-17,,208,,332,,,114,27,,1364,,,,,33,,,,,,,257,14,,,,,123,727,,,2145
2020-12-18,,201,,350,,,138,37,,1285,,,,,21,,,,,,,287,20,,,,,105,771,,,1920
2020-12-19,,198,,287,,,130,23,,1004,,,,,13,,,,,,,183,10,,,,,104,533,,,2045
2020-12-20,,133,,241,,,132,45,,599,,,,,15,,,,,,,192,18,,,,,84,572,,,2170
2020-12-21,,139,,206,,,128,38,,1284,,,,,20,,,,,,,346,11,,,,,98,846,,,2369
2020-12-22,,219,,291,,,127,49,,1783,,,,,22,,,,,,,279,9,,,,,134,838,,,2481
2020-12-23,,190,,273,,,155,38,,1426,,,,,27,,,,,,,293,11,,,,,111,830,,,2278
2020-12-24,,211,,281,,,149,34,,1454,,,,,37,,,,,,,304,8,,,,,99,642,,,2083
2020-12-25,,151,,259,,,127,45,,743,,,,,26,,,,,,,231,13,,,,,91,582,,,2181
2020-12-26,,95,,176,,,129,39,,513,,,,,14,,,,,,,237,10,,,,,80,634,,,2530
2020-12-27,,158,,199,,,132,29,,589,,,,,39,,,,,,,269,16,,,,,76,748,,,2872
2020-12-28,,150,,157,,,141,45,,1217,,,,,44,,,,,,,449,23,,,,,99,975,,,3138
2020-12-29,,208,,247,,,169,44,,1627,,,,,50,,,,,,,251,16,,,,,135,929,,,3252
2020-12-30,,159,,345,,,167,43,,1404,,,,,69,,,,,,,262,14,,,,,123,987,,,3294
2020-12-31,,145,,253,,,126,33,,1317,,,,,61,,,,,,,264,11,,,,,124,756,,,2921
2021-01-01,,150,,241,,,127,30,,677,,,,,75,,,,,,,213,15,,,,,91,792,,,3368
2021-01-02,,110,,105,,,152,21,,646,,,,,72,,,,,,,231,10,,,,,65,847,,,3443
2021-01-03,,137,,172,,,117,41,,657,,,,,106,,,,,,,229,8,,,,,114,962,,,3649
2021-01-04,,110,,128,,,137,31,,1262,,,,,105,,,,,,,331,15,,,,,103,1384,,,3936
2021-01-05,,149,,217,,,136,50,,1747,,,,,103,,,,,,,280,9,,,,,112,1371,,,4118
2021-01-06,,145,,182,,,107,33,,1438,,,,,137,,,,,,,243,8,,,,,114,1009,,,4392
2021-01-07,,156,,144,,,124,57,,1441,,,,,131,,,,,,,241,19,,,,,95,1407,,,4294
2021-01-08,,141,,215,,,142,31,,1445,,,,,139,,,,,,,242,14,,,,,105,1473,,,3999
2021-01-09,,137,,172,,,122,23,,944,,,,,134,,,,,,,162,16,,,,,108,1009,,,4126
2021-01-10,,85,,145,,,117,30,,729,,,,,114,,,,,,,187,10,,,,,107,1218,,,3937
2021-01-11,,94,,131,,,104,49,,1289,,,,,145,,,,,,,275,12,,,,,74,1818,,,4308
2021-01-12,,139,,186,,,130,52,,1660,,,,,209,,,,,,,210,17,,,,,131,1924,,,4583
2021-01-13,,142,,161,,,97,36,,1588,,,,,149,,,,,,,238,22,,,,,144,2078,,,4224
2021-01-14,,133,,147,,,109,41,,1691,,,,,188,,,,,,,207,11,,,,,121,2185,,,4103
2021-01-15,,142,,137,,,91,29,,1634,,,,,165,,,,,,,216,14,,,,,108,2331,,,3683
2021-01-16,,111,,124,,,98,34,,1199,,,,,125,,,,,,,163,9,,,,,103,1919,,,3941
2021-01-17,,79,,86,,,81,39,,698,,,,,93,,,,,,,147,5,,,,,67,1885,,,3750
2021-01-18,,105,,90,,,78,61,,1666,,,,,125,,,,,,,246,11,,,,,70,2765,,,4063
2021-01-19,,187,,157,,,115,32,,1995,,,,,112,,,,,,,217,9,,,,,112,2765,,,4161
2021-01-20,,144,,120,,,92,33,,1911,,,,,119,,,,,,,184,16,,,,,128,2688,,,4050
2021-01-21,,148,,122,,,86,49,,1759,,,,,113,,,,,,,229,19,,,,,100,2751,,,3636
2021-01-22,,158,,105,,,93,47,,1861,,,,,116,,,,,,,206,16,,,,,97,2744,,,3392
2021-01-23,,143,,129,,,78,39,,1174,,,,,85,,,,,,,158,6,,,,,103,2066,,,3116
2021-01-24,,106,,97,,,67,27,,918,,,,,52,,,,,,,151,14,,,,,86,1906,,,3112
2021-01-25,,92,,77,,,56,51,,1773,,,,,74,,,,,,,205,5,,,,,73,2750,,,2931
2021-01-26,,153,,123,,,70,43,,2006,,,,,96,,,,,,,175,8,,,,,100,2618,,,3151
2021-01-27,,121,,110,,,63,43,,1933,,,,,89,,,,,,,178,4,,,,,88,2504,,,3058
2021-01-28,,138,,98,,,44,64,,1726,,,,,87,,,,,,,203,9,,,,,76,2456,,,3046
2021-01-29,,119,,99,,,63,45,,1823,,,,,68,,,,,,,218,12,,,,,79,2428,,,2687
2021-01-30,,137,,116,,,55,27,,1176,,,,,78,,,,,,,130,3,,,,,99,1758,,,2472
2021-01-31,,77,,92,,,30,27,,816,,,,,59,,,,,,,149,6,,,,,64,1577,,,2407
2021-02-01,,128,,65,,,46,53,,1750,,,,,46,,,,,,,228,6,,,,,57,2195,,,2602
2021-02-02,,142,,121,,,38,47,,2189,,,,,60,,,,,,,179,6,,,,,75,2055,,,2483
2021-02-03,,142,,99,,,40,46,,1882,,,,,80,,,,,,,169,1,,,,,83,1862,,,2360
2021-02-04,,141,,98,,,34,40,,1752,,,,,77,,,,,,,188,5,,,,,68,1825,,,2142
2021-02-05,,144,,100,,,32,52,,1719,,,,,78,,,,,,,181,6,,,,,88,1752,,,2005
2021-02-06,,123,,106,,,38,26,,1126,,,,,38,,,,,,,128,5,,,,,76,1159,,,1893
2021-02-07,,108,,57,,,23,27,,790,,,,,36,,,,,,,117,5,,,,,51,1038,,,1851
2021-02-08,,72,,42,,,33,43,,1893,,,,,39,,,,,,,191,9,,,,,52,1594,,,1920
2021-02-09,,163,,76,,,28,40,,1931,,,,,54,,,,,,,188,7,,,,,58,1399,,,1755
2021-02-10,,132,,62,,,43,51,,1525,,,,,40,,,,,,,187,7,,,,,56,1198,,,1725
2021-02-11,,137,,86,,,34,40,,1618,,,,,44,,,,,,,176,7,,,,,50,1103,,,1679
2021-02-12,,132,,82,,,29,60,,1405,,,,,53,,,,,,,179,7,,,,,49,1151,,,1508
2021-02-13,,107,,69,,,17,39,,1085,,,,,44,,,,,,,111,7,,,,,59,671,,,1427
2021-02-14,,91,,50,,,25,30,,651,,,,,34,,,,,,,138,2,,,,,46,622,,,1535
2021-02-15,,84,,56,,,22,56,,1431,,,,,40,,,,,,,212,6,,,,,42,971,,,1502
2021-02-16,,145,,90,,,21,57,,1857,,,,,51,,,,,,,174,2,,,,,36,809,,,1493
2021-02-17,,141,,65,,,25,52,,1559,,,,,49,,,,,,,163,11,,,,,42,847,,,1411
2021-02-18,,142,,68,,,24,48,,1490,,,,,48,,,,,,,193,9,,,,,43,781,,,1338
2021-02-19,,125,,67,,,25,52,,1543,,,,,46,,,,,,,157,11,,,,,51,747,,,1272
2021-02-20,,112,,74,,,27,35,,1029,,,,,36,,,,,,,124,8,,,,,40,537,,,1091
2021-02-21,,88,,46,,,17,34,,593,,,,,45,,,,,,,125,14,,,,,25,502,,,1157
2021-02-22,,115,,44,,,32,51,,1529,,,,,33,,,,,,,211,9,,,,,39,714,,,1119
2021-02-23,,155,,96,,,25,48,,1780,,,,,37,,,,,,,160,13,,,,,53,642,,,1120
2021-02-24,,150,,76,,,21,58,,1636,,,,,35,,,,,,,176,12,,,,,44,596,,,1023
2021-02-25,,142,,80,,,28,54,,1454,,,,,20,,,,,,,154,13,,,,,57,584,,,969
2021-02-26,,204,,54,,,27,75,,1634,,,,,24,,,,,,,190,10,,,,,39,655,,,864
2021-02-27,,156,,67,,,24,44,,1007,,,,,27,,,,,,,131,8,,,,,46,435,,,742
2021-02-28,,127,,47,,,33,57,,728,,,,,19,,,,,,,146,9,,,,,39,389,,,769
2021-03-01,,107,,63,,,21,83,,1393,,,,,14,,,,,,,230,14,,,,,41,531,,,823
2021-03-02,,176,,73,,,26,72,,1705,,,,,28,,,,,,,167,15,,,,,58,518,,,834
2021-03-03,,152,,83,,,40,75,,1622,,,,,29,,,,,,,148,16,,,,,53,510,,,713
2021-03-04,,171,,75,,,30,94,,1538,,,,,26,,,,,,,170,13,,,,,41,552,,,704
2021-03-05,,152,,85,,,25,88,,1397,,,,,34,,,,,,,171,17,,,,,47,560,,,599
2021-03-06,,141,,76,,,23,59,,1097,,,,,22,,,,,,,114,11,,,,,45,376,,,637
2021-03-07,,122,,63,,,34,61,,720,,,,,14,,,,,,,150,19,,,,,32,390,,,535
2021-03-08,,113,,72,,,24,80,,1584,,,,,20,,,,,,,218,26,,,,,37,597,,,576
2021-03-09,,202,,90,,,20,71,,1810,,,,,24,,,,,,,181,21,,,,,49,485,,,579
2021-03-10,,154,,90,,,37,69,,1574,,,,,31,,,,,,,181,19,,,,,38,487,,,567
2021-03-11,,139,,86,,,25,82,,1609,,,,,32,,,,,,,187,24,,,,,32,483,,,550
2021-03-12,,170,,75,,,27,93,,1448,,,,,16,,,,,,,183,32,,,,,34,536,,,480
2021-03-13,,195,,101,,,20,70,,1087,,,,,15,,,,,,,160,24,,,,,48,383,,,461
2021-03-14,,159,,92,,,26,73,,821,,,,,17,,,,,,,154,27,,,,,30,339,,,426
2021-03-15,,150,,56,,,18,73,,1676,,,,,25,,,,,,,214,31,,,,,34,493,,,503
2021-03-16,,208,,109,,,29,81,,2005,,,,,36,,,,,,,208,26,,,,,50,472,,,441
2021-03-17,,207,,112,,,30,74,,1745,,,,,19,,,,,,,190,32,,,,,48,529,,,446
2021-03-18,,208,,104,,,23,75,,1661,,,,,24,,,,,,,231,38,,,,,43,473,,,451
2021-03-19,,182,,101,,,27,85,,1699,,,,,43,,,,,,,217,37,,,,,62,433,,,380
2021-03-20,,243,,115,,,22,71,,1348,,,,,27,,,,,,,171,30,,,,,50,380,,,364
2021-03-21,,185,,112,,,17,67,,926,,,,,19,,,,,,,192,34,,,,,39,350,,,358
2021-03-22,,201,,92,,,25,86,,1902,,,,,14,,,,,,,276,30,,,,,43,570,,,361
2021-03-23,,282,,142,,,41,94,,2286,,,,,25,,,,,,,217,36,,,,,72,525,,,367
2021-03-24,,251,,117,,,27,71,,2130,,,,,18,,,,,,,236,23,,,,,54,499,,,348
2021-03-25,,242,,139,,,24,74,,1860,,,,,24,,,,,,,238,33,,,,,60,537,,,340
2021-03-26,,208,,149,,,34,86,,2048,,,,,25,,,,,,,275,30,,,,,41,614,,,298
2021-03-27,,296,,181,,,30,65,,1567,,,,,21,,,,,,,155,26,,,,,62,443,,,273
2021-03-28,,213,,116,,,30,67,,1017,,,,,18,,,,,,,187,30,,,,,38,387,,,272
2021-03-29,,199,,112,,,32,96,,2099,,,,,19,,,,,,,331,35,,,,,50,620,,,250
2021-03-30,,319,,179,,,41,60,,2579,,,,,29,,,,,,,241,37,,,,,66,609,,,256
2021-03-31,,309,,201,,,26,89,,2209,,,,,16,,,,,,,249,26,,,,,58,664,,,269
2021-04-01,,290,,182,,,36,71,,2035,,,,,18,,,,,,,258,23,,,,,59,548,,,233
2021-04-02,,296,,229,,,29,54,,2092,,,,,18,,,,,,,225,35,,,,,59,553,,,237
2021-04-03,,259,,199,,,36,65,,1730,,,,,10,,,,,,,163,26,,,,,71,558,,,223
2021-04-04,,171,,153,,,23,58,,1224,,,,,8,,,,,,,203,27,,,,,35,501,,,197
2021-04-05,,230,,182,,,25,76,,1219,,,,,10,,,,,,,221,27,,,,,52,792,,,237
2021-04-06,,235,,205,,,24,50,,2459,,,,,12,,,,,,,274,33,,,,,47,717,,,223
2021-04-07,,333,,219,,,44,53,,3131,,,,,13,,,,,,,238,30,,,,,71,700,,,233
2021-04-08,,250,,202,,,32,60,,2156,,,,,11,,,,,,,238,32,,,,,79,745,,,207
2021-04-09,,275,,223,,,32,58,,2120,,,,,17,,,,,,,288,36,,,,,76,750,,,205
2021-04-10,,255,,276,,,28,41,,1649,,,,,11,,,,,,,201,19,,,,,66,565,,,186
2021-04-11,,202,,208,,,21,37,,1305,,,,,7,,,,,,,194,23,,,,,60,531,,,203
2021-04-12,,225,,177,,,24,50,,2172,,,,,22,,,,,,,234,31,,,,,46,849,,,205
2021-04-13,,267,,246,,,25,47,,2501,,,,,11,,,,,,,218,30,,,,,63,765,,,181
2021-04-14,,217,,230,,,34,40,,2072,,,,,13,,,,,,,241,24,,,,,72,786,,,196
2021-04-15,,239,,250,,,26,39,,2062,,,,,22,,,,,,,232,28,,,,,64,738,,,161
2021-04-16,,249,,227,,,26,34,,2044,,,,,12,,,,,,,252,14,,,,,70,838,,,158
2021-04-17,,245,,267,,,24,44,,1471,,,,,7,,,,,,,202,22,,,,,66,609,,,158
2021-04-18,,201,,221,,,30,30,,1111,,,,,6,,,,,,,209,22,,,,,49,530,,,141
2021-04-19,,210,,207,,,30,43,,2066,,,,,7,,,,,,,328,20,,,,,42,863,,,177
2021-04-20,,303,,288,,,34,39,,2404,,,,,18,,,,,,,278,30,,,,,72,798,,,134
2021-04-21,,244,,254,,,22,40,,2095,,,,,19,,,,,,,273,17,,,,,48,748,,,172
2021-04-22,,231,,259,,,26,48,,1878,,,,,19,,,,,,,229,21,,,,,59,746,,,120
2021-04-23,,222,,255,,,34,30,,1932,,,,,17,,,,,,,252,21,,,,,79,717,,,155
2021-04-24,,228,,255,,,24,25,,1368,,,,,9,,,,,,,199,9,,,,,57,565,,,129
2021-04-25,,162,,199,,,20,20,,881,,,,,13,,,,,,,220,15,,,,,49,522,,,138
2021-04-26,,156,,182,,,14,43,,1944,,,,,19,,,,,,,327,21,,,,,40,847,,,134
2021-04-27,,231,,264,,,21,33,,2109,,,,,9,,,,,,,182,12,,,,,71,696,,,167
2021-04-28,,210,,253,,,34,33,,1708,,,,,17,,,,,,,329,10,,,,,26,655,,,112
2021-04-29,,206,,215,,,28,30,,1711,,,,,14,,,,,,,281,9,,,,,81,670,,,100
2021-04-30,,191,,221,,,30,26,,1433,,,,,8,,,,,,,251,6,,,,,42,669,,,110
2021-05-01,,195,,245,,,25,24,,1246,,,,,5,,,,,,,177,7,,,,,73,502,,,100
2021-05-02,,161,,158,,,23,29,,798,,,,,6,,,,,,,182,4,,,,,33,459,,,120
2021-05-03,,153,,140,,,26,29,,1495,,,,,5,,,,,,,275,13,,,,,28,551,,,123
2021-05-04,,191,,205,,,26,24,,1591,,,,,10,,,,,,,226,7,,,,,54,652,,,101
2021-05-05,,164,,194,,,19,33,,1459,,,,,18,,,,,,,194,14,,,,,45,552,,,118
2021-05-06,,145,,217,,,19,39,,1151,,,,,16,,,,,,,214,12,,,,,45,566,,,120
2021-05-07,,163,,177,,,27,18,,1140,,,,,15,,,,,,,231,6,,,,,42,562,,,104
2021-05-08,,164,,175,,,22,17,,844,,,,,9,,,,,,,150,4,,,,,36,371,,,109
2021-05-09,,159,,137,,,7,20,,527,,,,,11,,,,,,,162,15,,,,,31,377,,,103
2021-05-10,,134,,136,,,42,20,,1125,,,,,15,,,,,,,247,8,,,,,34,478,,,104
2021-05-11,,166,,166,,,39,23,,1239,,,,,20,,,,,,,190,15,,,,,30,462,,,108
2021-05-12,,148,,182,,,26,21,,965,,,,,12,,,,,,,172,13,,,,,45,471,,,119
2021-05-13,,144,,158,,,25,23,,618,,,,,11,,,,,,,146,10,,,,,36,432,,,103
2021-05-14,,102,,126,,,35,14,,733,,,,,,,,,,,,206,5,,,,,34,430,,,93
2021-05-15,,168,,136,,,39,19,,580,,,,,,,,,,,,139,6,,,,,42,298,,,90
2021-05-16,,105,,88,,,23,20,,416,,,,,,,,,,,,128,9,,,,,14,287,,,80
2021-05-17,,99,,64,,,27,38,,871,,,,,5,,,,,,,188,7,,,,,10,397,,,102
2021-05-18,,131,,112,,,24,19,,996,,,,,15,,,,,,,154,14,,,,,37,385,,,127
2021-05-19,,141,,128,,,22,11,,712,,,,,13,,,,,,,135,7,,,,,32,340,,,126
2021-05-20,,121,,93,,,25,20,,709,,,,,11,,,,,,,146,11,,,,,24,315,,,131
2021-05-21,,127,,91,,,19,19,,625,,,,,19,,,,,,,137,3,,,,,21,385,,,124
2021-05-22,,123,,82,,,29,17,,468,,,,,16,,,,,,,89,12,,,,,26,252,,,120
2021-05-23,,88,,64,,,16,7,,324,,,,,9,,,,,,,82,7,,,,,11,227,,,114
2021-05-24,,76,,64,,,22,16,,260,,,,,13,,,,,,,99,10,,,,,20,369,,,139
2021-05-25,,90,,94,,,23,14,,796,,,,,10,,,,,,,119,10,,,,,20,327,,,132
2021-05-26,,110,,74,,,20,9,,671,,,,,7,,,,,,,80,10,,,,,14,307,,,130
2021-05-27,,91,,61,,,25,12,,499,,,,,16,,,,,,,89,6,,,,,15,308,,,123
2021-05-28,,83,,61,,,25,8,,539,,,,,3,,,,,,,88,9,,,,,18,334,,,138
2021-05-29,,92,,63,,,31,6,,334,,,,,7,,,,,,,57,2,,,,,18,235,,,104
2021-05-30,,69,,42,,,22,13,,199,,,,,15,,,,,,,54,4,,,,,17,248,,,111
2021-05-31,,56,,23,,,25,7,,529,,,,,7,,,,,,,85,9,,,,,10,327,,,123
2021-06-01,,92,,51,,,26,8,,596,,,,,4,,,,,,,66,9,,,,,12,279,,,154
2021-06-02,,81,,52,,,23,7,,491,,,,,14,,,,,,,63,5,,,,,15,290,,,128
2021-06-03,,75,,44,,,14,8,,458,,,,,9,,,,,,,55,3,,,,,21,259,,,126
2021-06-04,,74,,32,,,26,6,,408,,,,,15,,,,,,,79,11,,,,,13,242,,,123
2021-06-05,,76,,49,,,18,3,,267,,,,,10,,,,,,,42,4,,,,,13,207,,,125
2021-06-06,,46,,17,,,16,8,,154,,,,,6,,,,,,,43,9,,,,,14,200,,,153
2021-06-07,,42,,35,,,19,4,,383,,,,,2,,,,,,,47,4,,,,,15,299,,,174
2021-06-08,,73,,37,,,16,6,,405,,,,,7,,,,,,,52,5,,,,,19,247,,,188
2021-06-09,,65,,30,,,12,2,,391,,,,,12,,,,,,,38,5,,,,,12,221,,,189
2021-06-10,,48,,33,,,23,4,,297,,,,,5,,,,,,,40,1,,,,,7,208,,,200
2021-06-11,,47,,32,,,13,7,,313,,,,,7,,,,,,,34,9,,,,,15,243,,,178
2021-06-12,,45,,21,,,12,7,,198,,,,,8,,,,,,,22,1,,,,,10,162,,,177
2021-06-13,,25,,17,,,11,7,,111,,,,,9,,,,,,,23,4,,,,,6,177,,,223
2021-06-14,,40,,17,,,15,10,,325,,,,,10,,,,,,,42,5,,,,,3,208,,,228
2021-06-15,,45,,24,,,16,6,,300,,,,,3,,,,,,,23,3,,,,,11,211,,,229
2021-06-16,,27,,26,,,9,5,,198,,,,,9,,,,,,,26,3,,,,,8,204,,,228
2021-06-17,,33,,31,,,8,3,,225,,,,,3,,,,,,,27,2,,,,,6,154,,,241
2021-06-18,,29,,18,,,7,6,,171,,,,,8,,,,,,,29,4,,,,,7,171,,,236
2021-06-19,,33,,25,,,7,3,,102,,,,,7,,,,,,,13,3,,,,,8,123,,,211
2021-06-20,,28,,18,,,8,5,,51,,,,,9,,,,,,,17,2,,,,,7,140,,,206
2021-06-21,,27,,14,,,12,5,,216,,,,,4,,,,,,,15,3,,,,,7,171,,,228
2021-06-22,,24,,13,,,7,6,,181,,,,,7,,,,,,,16,4,,,,,4,168,,,237
2021-06-23,,29,,11,,,6,3,,167,,,,,6,,,,,,,16,6,,,,,2,160,,,275
2021-06-24,,30,,18,,,7,2,,140,,,,,6,,,,,,,10,2,,,,,2,153,,,253
2021-06-25,,15,,13,,,6,4,,148,,,,,8,,,,,,,16,3,,,,,5,188,,,251
2021-06-26,,24,,20,,,10,3,,81,,,,,8,,,,,,,11,2,,,,,5,146,,,266
2021-06-27,,12,,5,,,6,0,,42,,,,,4,,,,,,,8,0,,,,,2,172,,,265
2021-06-28,,15,,11,,,7,0,,176,,,,,6,,,,,,,7,2,,,,,5,179,,,309
2021-06-29,,18,,16,,,4,3,,134,,,,,6,,,,,,,10,2,,,,,4,194,,,366
2021-06-30,,14,,13,,,3,3,,158,,,,,7,,,,,,,4,2,,,,,2,199,,,414
2021-07-01,,7,,12,,,4,1,,109,,,,,12,,,,,,,10,3,,,,,4,229,,,369
2021-07-02,,22,,10,,,8,2,,118,,,,,9,,,,,,,7,2,,,,,2,217,,,389
2021-07-03,,17,,11,,,8,4,,79,,,,,6,,,,,,,4,0,,,,,6,243,,,390
2021-07-04,,16,,12,,,2,2,,41,,,,,10,,,,,,,11,6,,,,,2,225,,,462
2021-07-05,,11,,11,,,5,6,,137,,,,,5,,,,,,,10,3,,,,,1,306,,,517
2021-07-06,,24,,16,,,10,3,,149,,,,,8,,,,,,,4,3,,,,,4,315,,,572
2021-07-07,,28,,17,,,5,4,,140,,,,,13,,,,,,,11,3,,,,,4,346,,,568
2021-07-08,,7,,11,,,7,2,,100,,,,,13,,,,,,,17,4,,,,,3,413,,,603
2021-07-09,,20,,9,,,4,0,,147,,,,,5,,,,,,,13,5,,,,,2,392,,,555
2021-07-10,,16,,13,,,4,4,,101,,,,,7,,,,,,,16,0,,,,,3,377,,,550
2021-07-11,,12,,3,,,3,2,,23,,,,,9,,,,,,,17,0,,,,,1,395,,,591
2021-07-12,,15,,6,,,10,2,,267,,,,,7,,,,,,,21,2,,,,,0,566,,,728
2021-07-13,,28,,12,,,15,3,,246,,,,,8,,,,,,,24,2,,,,,1,554,,,751
2021-07-14,,22,,17,,,12,2,,115,,,,,21,,,,,,,33,1,,,,,1,622,,,755
2021-07-15,,29,,13,,,11,4,,213,,,,,23,,,,,,,41,0,,,,,0,640,,,772
2021-07-16,,27,,13,,,8,0,,220,,,,,16,,,,,,,49,2,,,,,2,705,,,700
2021-07-17,,28,,12,,,11,2,,114,,,,,18,,,,,,,43,5,,,,,2,661,,,709
2021-07-18,,20,,15,,,7,1,,54,,,,,19,,,,,,,56,6,,,,,2,702,,,799
2021-07-19,,27,,10,,,7,0,,360,,,,,15,,,,,,,86,1,,,,,1,933,,,876
2021-07-20,,30,,15,,,12,3,,327,,,,,17,,,,,,,75,1,,,,,1,919,,,936
2021-07-21,,28,,11,,,14,5,,281,,,,,17,,,,,,,74,3,,,,,2,901,,,928
2021-07-22,,28,,14,,,11,3,,292,,,,,26,,,,,,,66,4,,,,,4,944,,,954
2021-07-23,,27,,15,,,11,5,,330,,,,,25,,,,,,,93,3,,,,,2,1051,,,864
2021-07-24,,34,,10,,,11,4,,182,,,,,18,,,,,,,67,5,,,,,4,827,,,827
2021-07-25,,27,,18,,,10,8,,92,,,,,23,,,,,,,75,2,,,,,1,811,,,941
2021-07-26,,25,,12,,,12,6,,607,,,,,30,,,,,,,95,4,,,,,0,1099,,,939
2021-07-27,,39,,21,,,15,3,,557,,,,,29,,,,,,,80,3,,,,,4,1020,,,916
2021-07-28,,43,,19,,,17,6,,490,,,,,30,,,,,,,82,5,,,,,1,955,,,851
2021-07-29,,37,,18,,,8,4,,501,,,,,32,,,,,,,80,0,,,,,2,967,,,837
2021-07-30,,27,,25,,,10,8,,640,,,,,25,,,,,,,81,6,,,,,3,990,,,747
2021-07-31,,42,,23,,,13,8,,467,,,,,20,,,,,,,64,0,,,,,3,802,,,675
2021-08-01,,38,,8,,,13,6,,312,,,,,20,,,,,,,59,2,,,,,1,679,,,740
2021-08-02,,41,,14,,,6,5,,688,,,,,22,,,,,,,76,6,,,,,3,865,,,785
2021-08-03,,44,,20,,,14,5,,818,,,,,14,,,,,,,53,5,,,,,1,996,,,764
2021-08-04,,40,,22,,,9,7,,772,,,,,35,,,,,,,64,5,,,,,3,897,,,835
2021-08-05,,38,,15,,,12,8,,712,,,,,20,,,,,,,64,4,,,,,4,898,,,812
2021-08-06,,43,,15,,,20,9,,862,,,,,23,,,,,,,59,5,,,,,3,865,,,779
2021-08-07,,52,,30,,,12,4,,482,,,,,32,,,,,,,47,1,,,,,4,681,,,727
2021-08-08,,45,,30,,,20,8,,498,,,,,26,,,,,,,48,8,,,,,2,654,,,744
2021-08-09,,51,,26,,,13,11,,833,,,,,26,,,,,,,58,10,,,,,1,846,,,755
2021-08-10,,64,,26,,,14,9,,944,,,,,34,,,,,,,59,0,,,,,8,824,,,891
2021-08-11,,45,,26,,,30,8,,773,,,,,34,,,,,,,56,1,,,,,4,771,,,848
2021-08-12,,58,,22,,,24,8,,894,,,,,41,,,,,,,68,6,,,,,10,724,,,860
2021-08-13,,66,,27,,,17,14,,836,,,,,30,,,,,,,80,5,,,,,6,647,,,787
2021-08-14,,53,,28,,,16,14,,606,,,,,33,,,,,,,50,5,,,,,5,564,,,788
2021-08-15,,47,,20,,,24,9,,399,,,,,35,,,,,,,60,8,,,,,5,516,,,808
2021-08-16,,49,,28,,,29,10,,950,,,,,24,,,,,,,76,7,,,,,3,666,,,870
2021-08-17,,84,,39,,,18,12,,1075,,,,,31,,,,,,,56,4,,,,,5,598,,,966
2021-08-18,,66,,43,,,28,11,,1036,,,,,37,,,,,,,56,8,,,,,13,616,,,909
2021-08-19,,60,,32,,,28,10,,976,,,,,31,,,,,,,67,6,,,,,8,528,,,945
2021-08-20,,49,,31,,,29,14,,887,,,,,37,,,,,,,47,8,,,,,5,556,,,869
2021-08-21,,59,,37,,,27,4,,805,,,,,52,,,,,,,41,8,,,,,18,478,,,871
2021-08-22,,45,,31,,,30,9,,542,,,,,64,,,,,,,59,7,,,,,6,414,,,832
2021-08-23,,59,,45,,,28,13,,943,,,,,26,,,,,,,62,10,,,,,10,549,,,967
2021-08-24,,74,,56,,,24,14,,1145,,,,,42,,,,,,,54,8,,,,,20,481,,,998
2021-08-25,,57,,64,,,28,13,,883,,,,,56,,,,,,,53,12,,,,,16,503,,,1031
2021-08-26,,57,,41,,,22,17,,741,,,,,57,,,,,,,63,6,,,,,29,451,,,952
2021-08-27,,58,,47,,,24,17,,908,,,,,47,,,,,,,75,12,,,,,24,461,,,940
2021-08-28,,69,,47,,,30,19,,465,,,,,45,,,,,,,52,7,,,,,22,328,,,862
2021-08-29,,47,,38,,,22,8,,311,,,,,41,,,,,,,40,14,,,,,16,323,,,852
2021-08-30,,58,,52,,,24,25,,725,,,,,40,,,,,,,66,16,,,,,18,406,,,998
2021-08-31,,83,,53,,,27,19,,941,,,,,38,,,,,,,57,17,,,,,22,386,,,997
2021-09-01,,66,,58,,,35,19,,742,,,,,52,,,,,,,66,4,,,,,26,379,,,1077
2021-09-02,,74,,69,,,24,8,,648,,,,,45,,,,,,,53,11,,,,,24,360,,,1001
2021-09-03,,66,,47,,,33,19,,624,,,,,43,,,,,,,69,7,,,,,33,290,,,927
2021-09-04,,80,,72,,,20,12,,424,,,,,40,,,,,,,53,5,,,,,32,252,,,951
2021-09-05,,56,,53,,,19,14,,227,,,,,34,,,,,,,33,8,,,,,29,246,,,878
2021-09-06,,66,,62,,,17,13,,661,,,,,47,,,,,,,56,13,,,,,17,307,,,1077
2021-09-07,,82,,76,,,28,17,,761,,,,,49,,,,,,,54,12,,,,,33,321,,,1102
2021-09-08,,64,,68,,,28,15,,595,,,,,25,,,,,,,67,16,,,,,39,241,,,1161
2021-09-09,,64,,65,,,24,38,,554,,,,,41,,,,,,,50,20,,,,,47,213,,,1033
2021-09-10,,61,,55,,,21,19,,505,,,,,45,,,,,,,41,10,,,,,35,221,,,921
2021-09-11,,47,,69,,,18,15,,322,,,,,32,,,,,,,44,11,,,,,26,159,,,850
2021-09-12,,42,,44,,,12,12,,187,,,,,32,,,,,,,45,18,,,,,27,159,,,864
2021-09-13,,58,,45,,,10,10,,446,,,,,25,,,,,,,52,8,,,,,29,220,,,938
2021-09-14,,77,,87,,,17,23,,577,,,,,32,,,,,,,46,12,,,,,45,180,,,946
2021-09-15,,62,,62,,,17,19,,452,,,,,35,,,,,,,47,10,,,,,46,204,,,948
2021-09-16,,77,,79,,,8,23,,382,,,,,37,,,,,,,43,13,,,,,33,186,,,890
2021-09-17,,56,,93,,,16,19,,371,,,,,40,,,,,,,44,11,,,,,41,163,,,752
2021-09-18,,57,,79,,,12,14,,243,,,,,33,,,,,,,38,16,,,,,35,105,,,758
2021-09-19,,43,,70,,,9,21,,113,,,,,38,,,,,,,29,7,,,,,32,116,,,730
2021-09-20,,46,,52,,,14,23,,373,,,,,37,,,,,,,36,10,,,,,29,157,,,810
2021-09-21,,60,,92,,,15,20,,503,,,,,35,,,,,,,26,13,,,,,55,145,,,802
2021-09-22,,61,,93,,,8,19,,361,,,,,34,,,,,,,28,6,,,,,47,127,,,751
2021-09-23,,65,,66,,,12,16,,301,,,,,53,,,,,,,39,4,,,,,46,127,,,773
2021-09-24,,32,,64,,,9,25,,296,,,,,43,,,,,,,38,14,,,,,43,133,,,725
2021-09-25,,52,,76,,,12,21,,196,,,,,33,,,,,,,33,4,,,,,22,95,,,672
2021-09-26,,39,,64,,,11,18,,89,,,,,30,,,,,,,27,10,,,,,36,88,,,668
2021-09-27,,55,,61,,,23,31,,343,,,,,28,,,,,,,43,14,,,,,46,104,,,779
2021-09-28,,72,,105,,,11,32,,304,,,,,41,,,,,,,41,12,,,,,47,107,,,774
2021-09-29,,66,,92,,,10,23,,254,,,,,42,,,,,,,30,6,,,,,41,110,,,803
2021-09-30,,64,,76,,,15,32,,238,,,,,31,,,,,,,41,7,,,,,49,92,,,698
2021-10-01,,62,,78,,,9,26,,214,,,,,46,,,,,,,46,6,,,,,42,115,,,690
2021-10-02,,63,,72,,,16,33,,141,,,,,36,,,,,,,32,7,,,,,51,84,,,693
2021-10-03,,44,,77,,,8,23,,76,,,,,33,,,,,,,31,8,,,,,29,66,,,716
2021-10-04,,42,,56,,,9,28,,283,,,,,39,,,,,,,60,8,,,,,24,104,,,806
2021-10-05,,75,,113,,,14,26,,290,,,,,47,,,,,,,43,13,,,,,40,78,,,835
2021-10-06,,62,,106,,,19,35,,202,,,,,37,,,,,,,44,12,,,,,32,89,,,778
2021-10-07,,54,,90,,,16,36,,194,,,,,49,,,,,,,37,8,,,,,52,93,,,811
2021-10-08,,64,,81,,,11,32,,218,,,,,48,,,,,,,53,7,,,,,35,86,,,783
2021-10-09,,53,,111,,,10,29,,128,,,,,56,,,,,,,37,4,,,,,53,81,,,759
2021-10-10,,41,,63,,,11,31,,91,,,,,40,,,,,,,40,4,,,,,30,83,,,725
2021-10-11,,50,,58,,,15,55,,226,,,,,34,,,,,,,64,13,,,,,23,114,,,839
2021-10-12,,70,,118,,,12,57,,254,,,,,54,,,,,,,57,7,,,,,47,75,,,931
2021-10-13,,70,,107,,,12,53,,219,,,,,63,,,,,,,59,10,,,,,39,132,,,916
2021-10-14,,78,,99,,,17,48,,206,,,,,58,,,,,,,68,10,,,,,36,105,,,902
2021-10-15,,61,,92,,,24,43,,215,,,,,47,,,,,,,65,6,,,,,43,118,,,936
2021-10-16,,97,,103,,,25,30,,109,,,,,53,,,,,,,48,10,,,,,47,87,,,877
2021-10-17,,59,,78,,,19,46,,71,,,,,76,,,,,,,57,6,,,,,23,95,,,965
2021-10-18,,82,,72,,,18,57,,277,,,,,42,,,,,,,92,13,,,,,26,118,,,1073
2021-10-19,,107,,125,,,22,55,,286,,,,,73,,,,,,,80,19,,,,,44,94,,,1100
2021-10-20,,130,,98,,,25,71,,263,,,,,54,,,,,,,99,11,,,,,58,100,,,1093
2021-10-21,,116,,125,,,29,54,,273,,,,,40,,,,,,,93,12,,,,,47,97,,,968
2021-10-22,,126,,131,,,34,61,,203,,,,,51,,,,,,,79,10,,,,,65,92,,,925
2021-10-23,,111,,148,,,33,52,,184,,,,,55,,,,,,,75,6,,,,,73,63,,,895
2021-10-24,,92,,112,,,27,67,,63,,,,,41,,,,,,,67,8,,,,,43,67,,,962
2021-10-25,,119,,,,,33,63,,269,,,,,40,,,,,,,100,14,,,,,50,91,,,1038
2021-10-26,,157,,,,,35,67,,316,,,,,44,,,,,,,89,11,,,,,72,81,,,
2021-10-27,,154,,,,,37,77,,283,,,,,64,,,,,,,110,7,,,,,84,43,,,
2021-10-28,,144,,,,,44,62,,271,,,,,71,,,,,,,94,0,,,,,87,0,,,
2021-10-29,,171,,,,,44,60,,283,,,,,64,,,,,,,58,,,,,,77,,,,
2021-10-30,,,,,,,38,,,176,,,,,63,,,,,,,24,,,,,,83,,,,
2021-10-31,,,,,,,,,,,,,,,,,,,,,,0,,,,,,,,,,
