date,AT-xt,BE-xt,BG-xt,HR-xt,CY-xt,CZ-xt,DK-xt,EE-xt,FI-xt,FR-xt,DE-xt,GR-xt,HU-xt,IS-xt,IE-xt,IT-xt,LV-xt,LI-xt,LT-xt,LU-xt,MT-xt,NL-xt,NO-xt,PL-xt,PT-xt,RO-xt,SK-xt,SI-xt,ES-xt,SE-xt,CH-xt,GB-xt
2020-03-01,,,,,,,,,,,,,,,,,,,,,,,,,,,,,,,,
2020-03-02,,,,,,,,,,,,,,,,,,,,,,,,,,,,,,,,
2020-03-03,,,,,,,,,,,,,,,,,,,,,,,,,,,,,,,,
2020-03-04,,,,,,,,,,,,,,,,,,,,,,,,,,,,,,,,
2020-03-05,,,,,,,,,,,,,,,,,,,,,,,,,,,,,,,,
2020-03-06,,,,,,,,,,,,,,,,,,,,,,,,,,,,,,,,
2020-03-07,,,,,,,,,,,,,,,,,,,,,,,,,,,,,,,,
2020-03-08,,,,,,,,,,,,,,,,,,,,,,,,,,,,,,,,
2020-03-09,,,,,,,,,,,,,,,,,,,,,,,,,,,,,,,,
2020-03-10,,,,,,,,,,,,,,,,,,,,,,,,,,,,,,,,
2020-03-11,,,,,,,,,,,,,,,,,,,,,,,,,,,,,,,,
2020-03-12,,,,,,,,,,,,,,,,,,,,,,,,,,,,,,,,
2020-03-13,,,,,,,,,,,,,,,,,,,,,,,,,,,,,,,,
2020-03-14,,,,,,,,,,,,,,,,,,,,,,,,,,,,,,,,
2020-03-15,,,,,,,,,,,,,,,,,,,,,,,,,,,,,,,,
2020-03-16,,,,,,,,,,,,,,,,,,,,,,,,,,,,,,,,
2020-03-17,,,,,,,,,,,,,,,,,,,,,,,,,,,,,,,,
2020-03-18,,,,,,,,,,,,,,,,,,,,,,,,,,,,,,,,
2020-03-19,,,,,,,,,,,,,,,,,,,,,,,,,,,,,,,,
2020-03-20,,,,,,,,,,,,,,,,,,,,,,,,,,,,,,,,
2020-03-21,,,,,,,,,,,,,,,,,,,,,,,,,,,,,,,,
2020-03-22,,,,,,,,,,,,,,,,,,,,,,,,,,,,,,,,
2020-03-23,,,,,,,,,,,,,,,,,,,,,,,,,,,,,,,,
2020-03-24,,,,,,,,,,,,,,,,,,,,,,,,,,,,,,,,
2020-03-25,,,,,,,,,,,,,,,,,,,,,,,,,,,,,,,,
2020-03-26,,,,,,,,,,,,,,,,,,,,,,,,,,,,,,,,
2020-03-27,,,,,,,,,,,,,,,,,,,,,,,,,,,,,,,,
2020-03-28,,,,,,,,,,,,,,,,,,,,,,,,,,,,,,,,
2020-03-29,,,,,,,,,,,,,,,,,,,,,,,,,,,,,,,,
2020-03-30,,,,,,,,,,,,,,,,,,,,,,,,,,,,,,,,
2020-03-31,,,,,,,,,,,,,,,,,,,,,,,,,,,,,,,,
2020-04-01,,,,,,,,,,,,,,,,,,,,,,,,,,,,,,,,
2020-04-02,,,,,,,,,,,,,,,,,,,,,,,,,,,,,,,,
2020-04-03,,,,,,,,,,,,,,,,,,,,,,,,,,,,,,,,
2020-04-04,,,,,,,,,,,,,,,,,,,,,,,,,,,,,,,,
2020-04-05,,,,,,,,,,,,,,,,,,,,,,,,,,,,,,,,
2020-04-06,,,,,,,,,,,,,,,,,,,,,,,,,,,,,,,,
2020-04-07,,,,,,,,,,,,,,,,,,,,,,,,,,,,,,,,
2020-04-08,,,,,,,,,,,,,,,,,,,,,,,,,,,,,,,,
2020-04-09,,,,,,,,,,,,,,,,,,,,,,,,,,,,,,,,
2020-04-10,,,,,,,,,,,,,,,,,,,,,,,,,,,,,,,,
2020-04-11,,,,,,,,,,,,,,,,,,,,,,,,,,,,,,,,
2020-04-12,,,,,,,,,,,,,,,,,,,,,,,,,,,,,,,,
2020-04-13,,,,,,,,,,,,,,,,,,,,,,,,,,,,,,,,
2020-04-14,,,,,,,,,,,,,,,,,,,,,,,,,,,,,,,,
2020-04-15,,,,,,,,,,,,,,,,,,,,,,,,,,,,,,,,
2020-04-16,,,,,,,,,,,,,,,,,,,,,,,,,,,,,,,,
2020-04-17,,,,,,,,,,,,,,,,,,,,,,,,,,,,,,,,
2020-04-18,,,,,,,,,,,,,,,,,,,,,,,,,,,,,,,,
2020-04-19,,,,,,,,,,,,,,,,,,,,,,,,,,,,,,,,
2020-04-20,,,,,,,,,,,,,,,,,,,,,,,,,,,,,,,,
2020-04-21,,,,,,,,,,,,,,,,,,,,,,,,,,,,,,,,
2020-04-22,,,,,,,,,,,,,,,,,,,,,,,,,,,,,,,,
2020-04-23,,,,,,,,,,,,,,,,,,,,,,,,,,,,,,,,
2020-04-24,,,,,,,,,,,,,,,,,,,,,,,,,,,,,,,,
2020-04-25,,,,,,,,,,,,,,,,,,,,,,,,,,,,,,,,
2020-04-26,,,,,,,,,,,,,,,,,,,,,,,,,,,,,,,,
2020-04-27,,,,,,,,,,,,,,,,,,,,,,,,,,,,,,,,
2020-04-28,,,,,,,,,,,,,,,,,,,,,,,,,,,,,,,,
2020-04-29,,,,,,,,,,,,,,,,,,,,,,,,,,,,,,,,
2020-04-30,,,,,,,,,,,,,,,,,,,,,,,,,,,,,,,,
2020-05-01,,,,,,,,,,,,,,,,,,,,,,,,,,,,,,,,
2020-05-02,,,,,,,,,,,,,,,,,,,,,,,,,,,,,,,,
2020-05-03,,,,,,,,,,,,,,,,,,,,,,,,,,,,,,,,
2020-05-04,,,,,,,,,,,,,,,,,,,,,,,,,,,,,,,,
2020-05-05,,,,,,,,,,,,,,,,,,,,,,,,,,,,,,,,
2020-05-06,,,,,,,,,,,,,,,,,,,,,,,,,,,,,,,,
2020-05-07,,,,,,,,,,,,,,,,,,,,,,,,,,,,,,,,
2020-05-08,,,,,,,,,,,,,,,,,,,,,,,,,,,,,,,,
2020-05-09,,,,,,,,,,,,,,,,,,,,,,,,,,,,,,,,
2020-05-10,,,,,,,,,,,,,,,,,,,,,,,,,,,,,,,,
2020-05-11,,,,,,,,,,,,,,,,,,,,,,,,,,,,,,,,
2020-05-12,,,,,,,,,,,,,,,,,,,,,,,,,,,,,,,,
2020-05-13,,,,,,,,,,,,,,,,,,,,,,,,,,,,,,,,
2020-05-14,,,,,,,,,,,,,,,,,,,,,,,,,,,,,,,,
2020-05-15,,,,,,,,,,,,,,,,,,,,,,,,,,,,,,,,
2020-05-16,,,,,,,,,,,,,,,,,,,,,,,,,,,,,,,,
2020-05-17,,,,,,,,,,,,,,,,,,,,,,,,,,,,,,,,
2020-05-18,,,,,,,,,,,,,,,,,,,,,,,,,,,,,,,,
2020-05-19,,,,,,,,,,,,,,,,,,,,,,,,,,,,,,,,
2020-05-20,,,,,,,,,,,,,,,,,,,,,,,,,,,,,,,,
2020-05-21,,,,,,,,,,,,,,,,,,,,,,,,,,,,,,,,
2020-05-22,,,,,,,,,,,,,,,,,,,,,,,,,,,,,,,,
2020-05-23,,,,,,,,,,,,,,,,,,,,,,,,,,,,,,,,
2020-05-24,,,,,,,,,,,,,,,,,,,,,,,,,,,,,,,,
2020-05-25,,,,,,,,,,,,,,,,,,,,,,,,,,,,,,,,
2020-05-26,,,,,,,,,,,,,,,,,,,,,,,,,,,,,,,,
2020-05-27,,,,,,,,,,,,,,,,,,,,,,,,,,,,,,,,
2020-05-28,,,,,,,,,,,,,,,,,,,,,,,,,,,,,,,,
2020-05-29,,,,,,,,,,,,,,,,,,,,,,,,,,,,,,,,
2020-05-30,,,,,,,,,,,,,,,,,,,,,,,,,,,,,,,,
2020-05-31,,,,,,,,,,,,,,,,,,,,,,,,,,,,,,,,
2020-06-01,,,,,,,,,,,,,,,,,,,,,,,,,,,,,,,,
2020-06-02,,,,,,,,,,,,,,,,,,,,,,,,,,,,,,,,
2020-06-03,,,,,,,,,,,,,,,,,,,,,,,,,,,,,,,,
2020-06-04,,,,,,,,,,,,,,,,,,,,,,,,,,,,,,,,
2020-06-05,,,,,,,,,,,,,,,,,,,,,,,,,,,,,,,,
2020-06-06,,,,,,,,,,,,,,,,,,,,,,,,,,,,,,,,
2020-06-07,,,,,,,,,,,,,,,,,,,,,,,,,,,,,,,,
2020-06-08,,,,,,,,,,,,,,,,,,,,,,,,,,,,,,,,
2020-06-09,,,,,,,,,,,,,,,,,,,,,,,,,,,,,,,,
2020-06-10,,,,,,,,,,,,,,,,,,,,,,,,,,,,,,,,
2020-06-11,,,,,,,,,,,,,,,,,,,,,,,,,,,,,,,,
2020-06-12,,,,,,,,,,,,,,,,,,,,,,,,,,,,,,,,
2020-06-13,,,,,,,,,,,,,,,,,,,,,,,,,,,,,,,,
2020-06-14,,,,,,,,,,,,,,,,,,,,,,,,,,,,,,,,
2020-06-15,,,,,,,,,,,,,,,,,,,,,,,,,,,,,,,,
2020-06-16,,,,,,,,,,,,,,,,,,,,,,,,,,,,,,,,
2020-06-17,,,,,,,,,,,,,,,,,,,,,,,,,,,,,,,,
2020-06-18,,,,,,,,,,,,,,,,,,,,,,,,,,,,,,,,
2020-06-19,,,,,,,,,,,,,,,,,,,,,,,,,,,,,,,,
2020-06-20,,,,,,,,,,,,,,,,,,,,,,,,,,,,,,,,
2020-06-21,,,,,,,,,,,,,,,,,,,,,,,,,,,,,,,,
2020-06-22,,,,,,,,,,,,,,,,,,,,,,,,,,,,,,,,
2020-06-23,,,,,,,,,,,,,,,,,,,,,,,,,,,,,,,,
2020-06-24,,,,,,,,,,,,,,,,,,,,,,,,,,,,,,,,
2020-06-25,,,,,,,,,,,,,,,,,,,,,,,,,,,,,,,,
2020-06-26,,,,,,,,,,,,,,,,,,,,,,,,,,,,,,,,
2020-06-27,,,,,,,,,,,,,,,,,,,,,,,,,,,,,,,,
2020-06-28,,,,,,,,,,,,,,,,,,,,,,,,,,,,,,,,
2020-06-29,,,,,,,,,,,,,,,,,,,,,,,,,,,,,,,,
2020-06-30,,,,,,,,,,,,,,,,,,,,,,,,,,,,,,,,
2020-07-01,,,,,,,,,,,,,,,,,,,,,,,,,,,,,,,,
2020-07-02,,,,,,,,,,,,,,,,,,,,,,,,,,,,,,,,
2020-07-03,,,,,,,,,,,,,,,,,,,,,,,,,,,,,,,,
2020-07-04,,,,,,,,,,,,,,,,,,,,,,,,,,,,,,,,
2020-07-05,,,,,,,,,,,,,,,,,,,,,,,,,,,,,,,,
2020-07-06,,,,,,,,,,,,,,,,,,,,,,,,,,,,,,,,
2020-07-07,,,,,,,,,,,,,,,,,,,,,,,,,,,,,,,,
2020-07-08,,,,,,,,,,,,,,,,,,,,,,,,,,,,,,,,
2020-07-09,,,,,,,,,,,,,,,,,,,,,,,,,,,,,,,,
2020-07-10,,,,,,,,,,,,,,,,,,,,,,,,,,,,,,,,
2020-07-11,,,,,,,,,,,,,,,,,,,,,,,,,,,,,,,,
2020-07-12,,,,,,,,,,,,,,,,,,,,,,,,,,,,,,,,
2020-07-13,,,,,,,,,,,,,,,,,,,,,,,,,,,,,,,,
2020-07-14,,,,,,,,,,,,,,,,,,,,,,,,,,,,,,,,
2020-07-15,,,,,,,,,,,,,,,,,,,,,,,,,,,,,,,,
2020-07-16,,,,,,,,,,,,,,,,,,,,,,,,,,,,,,,,
2020-07-17,,,,,,,,,,,,,,,,,,,,,,,,,,,,,,,,
2020-07-18,,,,,,,,,,,,,,,,,,,,,,,,,,,,,,,,
2020-07-19,,,,,,,,,,,,,,,,,,,,,,,,,,,,,,,,
2020-07-20,,,,,,,,,,,,,,,,,,,,,,,,,,,,,,,,
2020-07-21,,,,,,,,,,,,,,,,,,,,,,,,,,,,,,,,
2020-07-22,,,,,,,,,,,,,,,,,,,,,,,,,,,,,,,,
2020-07-23,,,,,,,,,,,,,,,,,,,,,,,,,,,,,,,,
2020-07-24,,,,,,,,,,,,,,,,,,,,,,,,,,,,,,,,
2020-07-25,,,,,,,,,,,,,,,,,,,,,,,,,,,,,,,,
2020-07-26,,,,,,,,,,,,,,,,,,,,,,,,,,,,,,,,
2020-07-27,,,,,,,,,,,,,,,,,,,,,,,,,,,,,,,,
2020-07-28,,,,,,,,,,,,,,,,,,,,,,,,,,,,,,,,
2020-07-29,,,,,,,,,,,,,,,,,,,,,,,,,,,,,,,,
2020-07-30,,,,,,,,,,,,,,,,,,,,,,,,,,,,,,,,
2020-07-31,,,,,,,,,,,,,,,,,,,,,,,,,,,,,,,,
2020-08-01,,,,,,,,,,,,,,,,,,,,,,,,,,,,,,,,
2020-08-02,,,,,,,,,,,,,,,,,,,,,,,,,,,,,,,,
2020-08-03,,,,,,,,,,,,,,,,,,,,,,,,,,,,,,,,
2020-08-04,,,,,,,,,,,,,,,,,,,,,,,,,,,,,,,,
2020-08-05,,,,,,,,,,,,,,,,,,,,,,,,,,,,,,,,
2020-08-06,,,,,,,,,,,,,,,,,,,,,,,,,,,,,,,,
2020-08-07,,,,,,,,,,,,,,,,,,,,,,,,,,,,,,,,
2020-08-08,,,,,,,,,,,,,,,,,,,,,,,,,,,,,,,,
2020-08-09,,,,,,,,,,,,,,,,,,,,,,,,,,,,,,,,
2020-08-10,,,,,,,,,,,,,,,,,,,,,,,,,,,,,,,,
2020-08-11,,,,,,,,,,,,,,,,,,,,,,,,,,,,,,,,
2020-08-12,,,,,,,,,,,,,,,,,,,,,,,,,,,,,,,,
2020-08-13,,,,,,,,,,,,,,,,,,,,,,,,,,,,,,,,
2020-08-14,,,,,,,,,,,,,,,,,,,,,,,,,,,,,,,,
2020-08-15,,,,,,,,,,,,,,,,,,,,,,,,,,,,,,,,
2020-08-16,,,,,,,,,,,,,,,,,,,,,,,,,,,,,,,,
2020-08-17,,,,,,,,,,,,,,,,,,,,,,,,,,,,,,,,
2020-08-18,,,,,,,,,,,,,,,,,,,,,,,,,,,,,,,,
2020-08-19,,,,,,,,,,,,,,,,,,,,,,,,,,,,,,,,
2020-08-20,,,,,,,,,,,,,,,,,,,,,,,,,,,,,,,,
2020-08-21,,,,,,,,,,,,,,,,,,,,,,,,,,,,,,,,
2020-08-22,,,,,,,,,,,,,,,,,,,,,,,,,,,,,,,,
2020-08-23,,,,,,,,,,,,,,,,,,,,,,,,,,,,,,,,
2020-08-24,,,,,,,,,,,,,,,,,,,,,,,,,,,,,,,,
2020-08-25,,,,,,,,,,,,,,,,,,,,,,,,,,,,,,,,
2020-08-26,,,,,,,,,,,,,,,,,,,,,,,,,,,,,,,,
2020-08-27,,,,,,,,,,,,,,,,,,,,,,,,,,,,,,,,
2020-08-28,,,,,,,,,,,,,,,,,,,,,,,,,,,,,,,,
2020-08-29,,,,,,,,,,,,,,,,,,,,,,,,,,,,,,,,
2020-08-30,,,,,,,,,,,,,,,,,,,,,,,,,,,,,,,,
2020-08-31,,,,,,,,,,,,,,,,,,,,,,,,,,,,,,,,
2020-09-01,,,,,,,,,,,,,,,,,,,,,,,,,,,,,,,,
2020-09-02,,,,,,,,,,,,,,,,,,,,,,,,,,,,,,,,
2020-09-03,,,,,,,,,,,,,,,,,,,,,,,,,,,,,,,,
2020-09-04,,,,,,,,,,,,,,,,,,,,,,,,,,,,,,,,
2020-09-05,,,,,,,,,,,,,,,,,,,,,,,,,,,,,,,,
2020-09-06,,,,,,,,,,,,,,,,,,,,,,,,,,,,,,,,
2020-09-07,,,,,,,,,,,,,,,,,,,,,,,,,,,,,,,,
2020-09-08,,,,,,,,,,,,,,,,,,,,,,,,,,,,,,,,
2020-09-09,,,,,,,,,,,,,,,,,,,,,,,,,,,,,,,,
2020-09-10,,,,,,,,,,,,,,,,,,,,,,,,,,,,,,,,
2020-09-11,,,,,,,,,,,,,,,,,,,,,,,,,,,,,,,,
2020-09-12,,,,,,,,,,,,,,,,,,,,,,,,,,,,,,,,
2020-09-13,,,,,,,,,,,,,,,,,,,,,,,,,,,,,,,,
2020-09-14,,,,,,,,,,,,,,,,,,,,,,,,,,,,,,,,
2020-09-15,,,,,,,,,,,,,,,,,,,,,,,,,,,,,,,,
2020-09-16,,,,,,,,,,,,,,,,,,,,,,,,,,,,,,,,
2020-09-17,,,,,,,,,,,,,,,,,,,,,,,,,,,,,,,,
2020-09-18,,,,,,,,,,,,,,,,,,,,,,,,,,,,,,,,
2020-09-19,,,,,,,,,,,,,,,,,,,,,,,,,,,,,,,,
2020-09-20,,,,,,,,,,,,,,,,,,,,,,,,,,,,,,,,
2020-09-21,,,,,,,,,,,,,,,,,,,,,,,,,,,,,,,,
2020-09-22,,,,,,,,,,,,,,,,,,,,,,,,,,,,,,,,
2020-09-23,,,,,,,,,,,,,,,,,,,,,,,,,,,,,,,,
2020-09-24,,,,,,,,,,,,,,,,,,,,,,,,,,,,,,,,
2020-09-25,,,,,,,,,,,,,,,,,,,,,,,,,,,,,,,,
2020-09-26,,,,,,,,,,,,,,,,,,,,,,,,,,,,,,,,
2020-09-27,,,,,,,,,,,,,,,,,,,,,,,,,,,,,,,,
2020-09-28,,,,,,,,,,,,,,,,,,,,,,,,,,,,,,,,
2020-09-29,,,,,,,,,,,,,,,,,,,,,,,,,,,,,,,,
2020-09-30,,,,,,,,,,,,,,,,,,,,,,,,,,,,,,,,
2020-10-01,,,,,,,,,,,,,,,,,,,,,,,,,,,,,,,,
2020-10-02,,,,,,,,,,,,,,,,,,,,,,,,,,,,,,,,
2020-10-03,,,,,,,,,,,,,,,,,,,,,,,,,,,,,,,,
2020-10-04,,,,,,,,,,,,,,,,,,,,,,,,,,,,,,,,
2020-10-05,,,,,,,,,,,,,,,,,,,,,,,,,,,,,,,,
2020-10-06,,,,,,,,,,,,,,,,,,,,,,,,,,,,,,,,
2020-10-07,,,,,,,,,,,,,,,,,,,,,,,,,,,,,,,,
2020-10-08,,,,,,,,,,,,,,,,,,,,,,,,,,,,,,,,
2020-10-09,,,,,,,,,,,,,,,,,,,,,,,,,,,,,,,,
2020-10-10,,,,,,,,,,,,,,,,,,,,,,,,,,,,,,,,
2020-10-11,,,,,,,,,,,,,,,,,,,,,,,,,,,,,,,,
2020-10-12,,,,,,,,,,,,,,,,,,,,,,,,,,,,,,,,
2020-10-13,,,,,,,,,,,,,,,,,,,,,,,,,,,,,,,,
2020-10-14,,,,,,,,,,,,,,,,,,,,,,,,,,,,,,,,
2020-10-15,,,,,,,,,,,,,,,,,,,,,,,,,,,,,,,,
2020-10-16,,,,,,,,,,,,,,,,,,,,,,,,,,,,,,,,
2020-10-17,,,,,,,,,,,,,,,,,,,,,,,,,,,,,,,,
2020-10-18,,,,,,,,,,,,,,,,,,,,,,,,,,,,,,,,
2020-10-19,,,,,,,,,,,,,,,,,,,,,,,,,,,,,,,,
2020-10-20,,,,,,,,,,,,,,,,,,,,,,,,,,,,,,,,
2020-10-21,,,,,,,,,,,,,,,,,,,,,,,,,,,,,,,,
2020-10-22,,,,,,,,,,,,,,,,,,,,,,,,,,,,,,,,
2020-10-23,,,,,,,,,,,,,,,,,,,,,,,,,,,,,,,,
2020-10-24,,,,,,,,,,,,,,,,,,,,,,,,,,,,,,,,
2020-10-25,,,,,,,,,,,,,,,,,,,,,,,,,,,,,,,,
2020-10-26,,,,,,,,,,,,,,,,,,,,,,,,,,,,,,,,
2020-10-27,,,,,,,,,,,,,,,,,,,,,,,,,,,,,,,,
2020-10-28,,,,,,,,,,,,,,,,,,,,,,,,,,,,,,,,
2020-10-29,,,,,,,,,,,,,,,,,,,,,,,,,,,,,,,,
2020-10-30,,,,,,,,,,,,,,,,,,,,,,,,,,,,,,,,
2020-10-31,,,,,,,,,,,,,,,,,,,,,,,,,,,,,,,,
2020-11-01,,,,,,,,,,,,,,,,,,,,,,,,,,,,,,,,
2020-11-02,,,,,,,,,,,,,,,,,,,,,,,,,,,,,,,,
2020-11-03,,,,,,,,,,,,,,,,,,,,,,,,,,,,,,,,
2020-11-04,,,,,,,,,,,,,,,,,,,,,,,,,,,,,,,,
2020-11-05,,,,,,,,,,,,,,,,,,,,,,,,,,,,,,,,
2020-11-06,,,,,,,,,,,,,,,,,,,,,,,,,,,,,,,,
2020-11-07,,,,,,,,,,,,,,,,,,,,,,,,,,,,,,,,
2020-11-08,,,,,,,,,,,,,,,,,,,,,,,,,,,,,,,,
2020-11-09,,,,,,,,,,,,,,,,,,,,,,,,,,,,,,,,
2020-11-10,,,,,,,,,,,,,,,,,,,,,,,,,,,,,,,,
2020-11-11,,,,,,,,,,,,,,,,,,,,,,,,,,,,,,,,
2020-11-12,,,,,,,,,,,,,,,,,,,,,,,,,,,,,,,,
2020-11-13,,,,,,,,,,,,,,,,,,,,,,,,,,,,,,,,
2020-11-14,,,,,,,,,,,,,,,,,,,,,,,,,,,,,,,,
2020-11-15,,,,,,,,,,,,,,,,,,,,,,,,,,,,,,,,
2020-11-16,,,,,,,,,,,,,,,,,,,,,,,,,,,,,,,,
2020-11-17,,,,,,,,,,,,,,,,,,,,,,,,,,,,,,,,
2020-11-18,,,,,,,,,,,,,,,,,,,,,,,,,,,,,,,,
2020-11-19,,,,,,,,,,,,,,,,,,,,,,,,,,,,,,,,
2020-11-20,,,,,,,,,,,,,,,,,,,,,,,,,,,,,,,,
2020-11-21,,,,,,,,,,,,,,,,,,,,,,,,,,,,,,,,
2020-11-22,,,,,,,,,,,,,,,,,,,,,,,,,,,,,,,,
2020-11-23,,,,,,,,,,,,,,,,,,,,,,,,,,,,,,,,
2020-11-24,,,,,,,,,,,,,,,,,,,,,,,,,,,,,,,,
2020-11-25,,,,,,,,,,,,,,,,,,,,,,,,,,,,,,,,
2020-11-26,,,,,,,,,,,,,,,,,,,,,,,,,,,,,,,,
2020-11-27,,,,,,,,,,,,,,,,,,,,,,,,,,,,,,,,
2020-11-28,,,,,,,,,,,,,,,,,,,,,,,,,,,,,,,,
2020-11-29,,,,,,,,,,,,,,,,,,,,,,,,,,,,,,,,
2020-11-30,,,,,,,,,,,,,,,,,,,,,,,,,,,,,,,,
2020-12-01,,,,,,,1,,,,,,,,,,,,,,,,,,,,,,,,,
2020-12-02,,,,,,,1,,,,,,,,,,,,,,,,,,,,,,,,,
2020-12-03,,,,,,,1,,,,,,,,,,,,,,,,,,,,,,,,,
2020-12-04,,,,,,,1,,,,,,,,,,1,,,,,,,,,,,,,,,
2020-12-05,,,,,,,1,,,,,,,,,,1,,,,,,,,,,,,,,,
2020-12-06,,,,,,,1,,,,,,,,,,1,,,,,,,,,,,,,,,
2020-12-07,,,,,,,1,,,,,,,,,,1,,,,,,,,,,,,,,,
2020-12-08,,,,,,,1,,,,,,,,,,1,,,,,,,,,,,,,,,
2020-12-09,,,,,,,1,,,,,,,,,,2,,,,,,,,,,,,,,,
2020-12-10,,,,,,,1,,,,,,,,,,2,,,,,,,,,,,,,,,
2020-12-11,,,,,,,1,,,,,,,,,,2,,,,,,,,,,,,,,,
2020-12-12,,,,,,,1,,,,,,,,,,2,,,,,,,,,,,,,,,
2020-12-13,,,,,,,1,,,,,,,,,,2,,,,,,,,,,,,,,,86465
2020-12-14,,,,,,,1,,,,,,,,,,2,,,,,,,,,,,,,,,86465
2020-12-15,,,,,,,1,,,,,,,,,,3,,,,,,,,,,,,,,,86465
2020-12-16,,,,,,,2,,,,,,,,,,4,,,,,,,,,,,,,,,86465
2020-12-17,,,,,,,3,,,,,,,,,,5,,,,,,6,,,,,,,,,86465
2020-12-18,,,,,,,3,,,,,,,,,,9,,,,,,18,,,,,,,,,86465
2020-12-19,,,,,,,4,,,,,,,,,,9,,,,,,23,,,,,,,,,86465
2020-12-20,,,,,,,4,,,,,,,,,,13,,,,,,29,,,,,,,,,675286
2020-12-21,,,,,,,6,,,,,,,,,,17,,,,,,40,,,,,,,,,675286
2020-12-22,,,,,,,9,,,,,,,,,,22,,,,,,53,,,,,,,,2,675286
2020-12-23,,,,,,,13,,,,,,,,,,25,,,,,,67,,,,,,,,404,675286
2020-12-24,,,,,,,17,,,,,,,,,,28,,,,,,78,,,,,,,,667,675286
2020-12-25,,,,,,,17,,,,,,,,,,28,,,,,,78,,,,,,,,668,675286
2020-12-26,,,,,,,20,,,,,,,,,,31,,,,,,86,,,,,,,,1104,675286
2020-12-27,752,,,,,1273,6055,191,,419,24343,,,,,7308,36,,2417,,,,102,,4963,965,,6186,,2471,1104,1005073
2020-12-28,2071,327,,,,3576,8010,509,,851,42381,447,,,82,8801,642,,5214,452,,,725,2000,7754,2066,,7834,,2471,2698,1005073
2020-12-29,3718,346,1719,,,7038,16493,876,,1126,92334,1077,,,139,9884,1521,,8194,800,,,1810,6300,20368,2778,,9153,,2471,4360,1005073
2020-12-30,5099,846,4608,7864,,10545,27307,1889,,1457,156303,1722,,4875,1174,14707,2322,,9725,1251,,,2269,36300,30543,5666,,9562,,2471,6019,1005073
2020-12-31,5113,878,4608,7864,,11854,33032,2475,,1717,206211,2339,,4875,2185,40396,2329,,9755,1251,,,2355,47600,32749,10289,,11412,,2471,6271,1005073
2021-01-01,5121,888,4739,7864,,12121,35211,2475,,2028,231700,2603,,4875,2966,51511,2336,,9755,1251,,,2378,47600,32749,11656,,11563,,2471,6277,1005073
2021-01-02,5132,892,4739,7864,,13399,43417,2505,,2279,279707,3149,,4875,3965,90284,2338,,9755,1251,,,2393,50391,32750,13242,,11967,,2471,6280,1005073
2021-01-03,5139,911,4739,12285,,14316,48888,2523,,2560,302262,3869,,4875,3972,125834,2342,,9755,1251,,,2422,50833,32750,13596,,12519,,16520,6281,1380430
2021-01-04,5268,944,4739,12285,,17915,51255,3165,,4344,348348,10327,,4875,5125,195347,3050,2,9756,1251,,,2450,92220,33670,25508,480,13605,82834,16520,9898,1380430
2021-01-05,7073,2680,5448,13798,,22422,63964,4975,,10063,400951,16631,,4875,8599,275608,3947,2,10378,1251,,,5879,140226,46433,41609,1365,16066,139339,16520,16990,1380430
2021-01-06,7931,6644,7913,13798,3901,28257,82381,6586,,21693,464012,20616,,4875,15318,341040,4727,5,13885,1351,,,15005,160359,61454,58554,6648,21426,139339,16520,22660,1380430
2021-01-07,11224,15101,11117,20603,3901,36233,98718,7928,,50784,518782,26445,,4875,26990,433647,5540,6,18070,1496,,,21611,188956,71751,76400,15600,26899,207323,16520,29741,1380430
2021-01-08,24457,24455,13355,24985,3901,46244,106631,10143,,87530,581494,35272,,4875,39622,529686,6456,6,23268,1706,,,23262,198787,74254,92706,23760,30140,277976,16520,37626,1380430
2021-01-09,28982,27709,13473,30000,3901,48267,108487,10694,,98619,642077,40427,,4875,47659,617211,6768,6,23572,1706,,,23431,200022,74352,102301,22839,30394,277976,16520,39746,1380430
2021-01-10,31225,28136,13473,30000,6035,50029,109306,10917,,104392,677943,44645,,4875,52404,677631,7104,6,23574,1706,,,23565,203053,74392,108294,11650,30395,277976,52845,39778,2286572
2021-01-11,36913,33828,14161,30000,6035,59871,109966,11766,,144038,746145,50045,,4875,60699,759268,8481,7,25786,1948,,,23975,257834,84954,125190,32538,30873,406091,52845,47074,2431648
2021-01-12,51911,49818,15780,30000,6035,73284,110429,13346,,205741,825203,56475,,4875,69517,841921,10118,17,27884,2377,,,28323,309620,95836,140447,43219,32742,488122,52845,57346,2639309
2021-01-13,68058,71555,17038,34553,6035,86799,122744,14741,,270393,937111,64932,,4875,79324,936738,11636,17,34068,2875,,,38253,369212,109635,154268,49975,37454,581638,52845,68176,2918252
2021-01-14,85029,95037,17686,38000,6035,102004,139925,16521,,352519,1020959,70960,,4875,87335,1030803,13477,24,42738,3237,,,46829,410480,120785,154268,57437,44182,676186,52845,78602,3234946
2021-01-15,103566,118665,18126,41532,6035,115992,154448,17802,,421066,1111832,75412,,4875,94948,1120921,15358,44,50105,3680,,,51427,436963,128271,183669,65517,48955,768950,52845,89145,3576263
2021-01-16,110435,123889,18332,45906,10226,119374,158857,18022,,441114,1168672,80389,,4875,100134,1186107,16033,46,51213,3759,,,52265,457303,129806,196090,56002,49278,768950,52845,93481,3872394
2021-01-17,115769,127141,18453,45906,10226,121980,161201,18052,,451945,1199459,80389,,4875,101223,1220380,16154,46,51256,3759,11705,76961,52644,468795,129813,203310,17802,49282,768950,132054,94142,4062501
2021-01-18,126356,138201,18524,45906,10226,134455,164873,18711,,537394,1266814,85475,129689,4875,109859,1259462,16429,126,54092,4126,13002,76961,53959,491696,135068,233289,74616,49344,895627,132054,105513,4266577
2021-01-19,151106,157397,19058,54304,10226,147022,167242,19469,,667516,1350443,93382,130318,4875,118179,1290873,16509,211,56436,4503,14276,76961,58599,530055,151180,267425,82376,49887,956756,132054,121937,4609740
2021-01-20,173492,178593,19834,54304,10226,160671,168698,20321,,804573,1429437,108167,134554,5725,126561,1317410,16539,264,58055,4954,15316,76961,68747,566793,170938,302571,89390,51070,1010295,132054,141370,4973248
2021-01-21,193308,208872,20719,54304,10226,176295,170179,21837,,962218,1494042,123667,138983,5725,135469,1333701,16814,322,59049,5658,16531,76961,77331,605313,199068,338253,96078,52352,1054245,132054,163830,5383103
2021-01-22,204311,238980,21496,54304,10226,191141,170823,23070,,1082728,1562774,141298,143184,5725,142173,1346700,17023,375,59374,6339,17767,76961,80752,638798,222923,374682,102762,53543,1097369,132054,182936,5861351
2021-01-23,207468,247457,21509,54304,15322,194448,171516,23325,,1121010,1603259,156966,145257,5725,146308,1352675,17157,380,59376,6471,17767,76961,81159,654184,233677,406007,21281,53772,1097369,132054,188651,6353321
2021-01-24,208728,249362,21533,54304,15322,196699,172088,23486,,1130630,1628940,156966,146695,5725,147461,1355881,17157,380,59376,6471,18783,166321,81247,659753,237335,433130,78832,53789,1148895,237253,189820,6573570
2021-01-25,210143,260757,22129,58077,15322,206329,172362,23861,106098,1208422,1681205,171890,149676,10433,148766,1360730,17185,452,59482,7311,19709,166321,81846,701222,237335,459568,109818,53792,1167519,237253,205540,6853327
2021-01-26,217990,271898,23667,58077,15322,216861,172571,24604,110047,1308408,1731870,184610,152704,10433,149728,1365020,17226,527,61982,8279,20677,166321,84201,782413,237335,487712,116702,53872,1183395,237253,227774,7164387
2021-01-27,225544,285221,25245,58077,15322,225882,172772,25243,117555,1415299,1782805,198161,161215,10702,151841,1371296,17312,536,65821,9106,21417,166321,95863,858474,237335,513430,123494,54133,1202859,237253,249962,7476765
2021-01-28,232864,301246,26753,58077,15322,232959,172997,26315,127783,1539209,1829615,210488,175283,10702,152772,1376105,17351,663,69206,9888,22162,166321,106878,917908,237335,534347,131844,54655,1222323,237253,273888,7891184
2021-01-29,238252,313764,27856,58077,15322,239154,174056,27535,137551,1630999,1879436,220621,198283,10702,154283,1380966,17407,814,72203,10622,22853,166321,110791,945600,237335,554925,141424,55202,1222323,237253,288726,8378940
2021-01-30,239603,315386,27957,58077,19618,239885,175194,27801,144520,1659954,1914039,232399,222005,10702,154869,1385094,17419,814,72397,10749,23391,166321,110992,958453,276961,571092,76188,55213,1222323,237253,288726,8977329
2021-01-31,240016,315988,28041,58077,19618,240594,176349,28086,144520,1665053,1939794,232399,237872,10702,155055,1387712,17431,814,72405,10749,23811,348884,111170,976367,280575,585219,124021,55214,1251369,301982,288726,9296367
2021-02-01,241628,319964,28978,58829,19618,244558,177085,28806,145557,1717360,1998046,247251,243136,10702,156010,1391976,17452,816,73453,11334,24526,348884,111414,998587,299631,598136,151844,55237,1254535,301982,300549,9646715
2021-02-02,244768,330220,30817,58829,19618,248685,179002,30052,145770,1789082,2063566,261543,247270,10702,156774,1398354,17600,833,75107,11924,25361,348884,117827,1053245,301241,610384,160608,55257,1265800,301982,314209,10021471
2021-02-03,247981,340455,33691,59064,19618,253095,180449,31715,149951,1860930,2128144,276103,249687,12098,158114,1407329,17854,837,76782,12598,26223,348884,143198,1117146,304910,620177,170063,55443,1279220,301982,327957,10490487
2021-02-04,250883,350489,36929,59593,19618,257986,181816,33759,159624,1942458,2190216,291259,264530,12098,159480,1420737,18001,878,78277,13257,27020,348884,169436,1171229,309053,629280,178830,56053,1305251,301982,341353,10971047
2021-02-05,255058,358571,39468,59593,19618,263434,183353,35308,164636,2010304,2259578,306441,279410,12660,162811,1438421,18169,889,79224,13822,28082,348884,180268,1193034,314279,638887,187194,56417,1305251,301982,353734,11465210
2021-02-06,257829,359788,39624,59593,22813,264276,184332,35716,169194,2032523,2305174,318097,286379,12660,163668,1452878,18185,889,79294,13941,28837,348884,181128,1200793,320119,647691,103327,56445,1305251,301982,355549,12015018
2021-02-07,258456,360118,39646,59593,22813,265123,186132,35727,170335,2037564,2333462,318097,289042,12660,163961,1462237,18191,889,79295,13941,29339,544814,181472,1206212,321195,656178,165644,56445,1318626,345327,356471,12294006
2021-02-08,260525,362505,41407,59593,22813,269188,188556,36724,170641,2083975,2386492,332812,291396,12801,165062,1488726,18453,891,79514,14090,30235,544814,181601,1206212,323779,661063,196910,56844,1328459,345327,366299,12646486
2021-02-09,263423,370707,44482,61241,22813,274272,191995,39001,173558,2149558,2446723,345290,292627,12801,169232,1522874,18598,893,80593,14228,31202,544814,187266,1291569,326156,666943,204230,56932,1343566,345327,380578,13058298
2021-02-10,267062,377242,47551,61241,22813,279763,195224,41592,178005,2219852,2524500,353412,294624,12801,177999,1567307,19044,900,85112,15054,31670,544814,210482,1291569,330745,671449,210664,59427,1377229,345327,397027,13509108
2021-02-11,272507,385499,51435,64775,22813,286068,200866,44347,187384,2306521,2600049,360800,310448,12801,184101,1621806,20158,905,92896,16133,32524,544814,231665,1413132,335163,675234,218117,66301,1422560,345327,413123,14012224
2021-02-12,281118,392233,54123,64775,22813,292813,212814,45880,197540,2385146,2680310,366749,330745,14086,188444,1679777,21349,908,99239,16924,33735,544814,239868,1446102,342736,679333,225811,73192,1422560,345327,429129,14556827
2021-02-13,286485,392809,54646,64775,29592,294404,219242,46012,206283,2407194,2742361,371462,335188,14086,189606,1725140,21578,908,99689,17259,34574,544814,240820,1466439,352698,683347,146479,73902,1422560,345327,432514,15062189
2021-02-14,286966,392914,54690,64775,29592,295395,225364,46014,209510,2412044,2781990,371462,336297,14086,192264,1752134,21587,908,99689,17259,35376,690474,240960,1476274,360840,686635,212085,70612,1491517,391798,433350,15300151
2021-02-15,290903,394961,56113,67825,29592,301787,238847,46632,210194,2449628,2852165,386049,341958,14087,194167,1808028,22317,910,103645,18056,36545,690474,241827,1500911,364792,696944,247060,73994,1527590,391798,443116,15576107
2021-02-16,297981,399340,58562,67825,29592,310497,251784,48461,216463,2499441,2930523,397840,348927,14087,199749,1872120,23643,1112,103958,19626,37866,690474,248033,1538737,369971,715749,252051,75035,1571277,391798,455605,15940972
2021-02-17,308140,406578,61813,67825,29592,320181,262025,52125,229558,2549400,3025931,412970,365021,14188,209423,1942055,25480,1312,108313,20609,39147,690474,269976,1610734,380484,734929,257611,79953,1638195,391798,466058,16423082
2021-02-18,320068,417210,90514,87169,29592,332485,273342,57409,243973,2618482,3117466,430124,391821,15195,217823,2023023,26986,1439,114827,21857,40503,690474,289081,1691115,394902,753753,262205,88266,1764985,391798,477674,16875536
2021-02-19,333110,435235,77518,87169,29592,344329,287021,61181,262145,2683051,3220612,449073,427309,15644,227154,2108147,28314,1442,122021,22972,42231,690474,299936,1743841,422132,771240,268538,94395,1764985,391798,487259,17247442
2021-02-20,344476,439676,108356,87169,37570,346311,297278,61769,276280,2701353,3296778,465842,445535,15644,232976,2180988,29052,1442,122971,23264,43119,690474,300500,1772133,446953,788508,274898,96914,1764985,391798,489973,17582121
2021-02-21,350127,441605,119354,87169,37570,347423,307847,62281,276280,2704471,3354486,467656,453457,15644,234046,2229041,29868,1442,122973,23264,43888,873642,300589,1785194,462491,803098,281214,93825,1893290,462045,490781,17723840
2021-02-22,355279,451454,131063,108311,37570,357541,321143,64375,276280,2741509,3452777,486820,457096,17232,237931,2327880,31629,1645,126867,23690,45174,873642,303213,1824654,468584,819447,286840,97385,1956886,462045,497689,17916181
2021-02-23,365855,463455,148226,108311,44239,370473,335318,68160,276280,2794779,3562770,505148,471004,17379,251205,2427412,34010,1849,134439,24513,47012,873642,309287,1824654,480900,836860,292991,98908,2063495,462045,507361,18242873
2021-02-24,382337,478363,168462,125771,44239,384334,348807,68491,302342,2854060,3680363,522510,508043,17379,268054,2539973,38312,1849,145273,25290,49061,873642,320527,1959165,505099,855097,299139,105719,2204376,462045,517208,18691835
2021-02-25,398822,501156,188512,135756,44239,402288,363219,72216,319559,2953949,3811308,540039,521283,19075,286031,2654578,42480,1858,156208,26094,50249,873642,331771,1959165,533210,872361,302361,116500,2361852,462045,527025,19177555
2021-02-26,423401,526441,204439,135756,53617,418443,398866,77396,347082,3066723,3957717,556380,563601,19593,302013,2775949,45798,1858,165224,26796,51041,873642,340220,2101754,574806,890068,306281,123725,2361852,462045,535272,19682048
2021-02-27,446630,530054,209760,135756,53617,421444,405411,78431,361744,3118459,4066011,572174,677682,19593,310933,2889019,46392,1858,166005,27097,51186,873642,340717,2101754,610232,905142,277080,124643,2361852,462045,537461,20089551
2021-02-28,456317,530668,212445,135756,53617,423783,416156,78615,370874,3124419,4145294,572174,685247,19593,313339,2958127,46528,1858,166457,27097,51576,1105117,341273,2149607,632982,915761,282646,120955,2567617,563888,538072,20275451
2021-03-01,464430,541601,223539,153085,53617,443326,435598,81059,384476,3189105,4294628,594053,721677,21083,318847,3067708,48092,1861,173890,27659,52862,1105117,347370,2190526,645840,946781,325103,125779,2642034,563888,548385,20478619
2021-03-02,487817,558529,243772,153085,53617,470532,452135,84023,384476,3289628,4462537,617737,758037,21191,330932,3196887,50001,1865,182643,28476,54381,1105117,358145,2190526,660648,983997,330693,127931,2772318,563888,559658,20703615
2021-03-03,513687,582718,248169,153085,53617,501366,465038,86931,404436,3404955,4640278,643218,785440,21191,343662,3340003,53997,1988,192410,29400,56525,1105117,376224,2338137,674705,1022066,335026,134499,2920179,563888,575201,20982571
2021-03-04,538651,623923,268544,182000,53617,534581,482381,92066,425545,3567511,4822805,669152,862953,26489,362254,3488421,59984,2189,202698,30722,58912,1105117,392652,2424929,697974,1058452,339441,141208,3129092,563888,592404,21358815
2021-03-05,573025,662331,284464,182000,53617,563377,498801,97637,448680,3767279,5030956,697876,949497,27041,380577,3639613,64765,2398,212052,31973,61096,1105117,404755,2424929,735215,1096911,345130,145780,3129092,563888,606924,21796278
2021-03-06,598701,670057,287118,182000,53617,575504,513266,101223,480647,3974395,5185062,725388,981401,27041,390836,3776207,65567,2399,212537,32591,63479,1105117,405246,2526389,766457,1136895,361202,147142,3129092,563888,610311,22213112
2021-03-07,610036,671406,288631,182000,70534,587022,525107,102217,480647,4095144,5299421,725388,1002714,27041,392302,3857093,65655,2399,212540,32591,65002,1314847,405432,2526389,779461,1174219,330447,143980,3328703,716064,611338,22377255
2021-03-08,620397,686850,294132,202167,70534,616709,534583,105633,481577,4201397,5485813,753636,1047045,29317,398855,3988642,67351,2399,220531,33238,67595,1314847,410596,2570094,785393,1212503,375779,148543,3436412,716064,624177,22592528
2021-03-09,645485,708474,302151,202167,70534,652971,545378,109668,490735,4372900,5683859,780536,1107791,29317,412526,4131639,69722,2610,231077,34530,70323,1314847,423454,2641693,794206,1254801,379179,152221,3541667,716064,641400,22809829
2021-03-10,670102,735504,309145,202167,70534,694233,557327,113669,515218,4550507,5906323,807280,1149557,29317,426108,4289470,72222,2815,244195,36691,72725,1314847,444919,2641693,803294,1297161,383112,156992,3668848,716064,660064,23053716
2021-03-11,709641,779816,324446,202167,70534,739023,561812,121845,539618,4792105,6130516,831761,1229827,33289,444417,4450804,74931,3057,244653,39561,76076,1314847,457017,2835856,817974,1336828,394508,163235,3769523,716064,679014,23314525
2021-03-12,763202,811325,336660,233423,70534,777790,565102,127575,565463,5085684,6387023,855151,1293414,34018,461594,4598812,79997,3057,255305,42231,78788,1314847,459463,2891753,838793,1375595,408593,171703,3769523,716064,694844,23684103
2021-03-13,810005,819069,337904,233423,70534,794839,569585,132998,587848,5316071,6577858,877402,1319266,34018,469774,4724563,80936,3057,256341,43482,80974,1314847,459608,2914792,859011,1413636,426569,178097,3769523,716064,698622,24196211
2021-03-14,836964,819285,338879,233423,70534,806933,570803,138264,596638,5378975,6712565,877402,1334595,34018,470087,4795413,81013,3057,256369,43482,82671,1512315,459668,2924629,869944,1447358,440576,173511,3769523,898150,699606,24453221
2021-03-15,855895,845460,341707,233423,70534,835286,573577,141616,597471,5536473,6902072,877644,1347073,34171,472595,4897639,84769,3068,263275,44878,85596,1512315,459852,2946767,881998,1487184,455024,179431,3951221,898150,710334,24839906
2021-03-16,878233,888152,345994,233423,70534,874130,580314,145357,610873,5677110,7013266,895920,1397342,34171,481393,4964415,84857,3090,268834,47595,90002,1512315,465808,2984642,903954,1531483,470851,179718,4013681,898150,725237,25273226
2021-03-17,904845,927255,350702,233423,70534,911574,590957,150526,636349,5826671,7137937,915641,1441706,36775,486174,5047807,84944,3124,271465,50217,92250,1512315,489389,3074378,905512,1572466,487069,180175,4052470,898150,740684,25735472
2021-03-18,931764,985921,356052,233423,70534,949510,605500,157160,671647,5993444,7256170,935269,1477554,37179,497725,5130487,84982,3142,274234,52869,95707,1512315,510804,3162971,918060,1615577,503979,181857,4106550,898150,757494,26263732
2021-03-19,977503,1035021,362721,288622,70534,983951,613279,163609,701203,6222329,7417400,956745,1520350,37865,507900,5226065,85471,3143,277383,55344,97064,1512315,517855,3213724,929980,1658270,517845,184844,4106550,898150,772111,26878662
2021-03-20,1015466,1055999,366547,288622,93475,999069,616232,165830,724524,6388268,7584851,977045,1563242,37865,512982,5337694,85901,3143,277869,56379,99250,1512315,518476,3233998,946862,1704448,536863,188890,4106550,898150,775495,27630970
2021-03-21,1027182,1056483,368905,288622,93475,1006461,621167,167151,732121,6437693,7711431,977045,1589601,37865,516503,5421028,85939,3143,277885,56379,101451,1599215,518749,3242462,957017,1746105,551135,188891,4106550,1017133,776454,27997976
2021-03-22,1040724,1084081,376370,311448,93475,1030972,625246,169102,733798,6606572,7904666,997959,1636436,37953,523771,5548046,88453,3146,284782,57403,105611,1599215,520422,3289482,964473,1769379,569122,190009,4211040,1017133,789936,28327873
2021-03-23,1060122,1126467,388805,311448,93475,1057570,631315,171846,742812,6855629,8121950,1018670,1696110,37962,536152,5699320,93709,3159,292025,59304,109538,1599215,533841,3385827,974567,1800681,587343,193980,4252598,1017133,808190,28653523
2021-03-24,1082042,1177786,401309,311448,93475,1084395,641104,177092,759827,7111241,8372619,1035543,1747519,38142,549614,5866709,99299,3404,304203,61019,113179,1599215,573516,3524209,994804,1831478,606014,201329,4343860,1017133,829090,28991188
2021-03-25,1112009,1237118,332467,311448,93475,1110687,648796,185576,783740,7451742,8625166,1035659,1803553,39578,570295,6048628,104095,3646,314334,62802,117171,1599215,612781,3524209,1033690,1861647,623270,213219,4447534,1017133,854126,29316130
2021-03-26,1144666,1287665,430228,335916,93475,1135459,654935,191386,809974,7809309,8911563,1046291,1870631,39633,589806,6237511,107467,3888,324150,64690,121823,1599215,630448,3785646,1100618,1888033,640445,226937,4561529,1017133,877308,29727435
2021-03-27,1171658,1306504,434158,335916,93475,1143875,664863,193516,832602,8003828,9130993,1055744,1903498,39633,601386,6407148,107734,3888,327193,65840,126055,1599215,631304,3785646,1128870,1914885,478941,233702,4561529,1017133,884949,30151736
2021-03-28,1181678,1307985,436541,348648,93475,1149401,675586,194003,832602,8062745,9274412,1055744,1920347,39633,601386,6526916,107771,3888,327297,65840,129350,1798672,631712,3889970,1190767,1939485,561476,234957,4561529,1145996,887846,30445284
2021-03-29,1202936,1326527,445547,348648,93475,1168495,693477,195946,843706,8264780,9491931,1066873,1920347,45422,626069,6700260,109521,4131,333124,68604,133771,1798672,636653,3889970,1222534,1963149,683387,236087,4967230,1145996,908592,30682093
2021-03-30,1232797,1353107,365650,348648,93475,1193171,714991,198533,862639,8548901,9728913,1080658,2011029,45422,641669,6889616,113897,4375,339876,70902,138176,1798672,669403,4062784,1243453,1990393,702155,243730,5092535,1145996,936544,30908010
2021-03-31,1255163,1426824,472443,385724,93475,1216237,728004,202991,892580,8810643,9964767,1092633,2065948,49289,661182,7100730,118517,4379,353334,73143,142805,1798672,706838,4231313,1270804,2015307,722975,257044,5314076,1145996,960509,31147444
2021-04-01,1278239,1503907,486002,404518,93475,1241809,732221,210981,930842,9123838,10201908,1114363,2156680,49289,681161,7294034,122014,4381,368999,75852,147956,1798672,716562,4404565,1284773,2040532,743321,273804,5545140,1145996,984271,31318262
2021-04-02,1303176,1567767,498085,419431,93475,1248698,737116,214532,965298,9403853,10360010,1135585,2235731,49289,688548,7493449,122608,4383,381874,78397,151942,1798672,721055,4544816,1326006,2065575,596819,283908,5545140,1145996,990367,31425682
2021-04-03,1316012,1587307,502078,419431,114660,1252296,749182,222330,971827,9544062,10527827,1171420,2312501,50259,691460,7659870,125945,4383,389930,81073,154462,1798672,721430,4544816,1344684,2090464,559573,286998,5707450,1145996,994316,31533568
2021-04-04,1324364,1587406,503570,426037,114660,1254785,760823,226339,973876,9589464,10670668,1171420,2362839,50259,694772,7734369,127583,4383,392339,81073,156668,2140159,721893,4585575,1355495,2110922,408122,288584,5707450,1343260,995386,31581623
2021-04-05,1332219,1599664,510049,426037,114660,1257158,773099,228845,974153,9649184,10848708,1222682,2432313,50259,706584,7865184,130463,4383,396016,83637,159065,2140159,723408,4591351,1361089,2132024,323143,288585,5890888,1343260,999099,31622367
2021-04-06,1358632,1637452,519635,427387,114660,1273248,789071,231322,975697,9864781,11128131,1269938,2536751,50259,724738,8070452,135413,4386,407748,86342,161909,2140159,742480,4591351,1387814,2155906,780120,291050,6118710,1343260,1017781,31707594
2021-04-07,1398564,1675622,533453,432601,124165,1296614,805650,236217,993227,10123180,11700668,1312896,2608084,50259,744724,8309054,144254,4386,419428,88704,164492,2140159,802015,4909594,1424450,2180807,800859,297181,6416016,1343260,1044011,31807124
2021-04-08,1446012,1786176,552516,440890,124165,1335250,819373,247849,1028848,10458920,12312905,1353956,2689102,52634,765246,8553506,151107,4391,441329,91060,167130,2140159,860106,5167241,1475859,2206254,816115,311909,6791079,1343260,1074514,31903366
2021-04-09,1491662,1905709,567396,458762,130937,1374723,835807,257417,1066860,10867163,12857140,1394013,2760938,58567,776240,8801241,155876,4629,471249,93736,170315,2140159,887932,5167241,1531345,2228798,832621,330426,7159716,1343260,1104454,32010244
2021-04-10,1528467,1970471,571062,473522,130937,1390167,852532,258641,1091652,11078748,13165063,1435503,2835894,58567,779006,9048801,157501,4634,486709,96039,171678,2140159,889145,5529714,1588319,2258352,726677,339484,7159716,1343260,1114902,32121353
2021-04-11,1538860,1974122,572662,477617,130937,1399916,867403,258926,1124365,11134267,13378936,1435503,2900383,58567,786641,9206241,157601,4634,488398,96039,173237,2654421,889776,5581068,1599124,2286546,872702,341092,7159716,1595512,1117755,32190576
2021-04-12,1567106,2013923,579992,483825,130937,1438131,961248,260394,1133993,11369830,13721874,1480479,2969647,61134,798001,9407239,159999,4901,496693,99979,175347,2654421,893637,5670769,1618360,2326484,884533,342746,7676560,1595512,1149084,32250481
2021-04-13,1600971,2078097,590495,491601,130937,1474332,979737,262675,1190340,11677569,14225827,1524902,3037023,61134,818165,9624775,163697,5161,512605,103557,178292,2654421,919600,5832860,1648182,2372655,894455,345825,7937566,1595512,1186382,32326604
2021-04-14,1655239,2154354,605377,500233,130937,1513096,991175,268022,1190340,11969782,14919114,1569559,3090994,67158,845090,9861203,169819,5450,532810,107155,181133,2654421,987642,5832860,1690629,2421982,904770,353632,8250887,1595512,1226443,32444439
2021-04-15,1711040,2239589,620375,519375,130937,1560844,1006463,277334,1230792,12304293,15530958,1620067,3090994,67158,872863,10108291,175131,5740,550879,110426,183987,2654421,1053695,6236689,1743289,2471779,916560,363070,8631548,1595512,1267716,32574221
2021-04-16,1763205,2316397,634129,539487,145357,1605452,1023855,285558,1267678,12642019,16054941,1671324,3090994,70058,888539,10382771,183588,6030,566468,113931,187277,2654421,1083084,6236689,1802802,2523620,930819,371462,9002054,1595512,1306399,32709778
2021-04-17,1799431,2368818,637216,552559,145357,1622109,1042621,286882,1267678,12829723,16364810,1721650,3252579,70058,889517,10652608,189757,6030,568785,118108,190489,2654421,1085201,6236689,1850642,2578713,957211,373958,9002054,1595512,1320865,32849223
2021-04-18,1814401,2374822,638443,553883,145357,1635071,1057106,287857,1318725,12880734,16595667,1721650,3266425,70058,896123,10836325,190690,6030,568869,118108,191583,3369625,1086563,6236689,1964530,2626810,969522,375235,9002054,2004380,1326362,32932448
2021-04-19,1840629,2431664,645486,556969,156682,1679041,1081908,289098,1321867,13084912,16937616,1774120,3317052,70482,911027,11054211,194008,6583,573724,119249,195071,3369625,1093172,6699255,2044583,2675872,979001,377558,9441685,2004380,1362591,33032120
2021-04-20,1873646,2478868,657333,565164,161389,1721555,1103904,291035,1346684,13337384,17436881,1826618,3363596,70482,937529,11284647,199468,7126,584444,120296,198624,3369625,1113071,6868703,2065780,2737514,987178,382759,9588913,2004380,1406753,33139742
2021-04-21,1926553,2566424,676501,578273,165558,1769250,1126405,295321,1430756,13588715,18086003,1876009,3419450,70482,968953,11532982,206701,7387,598331,123129,201860,3369625,1172884,7079324,2095017,2801060,994626,390454,9886203,2004380,1453725,33257651
2021-04-22,1987314,2657009,698517,593972,165558,1823707,1154628,303526,1430756,13874391,18658528,1924630,3508846,80721,1002335,11789677,214112,7659,614064,125730,204963,3369625,1224474,7311128,2124999,2860598,1003532,398570,10141949,2004380,1504785,33388637
2021-04-23,2044617,2721997,716940,611792,176082,1873624,1176766,309225,1485461,14169784,19146819,1971361,3576705,80721,1025841,12057424,222905,7925,630657,128525,208959,3369625,1243102,7526598,2153476,2921600,1011670,409384,10405863,2004380,1551051,33524423
2021-04-24,2079229,2766610,721170,621077,176082,1891432,1191655,310090,1485461,14359117,19453976,2004512,3576705,80721,1035485,12323422,228464,7927,634630,130581,211985,3369625,1243590,7526598,2193097,2983609,1026250,411851,10405863,2004380,1572187,33673190
2021-04-25,2105429,2772944,723240,627216,176082,1906101,1206846,311298,1529600,14428044,19688229,2004512,3603901,80721,1050913,12538510,229830,7927,634899,130581,212593,3904732,1243951,7765723,2224428,3037698,1039488,412508,10796466,2407356,1581595,33752885
2021-04-26,2133022,2829417,734150,629108,176082,1955667,1238293,312751,1529600,14647592,20048197,2032090,3679730,80721,1076641,12794766,232513,7931,639824,131865,216171,3904732,1246399,7765723,2256094,3092378,1046460,412884,11013911,2407356,1619688,33843580
2021-04-27,2170141,2867972,750899,639564,176082,2004616,1264830,316234,1548850,14930386,20743333,2063824,3774221,80721,1102509,13050263,237229,7950,651681,132679,219442,3904732,1266053,8072900,2296376,3147573,1051907,413334,11261171,2407356,1669716,33959908
2021-04-28,2214499,2947522,776254,648709,176082,2063338,1288917,322880,1597841,15228179,21741518,2099343,3870222,87038,1134023,13312450,248429,8225,665544,136444,222470,3904732,1325107,8229040,2335557,3201106,1058132,416506,11520146,2407356,1722030,34094048
2021-04-29,2275925,3034168,803176,682757,176082,2128874,1314812,331098,1597841,15583296,22556435,2131890,3913550,98008,1169927,13657578,258821,8496,678488,140486,225810,3904732,1379677,8597875,2389470,3252247,1065603,422484,11763360,2407356,1772251,34216616
2021-04-30,2343528,3093868,815463,702470,176082,2191062,1328248,336721,1664774,15953576,23225385,2153560,4023137,109409,1186295,13986772,267813,9000,689821,144373,228810,3904732,1405447,8597875,2452046,3303419,1086610,428788,11763360,2407356,1825076,34362205
2021-05-01,2377742,3133228,821218,707057,218323,2210352,1335558,337672,1692571,16118719,23488403,2170847,4064204,109409,1198603,14263703,274165,9000,696527,148442,231511,3904732,1407035,8917338,2521321,3336830,1112565,429653,11763360,2407356,1851488,34505380
2021-05-02,2393128,3136796,824623,708137,218323,2229245,1352202,339232,1694744,16209504,23688076,2170847,4073149,109409,1212692,14509275,275752,9000,696556,148442,233193,4499038,1408118,8917338,2563381,3355073,1129820,430940,12196079,2780265,1863323,34595304
2021-05-03,2411279,3200721,833510,716861,218323,2296464,1372641,341559,1698107,16495440,24025920,2191449,4099495,110199,1239119,14792090,277816,9278,705970,152140,237018,4499038,1411314,9018412,2604009,3378699,1149818,436001,12381213,2780265,1914999,34667904
2021-05-04,2452732,3265038,844643,734556,218323,2362935,1400269,346523,1723088,16808135,24711014,2214648,4123697,110199,1271028,15097977,286499,9550,717127,155884,241103,4499038,1421651,9018412,2655453,3411328,1159780,443117,12686341,2780265,1970434,34795074
2021-05-05,2513649,3345829,877124,760805,218323,2436060,1427066,353790,1804953,17131275,25631425,2272642,4153038,115447,1308184,15427454,296108,9828,729710,160415,246698,4499038,1462522,9454765,2715651,3449831,1165952,453221,12966552,2780265,2023425,34934171
2021-05-06,2592043,3429643,884254,796909,252792,2516423,1448594,362408,1804953,17507274,26404319,2333913,4203873,124014,1348579,15763454,309690,10107,744754,165363,251787,4499038,1497806,9735602,2764208,3491189,1178267,468818,13271511,2780265,2083429,35069641
2021-05-07,2679315,3526087,922371,835320,252792,2593688,1465068,368694,1903818,17877323,27062709,2391470,4261822,138577,1373945,16107781,321543,10113,763841,169636,255633,4499038,1513315,9987919,2813935,3529427,1193241,482263,13271511,2780265,2139712,35202642
2021-05-08,2713409,3605225,932419,867621,252792,2623087,1474533,371758,1943842,18098015,27336550,2450303,4288641,138577,1393476,16424743,331586,10116,777962,175115,257781,4499038,1513914,10185393,2861367,3580368,1228350,487732,13271511,2780265,2169974,35371669
2021-05-09,2726229,3613118,938064,879312,252792,2647254,1490449,372925,1943842,18226894,27521531,2450303,4305775,138577,1422216,16673603,332925,10116,785045,175115,258766,5069181,1514217,10260941,2929964,3629484,1257734,489382,13797431,3123421,2182971,35472295
2021-05-10,2759658,3690790,963539,894881,284264,2719986,1516997,375116,1944725,18535862,27921980,2507229,4346089,138577,1456247,16958071,337957,10414,800679,179424,265361,5069181,1516676,10400987,2988328,3672354,1282108,491695,14028954,3123421,2230497,35587348
2021-05-11,2809223,3748518,999287,919139,293180,2796051,1546686,378856,2014653,18936595,28724641,2561858,4346089,140805,1487400,17250736,350834,10700,816456,183277,268118,5069181,1534765,10609955,3047189,3711304,1304319,499835,14318348,3123421,2286769,35722461
2021-05-12,2887798,3812424,1035763,919139,305274,2875871,1572851,384859,2014653,19366940,29780972,2615123,4420767,144775,1523265,17565063,366652,10710,834988,187607,272025,5069181,1577125,10609955,3100433,3750015,1323024,516285,14555552,3123421,2342661,35906671
2021-05-13,2914345,3850725,1073523,980177,305274,2959862,1592534,390684,2031941,19702610,30052321,2666895,4483598,144775,1561436,17898677,381733,10714,851592,191713,276041,5069181,1590020,11112068,3153715,3789351,1341060,535569,14911306,3123421,2373450,36115955
2021-05-14,2981819,3892010,1106760,1009609,320309,3039259,1613114,396802,2092493,20153207,30587103,2718390,4554679,147592,1590027,18238537,393573,10721,868159,196016,280134,5069181,1601270,11329356,3206615,3834311,1362767,552680,14911306,3123421,2419480,36336023
2021-05-15,3026396,3924641,1113351,1039233,320309,3071097,1628531,399934,2105016,20524811,30826510,2772414,4600012,147592,1613029,18590038,401345,10725,871269,199569,283229,5069181,1603319,11490114,3230264,3886249,1388520,559512,14911306,3123421,2451123,36573354
2021-05-16,3044211,3926938,1116741,1041215,325648,3096840,1648493,400866,2105016,20726235,30992055,2772414,4639299,147592,1648288,18857073,405390,10725,871561,199569,284395,5761409,1604648,11556822,3236286,3928681,1411490,559695,15320846,3402181,2466245,36704672
2021-05-17,3074991,4009973,1134977,1052032,334258,3169319,1679520,406754,2133397,21099477,31352061,2836972,4714992,147592,1687151,19123831,412627,10740,882336,204855,286709,5761409,1604924,11664606,3296250,3963176,1433485,563105,15495889,3402181,2509759,36811405
2021-05-18,3119609,4109572,1161048,1078103,340015,3241221,1709092,412611,2133397,21555490,31878115,2905212,4790996,152584,1724091,19399453,423228,10749,893107,209477,289855,5761409,1609551,11868779,3344025,3997170,1453613,573202,15741247,3402181,2563357,36985505
2021-05-19,3194452,4183715,1191397,1109161,347840,3318658,1740825,417837,2161597,22019680,32454695,2974175,4829595,156058,1762978,19699038,432716,11029,909436,213273,293178,5761409,1617809,11868779,3399960,4029619,1475294,588817,16049843,3402181,2620585,37250363
2021-05-20,3271465,4247751,1225601,1109161,347840,3394060,1773276,423168,2201667,22523357,32921799,3044700,4898866,159327,1803438,20003069,440597,11315,925257,216012,296548,5761409,1626637,12369238,3452707,4057860,1497220,611854,16347683,3402181,2679473,37518614
2021-05-21,3345027,4314173,1250667,1157655,356376,3462800,1808559,429793,2267023,23009655,33340248,3121394,4969321,163815,1833281,20323713,451020,11612,935838,218447,299549,5761409,1631727,12577946,3507114,4086224,1526250,626550,16347683,3402181,2736620,37738271
2021-05-22,3384636,4358045,1257015,1179998,356376,3495133,1834500,433894,2285568,23354776,33569752,3200861,5005682,163815,1851525,20639937,456734,11612,938243,220997,301274,5761409,1633112,12710402,3556454,4113110,1552194,629965,16347683,3402181,2768061,37943681
2021-05-23,3404178,4364914,1260683,1181255,361142,3517440,1857071,437226,2290907,23515455,33703601,3200861,5023145,163815,1882233,20886840,457811,11612,939733,220997,302933,6271377,1633987,12748812,3592983,4136319,1576322,631159,16709939,3651710,2781160,38070038
2021-05-24,3416449,4390464,1265855,1195088,369970,3564516,1880488,441608,2290907,23776810,33852906,3281550,5026529,163815,1915464,21156222,464093,11612,945146,222098,308002,6271377,1634899,12814730,3626652,4159340,1601706,632344,16953205,3651710,2812599,38192417
2021-05-25,3454684,4443334,1282717,1197164,369970,3616350,1923934,446591,2345128,24173859,34150476,3357664,5040222,164273,1938134,21420324,471042,12173,960074,223356,310403,6271377,1639067,12960092,3670174,4183320,1627146,635987,17187731,3651710,2863137,38378564
2021-05-26,3503962,4474263,1303575,1221109,376676,3684076,1971329,452377,2375612,24584280,34698754,3416341,5056262,164273,1955372,21702483,478984,12458,976401,224139,311903,6271377,1648884,13145222,3719654,4208724,1647734,643076,17487591,3651710,2918218,38614683
2021-05-27,3559039,4511233,1321786,1240309,381409,3745424,2020637,458114,2375612,25030967,35184500,3474645,5084642,169570,1983620,22004787,484707,12757,991603,225532,314030,6271377,1658462,13302965,3764047,4232837,1671731,652101,17707320,3651710,2975750,38871200
2021-05-28,3618812,4546485,1341130,1254659,381409,3807085,2061628,462868,2436782,25457694,35625287,3532531,5120109,171376,2008351,22321397,495244,12768,1008641,226761,315748,6271377,1663568,13451439,3805906,4257317,1688392,660423,17707320,3651710,3028852,39075642
2021-05-29,3644288,4587250,1348204,1270392,381409,3836233,2091441,466702,2453879,25755100,35805302,3589514,5137031,171376,2032603,22634710,500369,12768,1014123,227997,316224,6271377,1664288,13580235,3845288,4279871,1714666,664225,17707320,3651710,3057718,39259168
2021-05-30,3658432,4591601,1353249,1272513,386710,3858568,2117263,470233,2453879,25861225,35914324,3589514,5146949,171376,2058276,22885521,503118,12768,1014687,227997,316747,6762852,1664483,13633827,3879400,4299481,1728880,664226,18032417,3847576,3071814,39384055
2021-05-31,3680309,4654316,1365923,1280300,386710,3914281,2153386,472535,2456153,26216763,36135733,3647975,5176630,171376,2089039,23206178,509171,13043,1019828,229686,318743,6762852,1667717,13707350,3908949,4320017,1742574,667089,18178604,3847576,3117125,39477158
2021-06-01,3736671,4709745,1383971,1293847,387966,3973296,2193116,478284,2476248,26638939,36620775,3698975,5206951,171376,2111357,23535226,516310,13331,1037799,232355,319574,6762852,1686688,13896798,3941004,4336728,1761338,671667,18426204,3847576,3173231,39585665
2021-06-02,3814710,4787712,1405952,1312272,388475,4036165,2235732,484044,2510921,27051157,37243015,3752217,5227318,177511,2129697,23870037,521068,13623,1056920,237687,322359,6762852,1740006,14145161,3982644,4356353,1779918,686776,18720164,3847576,3232933,39758428
2021-06-03,3845860,4877459,1429105,1317038,394877,4094380,2271946,490163,2582439,27509225,37526994,3803175,5238903,184619,2158522,24326507,525669,13909,1077632,242343,324295,6762852,1795418,14224874,4035834,4379534,1797506,704121,19038135,3847576,3288987,39949694
2021-06-04,3908471,4956692,1450850,1329754,394877,4157451,2313321,495189,2620440,27960570,37895981,3854947,5238903,187606,2179199,24823523,532579,14466,1097453,247070,325511,6762852,1827146,14400079,4077693,4404555,1814974,714487,19038135,3847576,3345919,40129618
2021-06-05,3942101,5044089,1456841,1337469,394877,4191577,2348273,498643,2620440,28262705,38023136,3904249,5260418,187606,2198937,25314376,536001,14467,1109793,250749,327155,6762852,1830953,14551620,4126740,4425234,1826703,720869,19038135,3847576,3390699,40333231
2021-06-06,3966249,5069433,1464251,1338154,403013,4218476,2378217,500261,2631961,28394044,38101039,3972036,5261781,187606,2218456,25736960,537411,14467,1115214,250749,328168,7343141,1834076,14613790,4162570,4440483,1833468,724693,19786574,4064164,3406720,40460576
2021-06-07,3992323,5160637,1478774,1345741,404314,4282143,2431782,503238,2636209,28728301,38349234,4021033,5278680,188208,2244654,26184677,543421,14751,1122041,254110,329000,7343141,1849888,14690217,4196805,4457688,1842765,727664,20048174,4064164,3460418,40573517
2021-06-08,4042919,5228591,1500534,1357103,408513,4346107,2485258,507464,2665787,29117864,38762938,4062809,5296926,188208,2277331,26637953,548876,15041,1134000,257893,330970,7343141,1877308,14845783,4249810,4476936,1852297,734813,20305788,4064164,3517627,40710319
2021-06-09,4105786,5315598,1524541,1357103,413032,4405290,2538031,511810,2691057,29498091,39311507,4100020,5311475,198155,2304957,27100387,555119,15610,1145574,260605,333197,7343141,1917729,15048382,4311412,4496033,1861281,743998,20628061,4064164,3578003,40886878
2021-06-10,4158542,5392580,1548304,1386564,415577,4459166,2596854,516143,2721652,29896129,39808199,4130759,5324996,198155,2331132,27594483,561182,16173,1154542,263284,334367,7343141,1957828,15168747,4376789,4514587,1870438,759291,20963619,4064164,3641829,41088485
2021-06-11,4214287,5478260,874457,1401647,421974,4511253,2645275,519564,2744650,30279614,40273346,4160286,5324996,214971,2343138,28072745,567013,16716,1165412,265713,335791,7343141,1979648,15324134,4450907,4531945,1879650,766832,20963619,4064164,3703283,41297016
2021-06-12,4242391,5549999,1573761,1401647,425661,4543232,2678792,521766,2788162,30560645,40433479,4187201,5324996,214971,2352337,28527066,571431,16716,1169469,268175,339176,7343141,1982874,15457211,4481661,4545635,1890570,771143,20963619,4064164,3745938,41551201
2021-06-13,4259717,5565348,1577024,1413933,425661,4567233,2712346,523455,2830820,30664407,40512247,4247276,5342379,214971,2368112,28877889,572720,16716,1172617,268175,340028,8360969,1985198,15503070,4546668,4555523,1902135,773559,21474788,4333513,3758044,41698429
2021-06-14,4279507,5630452,1586678,1419924,425661,4610296,2764786,526611,2845519,30902278,40783240,4274435,5351972,214971,2382697,29204698,576340,17271,1176721,270829,341941,8360969,2004921,15549895,4585935,4567268,1912928,776142,21713840,4333513,3813412,41831056
2021-06-15,4327010,5698114,1602136,1427566,436280,4654928,2825091,530058,2848931,31206663,41193260,4302109,5363124,224191,2396033,29520917,580853,17829,1184835,273069,344272,8360969,2034242,15549895,4643382,4580633,1922802,781521,22048919,4333513,3867617,42021089
2021-06-16,4376949,5802919,1619744,1428340,439561,4697655,2876923,532984,2896238,31517100,41739600,4338990,5375923,231520,2417792,29834768,586526,18115,1191749,278064,346576,8360969,2099197,15810905,4694099,4594058,1930014,788369,22365104,4333513,3919124,42216654
2021-06-17,4419133,5935774,1637956,1428340,443121,4737021,2927876,535898,2938365,31831374,42210784,4381177,5389058,238814,2430097,30146939,592085,18402,1201557,283301,348633,8360969,2159094,15940640,4755816,4606562,1936985,795589,22684911,4333513,3970578,42460632
2021-06-18,4461729,6068861,907614,1442925,443121,4779394,2962755,540378,3037611,32150268,42627500,4424124,5389058,238814,2436558,30457133,597798,18688,1207523,287994,350092,8360969,2191170,16045779,4854240,4619111,1943659,800245,22684911,4333513,4018881,42683772
2021-06-19,4492285,6162917,909571,1442925,447383,4801124,2986437,542004,3069289,32373206,42768974,4468526,5389058,238814,2445054,30746448,601353,18688,1208770,293312,351962,8360969,2197610,16127860,4877637,4627395,1954420,801454,22684911,4333513,4053711,42964013
2021-06-20,4511558,6193295,1660175,1450798,447383,4818480,3015535,543778,3077639,32446427,42849861,4526238,5411431,238814,2460788,30966607,602382,18688,1209129,293312,352478,9105070,2202075,16152134,4924996,4633520,1959793,801537,23200566,4636429,4063545,43127763
2021-06-21,4532498,6273299,1668677,1455647,447383,4850984,3054942,546674,3091297,32639509,43097519,4528564,5421230,238814,2476348,31242935,605996,18689,1213779,299314,353164,9105070,2219956,16184242,4966064,4640330,1966577,803170,23443444,4636429,4110359,43148843
2021-06-22,4568462,6325802,1681399,1456750,447383,4883941,3101304,548497,3091297,32860087,43510998,4565918,5431713,240273,2496982,31524476,609001,18692,1217826,305555,353584,9105070,2257325,16302839,4981578,4650160,1973952,806044,23772029,4636429,4152408,43448680
2021-06-23,4603935,6445660,1695298,1462287,452062,4915586,3139665,548500,3128243,33091249,44037662,4604203,5445544,250484,2516750,31796722,609250,18708,1221152,311258,353895,9105070,2335683,16409509,5036750,4661527,1982308,810787,24079429,4636429,4191289,43656327
2021-06-24,4636965,6566220,1709510,1462287,453823,4945418,3173416,548536,3128243,33330497,44570740,4641844,5454866,258120,2532453,32082342,609301,18919,1222764,316502,355100,9105070,2427261,16447968,5097396,4672751,1988896,815702,24325902,4636429,4226726,43877861
2021-06-25,4672055,6679023,1721790,1472708,453823,4976451,3202487,550547,3219930,33554880,44994442,4678423,5454866,258852,2541690,32357164,610107,19179,1226990,322529,355277,9105070,2472200,16447968,5160645,4672751,1998234,815712,24325902,4636429,4263147,44080358
2021-06-26,4698718,6744180,1724896,1476642,453823,4992301,3221501,551695,3219935,33706581,45145306,4714281,5454866,258852,2550284,32616406,611378,19179,1227929,328929,356128,9105070,2480956,16649656,5225983,4672751,2004516,816120,24325902,4636429,4287948,44314799
2021-06-27,4720846,6772027,1727616,1478516,453823,5006240,3237615,552918,3219935,33761654,45239653,4728534,5468205,258852,2574718,32823103,612091,19179,1228571,328929,356209,9922412,2485530,16681699,5287006,4676750,2011511,816129,24792784,4925216,4293081,44454511
2021-06-28,4736993,6836909,1735675,1482581,453823,5034654,3268141,554841,3227042,33914292,45509335,4762181,5477405,258852,2603310,33080465,615419,19210,1231690,334972,357171,9922412,2517870,16716871,5387483,4702086,2020246,817354,25007416,4925216,4318854,44581771
2021-06-29,4768774,6889100,1748265,1488707,453823,5063905,3298625,557020,3227042,34094980,45923888,4800314,5486514,258983,2626077,33319618,620489,19230,1236053,338797,358168,9922412,2566093,16788252,5449953,4711630,2029397,819173,25320606,4925216,4343607,44719762
2021-06-30,4802244,6967523,1761277,1488707,462527,5091405,3331369,559452,3290624,34296533,46401387,4839188,5486514,259385,2641228,33556871,625413,19497,1241580,341023,359169,9922412,2671572,16890799,5449953,4721607,2037186,822735,25627278,4925216,4366593,44860978
2021-07-01,4833588,7055270,1773581,1488707,462527,5115345,3363051,561842,3290624,34521413,46880397,4883996,5486514,259885,2655321,33768921,630166,19775,1247034,343704,360364,9922412,2774460,16971186,5449953,4731279,2044993,826259,25948237,4925216,4386480,45013503
2021-07-02,4861757,7128031,1785306,1500932,465528,5142065,3382629,564188,3349834,34744556,47285390,4923627,5486514,262051,2664865,33961207,635288,19830,1251827,346622,361287,9922412,2825772,17041184,5449953,4731279,2055910,829952,25948237,4925216,4406644,45137108
2021-07-03,4884056,7164666,1788904,1506223,467846,5149133,3394195,565528,3368631,34884671,47450668,4970687,5486514,262051,2671334,34120472,638461,19830,1253813,350879,362262,9922412,2835031,17094868,5449953,4733462,2069651,830354,25948237,4925216,4416898,45274497
2021-07-04,4918232,7172079,1791061,1508083,467846,5156676,3407015,566880,3372413,34940463,47553026,4988117,5506665,262051,2691848,34254783,639879,19830,1254098,350879,362986,10863547,2841073,17114524,5449953,4755418,2082183,830354,26505676,5336105,4419598,45351719
2021-07-05,4936862,7193263,1798875,1511987,469213,5164021,3439531,569414,3372413,35104924,47765955,5034743,5513327,262051,2709388,34415930,643967,19847,1257713,354915,364277,10863547,2867842,17149431,5803534,4764631,1613168,831723,26727529,5336105,4435255,45428681
2021-07-06,4965489,7213665,1810576,1518820,470045,5169412,3479745,571984,3376415,35298489,48054628,5081723,5513327,262051,2733779,34574100,648762,20096,1259165,358786,365611,10863547,2909833,17194359,5871984,4774498,2097903,833869,26996373,5336105,4453633,45514492
2021-07-07,4991295,7249465,1823403,1526876,471757,5195189,3526145,574487,3395540,35507311,48400213,5120593,5523878,262490,2757230,34714620,654164,20153,1264518,362292,367086,10863547,2987105,17254158,5940511,4784787,2107362,838133,27277127,5336105,4469897,45601445
2021-07-08,5017266,7283077,1835681,1526876,474819,5221768,3573364,577142,3412775,35735716,48685326,5162882,5523878,264783,2776987,34824811,658620,20209,1270184,365390,368449,10863547,3056428,17315918,5940511,4794725,2118449,843612,27534723,5336105,4483565,45697875
2021-07-09,5042129,7316760,1847225,1543689,478966,5249664,3618459,580015,3440351,35961730,48927527,5204251,5523878,264849,2789711,34928846,663965,20294,1275375,368157,369854,10863547,3083478,17374533,5940511,4810908,2130289,847738,27534723,5336105,4497595,45787958
2021-07-10,5054968,7335024,1850490,1550632,479265,5258995,3649257,581569,3458815,36108473,49033887,5244136,5523878,264849,2806924,35025288,666885,20294,1277377,371571,371421,10863547,3087626,17374533,5940511,4812655,2140587,848420,27534723,5336105,4503955,45881721
2021-07-11,5067127,7339069,1852583,1552689,479265,5267511,3683927,583138,3480437,36167774,49103800,5246057,5538557,264849,2829862,35081035,668324,20294,1277594,371571,372052,11693828,3090595,17430956,5940511,4813104,2153618,848609,27994332,5722573,4505296,45923721
2021-07-12,5076009,7362062,1860993,1557706,484650,5295038,3719442,584980,3484723,36334275,49270584,5269184,5543891,264849,2858169,35166304,671900,20349,1280653,374450,373349,11693828,3103797,17464202,6275585,4820514,2167365,851372,28216249,5722573,4517943,45978017
2021-07-13,5097055,7385406,1872907,1562081,488013,5321225,3760219,587426,3503913,36618978,49472168,5302266,5548451,264849,2888019,35249502,676378,20397,1284948,377081,375090,11693828,3127518,17507308,6320244,4829430,2176270,854119,28475900,5722573,4531378,46037090
2021-07-14,5113734,7417298,1884934,1569371,491156,5347060,3803337,589687,3520843,36797811,49700639,5332527,5548451,266949,2920896,35341019,681232,20424,1289257,379524,377373,11693828,3176026,17569346,6376903,4839176,2185938,859638,28759879,5722573,4545383,46097464
2021-07-15,5132138,7445839,1896574,1569371,495815,5376248,3836466,592666,3538216,37141751,49896036,5364904,5559178,267154,2953321,35436423,685193,20696,1295941,381131,379380,11693828,3219093,17635269,6433294,4848514,2193725,866171,29033376,5722573,4558453,46159145
2021-07-16,5151036,7472943,1907247,1584407,495815,5404172,3866576,594662,3538216,37519210,50071111,5398299,5559178,267154,2969300,35527039,689843,20707,1302291,382868,381764,11693828,3235500,17635269,6488578,4858430,2201325,872103,29033376,5722573,4572315,46228636
2021-07-17,5168437,7490088,1909909,1588753,500856,5412921,3890995,595932,3554030,37777408,50161456,5430103,5559178,267154,2987944,35603478,692822,20707,1304156,385032,383158,11693828,3235979,17742406,6539551,4858430,2209064,873297,29033376,5722573,4578022,46295853
2021-07-18,5175710,7492940,1911953,1589579,500856,5421355,3911400,598976,3565373,37886284,50233279,5431616,5569099,267154,3018773,35685557,693717,20707,1305073,385032,383867,11920571,3236269,17742406,6594711,4858430,1769860,873325,29484796,6072618,4578789,46314039
2021-07-19,5187177,7511698,1919722,1593590,505175,5444687,3943997,602090,3570073,38169587,50340248,5466055,5573557,267154,3056782,35800737,696820,20707,1309653,386195,386328,11920571,3245252,17797365,6637423,4865265,2217002,876182,29697691,6072618,4590817,46349709
2021-07-20,5199888,7535960,1929703,1599146,508507,5466066,3977058,605391,3580830,38543947,50482242,5497274,5578183,267154,3093686,35914256,700821,20712,1316781,387010,387329,11920571,3266906,17843723,6681051,4889930,2222197,879295,29956479,6072618,4603608,46388744
2021-07-21,5211925,7548416,1940761,1604513,511744,5489504,4007167,608445,3594091,38937185,50652526,5525812,5578183,267154,3133871,36041658,705197,20714,1324854,387595,389025,11920571,3332275,17894628,6726042,4900330,2227368,884957,30217311,6072618,4616941,46433845
2021-07-22,5230236,7574382,1940761,1610989,514732,5511837,4031546,612223,3611037,39375432,50788857,5551472,5578183,267154,3166313,36177713,708857,20736,1336747,388216,389263,11920571,3400371,17956225,6763388,4911478,2233091,890884,30500003,6072618,4628609,46477881
2021-07-23,5247206,7596520,1962557,1617306,514732,5535003,4056351,616404,3611037,39811818,50922059,5578596,5578183,267830,3183816,36329341,712525,20743,1348497,388963,392444,11920571,3422101,18012081,6807624,4922508,2237467,896213,30500003,6072618,4642145,46520855
2021-07-24,5258729,7611618,1966097,1617306,518739,5542300,4073956,618753,3624110,40096007,50987476,5598628,5578183,267830,3199455,36443209,715654,20743,1351630,389856,392994,11920571,3422242,18012081,6849905,4930100,2241608,897200,30500003,6072618,4647670,46564660
2021-07-25,5265388,7612913,1968095,1620439,518739,5548897,4087392,621018,3633367,40216232,51025861,5599347,5578183,267830,3226511,36522124,716440,20743,1352925,389856,393062,12115466,3422306,18064022,6888184,4934853,2031078,897208,30827932,6311405,4648477,46589211
2021-07-26,5274322,7632491,1976628,1623475,518739,5572394,4112440,624245,3634242,40561769,51109614,5616497,5600959,267830,3255397,36662350,719325,20743,1363015,390625,393967,12115466,3431064,18095178,6914534,4944136,2249723,900312,30996228,6311405,4662017,46619230
2021-07-27,5282140,7652830,1988805,1628084,526537,5595098,4135579,626901,3637207,41023044,51221919,5635856,5605713,267830,3281873,36802489,722764,20745,1373928,391097,396087,12115466,3452506,18133454,6940176,4944136,2253798,904832,31315140,6311405,4673558,46654632
2021-07-28,5290720,7679974,1017204,1632151,528889,5616316,4154611,629969,3648321,41479689,51359178,5655731,5611260,267830,3303885,36958277,726440,20745,1385556,391769,396686,12115466,3520472,18192439,6968092,4949934,2258257,909669,31592444,6311405,4685455,46698479
2021-07-29,5300033,7702994,2013988,1632151,530879,5637596,4173463,633374,3661451,41966649,51480330,5672206,5617260,267830,3327715,37132634,729663,20746,1401114,392430,398444,12115466,3587706,18239525,6996166,4975672,2263037,915010,31851618,6311405,4696667,46740832
2021-07-30,5311847,7727513,2024943,1643402,530879,5660854,4187707,636594,3687551,42425860,51591965,5690258,5617260,269095,3342213,37313647,733453,20753,1411512,393071,399261,12115466,3609484,18285323,7025881,4986820,2268702,918698,31851618,6311405,4709375,46777556
2021-07-31,5317935,7742681,2028136,1646466,530879,5669769,4194197,638649,3687551,42710138,51652463,5705615,5617260,269095,3353544,37463810,735987,20754,1414810,393739,399690,12115466,3609896,18332060,7059657,4993968,2273011,919952,31851618,6311405,4713882,46816382
2021-08-01,5320402,7744798,2030301,1647156,530879,5676479,4203026,640628,3696811,42819890,51689440,5706360,5624451,269095,3368803,37571684,736924,20754,1415601,393739,399724,12270401,3609947,18357076,7059657,4998534,1978104,919960,32169472,6450958,4714212,46837614
2021-08-02,5325859,7763506,2038611,1650326,534809,5695074,4219395,644472,3698501,43155764,51760349,5726744,5628383,269095,3387061,37720391,739897,20754,1422935,394336,400760,12270401,3619154,18387784,7122130,5006958,2281114,922395,32352818,6450958,4722043,46863706
2021-08-03,5334405,7784615,1037737,1653601,537939,5712682,4232924,648768,3710745,43549495,51851409,5741514,5632428,269095,3410537,37870702,743575,20754,1431900,394863,401644,12270401,3634586,18423513,7148419,5018129,2286042,925837,32650750,6450958,4731074,46892996
2021-08-04,5344469,7815005,1043316,1656936,541654,5728745,4244376,653485,3710745,43930977,51963138,5755315,5636894,270701,3425295,38042131,747574,20754,1443904,395325,402373,12270401,3676519,18469353,7176413,5028965,2291234,929745,32892680,6450958,4741620,46926330
2021-08-05,5354016,7839043,1048780,1657443,544375,5744739,4255856,657430,3720289,44293851,52064037,5767655,5641870,270701,3438234,38215802,750765,20754,1465016,395827,403261,12270401,3712437,18515393,7222798,5040007,2296551,934258,33141450,6450958,4752008,46961830
2021-08-06,5363742,7863172,2088021,1660504,544375,5761490,4265842,662394,3734987,44650604,52161147,5780364,5641870,275173,3445037,38400308,754758,20756,1483523,396400,404049,12270401,3722992,18515393,7260276,5051480,2302337,937236,33141450,6450958,4763612,46998806
2021-08-07,5371191,7883729,1055433,1662342,547497,5767062,4273600,665023,3752793,44861839,52215702,5791340,5641870,275173,3453721,38550104,757614,20756,1489298,397077,404419,12270401,3723235,18605722,7300468,5058145,2065461,937809,33141450,6450958,4767780,47036796
2021-08-08,5375051,7885033,2093630,1663029,547497,5771409,4277715,666744,3760883,44934508,52243508,5791836,5649125,275173,3459737,38658423,758389,20756,1490442,397116,404461,12362343,3723306,18605722,7335557,5058145,2310189,938177,33424529,6559381,4768017,47059639
2021-08-09,5379077,7902656,2102614,1665334,550138,5784029,4287730,670642,3764464,45190678,52304498,5799457,5654096,275173,3469612,38835760,761126,20775,1503512,397575,405073,12362343,3726320,18643526,7369161,5059737,2313438,940249,33575961,6559381,4777369,47091889
2021-08-10,5384499,7916850,2114510,1667896,551313,5795833,4297652,674860,3777468,45493602,52390800,5807010,5658623,275173,3477132,39012213,764463,20951,1515055,397990,405723,12362343,3733415,18676038,7419226,5082172,2317873,942811,33871458,6559381,4787347,47129400
2021-08-11,5391451,7931895,2126824,1671367,552214,5807171,4303891,678798,3798258,45770266,52511621,5815086,5663658,275173,3484597,39182030,769116,20972,1526385,398469,406414,12362343,3754852,18714190,7482257,5091535,2321972,945997,34196761,6559381,4798013,47170968
2021-08-12,5398108,7947605,1075464,1674878,553943,5818561,4309901,682567,3798258,46039176,52631472,5823139,5668993,275173,3496230,39357176,772249,20976,1540620,398924,407171,12362343,3773501,18759946,7543360,5100830,2326034,949666,34455543,6559381,4810666,47215352
2021-08-13,5404537,7960894,1079476,1678479,556568,5829235,4316351,686536,3818115,46289078,52747303,5831355,5668993,275173,3514536,39508638,776280,21286,1552076,399357,407679,12362343,3779217,18759946,7589435,5111207,2330800,952619,34455543,6559381,4823875,47255842
2021-08-14,5409984,7966977,1080799,1678479,556568,5832570,4320680,689351,3838655,46433194,52814515,5838499,5668993,275173,3531525,39572374,778619,21286,1554775,399790,407948,12362343,3779468,18825714,7667867,5117210,2333683,953026,34455543,6559381,4829682,47302445
2021-08-15,5411930,7967151,2154824,1679731,556568,5835145,4325186,690923,3851362,46470897,52853155,5838688,5677606,275173,3541965,39599451,779311,21286,1555518,399790,407985,12438836,3779527,18842300,7766848,5120486,2336919,953090,34716227,6694067,4829992,47333702
2021-08-16,5416134,7974148,2163959,1682143,557676,5844909,4332450,694160,3854638,46654974,52936074,5850692,5681559,275173,3555212,39722095,781934,21307,1566029,400130,408546,12438836,3781819,18863709,7826327,5128257,2341488,955735,34867478,6694067,4839652,47369418
2021-08-17,5422491,7984832,2176168,1684554,558543,5854474,4339631,697046,3859628,46868154,53049894,5861691,5687634,275173,3570981,39847681,785097,21528,1574567,400726,409095,12438836,3786245,18890548,7893469,5137362,2345510,959070,35072910,6694067,4850748,47413242
2021-08-18,5429581,7995082,2188957,1688016,561189,5863828,4345190,700304,3876306,47064867,53187106,5872951,5693214,275173,3582785,39982382,789654,21735,1586716,401351,409498,12438836,3797400,18942274,7948577,5147200,2350289,962871,35269276,6694067,4863587,47460526
2021-08-19,5436969,8003786,2201084,1691778,561189,5873453,4351385,703569,3892948,47254890,53308079,5883293,5693214,275173,3598158,40103560,792957,21735,1597471,401990,410087,12438836,3807278,18974615,8009443,5156605,2354634,966883,35442173,6694067,4877623,47516505
2021-08-20,5446002,8012117,2212854,1694827,564903,5884778,4356345,704407,3913542,47438774,53440565,5894666,5693214,275173,3610177,40213594,797004,21739,1606906,402609,410650,12438836,3812190,19008598,8068696,5165924,2360810,970294,35442173,6694067,4894150,47577390
2021-08-21,5452681,8018232,2216558,1697152,564904,5887480,4360882,706254,3932404,47542583,53514074,5904497,5693214,275173,3618303,40288468,799167,22111,1609000,403060,410856,12438836,3812536,19031403,8124330,5171866,2066755,970782,35442173,6694067,4901644,47650396
2021-08-22,5456108,8018432,2216558,1697583,564904,5889814,4363920,707440,3947117,47574051,53554231,5904741,5699251,275173,3629362,40335260,799917,22111,1609419,403160,410884,12510974,3812646,19046468,8250519,5175271,2079386,970784,35667383,6803674,4902109,47690741
2021-08-23,5459522,8026174,2228826,1700378,564904,5900320,4369586,709830,3949985,47713502,53646156,5917081,5703883,275173,3639348,40473294,802789,22226,1617372,403422,411306,12510974,3814907,19046468,8298105,5183081,2369537,973100,35831729,6803674,4913852,47737142
2021-08-24,5470510,8032855,2242559,1703929,564904,5910167,4375409,712134,3952860,47874387,53767919,5932210,5709197,275173,3648973,40600314,806407,22500,1623536,404068,411748,12510974,3820208,19092270,8353009,5192411,2372837,976484,35950365,6803674,4926716,47792552
2021-08-25,5477567,8041641,2256350,1703929,564904,5918994,4380363,714712,3964889,48023550,53909328,5951175,5715525,277766,3657805,40721609,810054,22626,1631271,404566,412239,12510974,3832406,19092270,8400141,5202058,2377365,980145,36111205,6803674,4942660,47860628
2021-08-26,5486053,8051057,2256350,1712434,570003,5927411,4384843,716790,3978792,48164669,54042873,5970332,5725336,278928,3667864,40834347,813179,22747,1639349,405007,412605,12510974,3845868,19158536,8448833,5211669,2380516,984684,36237517,6803674,4959883,47915768
2021-08-27,5495197,8057546,2282245,1716520,570003,5937709,4389479,719668,4005532,48311176,54157081,5991165,5725336,279121,3677874,40941838,817456,23038,1647033,405608,412948,12510974,3854672,19194135,8489563,5221161,2384294,988023,36237517,6803674,4980167,47960705
2021-08-28,5500804,8064289,2286175,1718925,570003,5940420,4392193,721938,4013569,48400910,54227888,6009543,5725336,279121,3686661,41030597,819475,23038,1648606,406116,413174,12510974,3857001,19219260,8526833,5226706,2070275,988690,36237517,6803674,4992020,48003976
2021-08-29,5502453,8064327,2288715,1719744,570003,5942822,4394599,723813,4015528,48427783,54265470,6010270,5725336,279121,3691737,41093603,820163,23038,1648951,406116,413205,12574710,3857159,19237695,8601896,5230297,2388021,988737,36346563,6892710,4993566,48028366
2021-08-30,5506905,8070135,2299118,1723136,573924,5951315,4398705,725616,4015528,48543652,54350333,6033085,5754566,279121,3695842,41237058,823283,23038,1654433,406578,413598,12574710,3865942,19257631,8633622,5237512,2391579,991127,36431416,6892710,5008360,48048009
2021-08-31,5517289,8079828,2312605,1723136,573924,5958952,4402379,727431,4022419,48671164,54461790,6056183,5772010,279365,3700883,41369069,826821,23038,1659490,407240,413985,12574710,3874582,19284686,8664617,5246235,2394897,993948,36533328,6892710,5023838,48087908
2021-09-01,5524911,8085614,2324643,1730522,575773,5964811,4405349,728451,4030265,48794234,54587406,6079739,5781121,279509,3706061,41492914,829464,23038,1664328,407687,414285,12574710,3890750,19307400,8688416,5254173,1548614,996672,36613696,6892710,5041376,48131996
2021-09-02,5532128,8091126,2336831,1734997,576637,5971585,4408249,730099,4039805,48898547,54700209,6100506,5799584,279665,3710912,41604202,832334,23039,1670095,408195,414557,12574710,3907744,19333347,8708435,5261954,2398244,1000299,36696877,6892710,5059916,48171998
2021-09-03,5541109,8098076,2336831,1738722,578477,5981034,4410899,731585,4039805,49012455,54807086,6122036,5799584,279947,3715629,41710877,835501,23046,1674986,408883,415003,12574710,3916802,19363616,8732361,5269993,2401651,1003533,36696877,6892710,5081530,48207264
2021-09-04,5548450,8107828,2352395,1740837,578477,5983080,4412729,732721,4046421,49100504,54855696,6141453,5799584,279947,3720905,41801428,837087,23048,1676496,409295,415210,12574710,3917944,19382663,8732361,5274612,1918854,1003923,36696877,6892710,5093310,48248318
2021-09-05,5549625,8108817,2354543,1741244,578477,5985105,4414836,733179,4051007,49121313,54884190,6141966,5817481,279947,3723068,41857424,837619,23048,1676610,409375,415254,12627392,3918182,19394323,8768283,5277344,1855579,1003923,36820586,6967651,5095695,48270113
2021-09-06,5553141,8111149,2356197,1744048,581422,5991250,4416990,734472,4054262,49191503,54948427,6161023,5821254,279947,3726188,41955351,839829,23049,1680503,409807,415622,12627392,3923079,19408281,8780076,5282882,2405436,1006394,36889887,6967651,5111115,48292811
2021-09-07,5562389,8114377,2367564,1744048,581422,5995592,4419231,735818,4054262,49265396,55040959,6179889,5825831,280122,3728900,42043799,842598,23058,1684460,410467,415931,12627392,3930941,19427000,8792129,5289255,2407517,1010750,37008271,6967651,5127345,48319435
2021-09-08,5570643,8124032,2380022,1750418,583768,6001191,4421539,736969,4064019,49349836,55145725,6199953,5830217,280122,3732062,42129334,845876,23060,1688255,410917,416212,12627392,3950788,19448585,8803278,5296108,2409576,1015448,37067635,6967651,5149412,48344566
2021-09-09,5579427,8127212,2380022,1754731,584336,6007821,4423483,738109,4064019,49421299,55249398,6218580,5834961,280311,3735496,42207925,848875,23062,1692810,411498,416519,12627392,3969175,19448585,8813183,5302617,2412136,1021555,37126744,6967651,5173913,48370340
2021-09-10,5590614,8133902,2380022,1757756,584336,6015422,4425613,739253,4070975,49511465,55338888,6239026,5834961,280486,3738081,42284848,852261,23080,1697586,412165,416863,12627392,3978539,19501432,8824959,5310136,2415255,1026480,37126744,6967651,5203501,48396404
2021-09-11,5600021,8141803,2380022,1759542,586138,6017275,4427439,740114,4075096,49576136,55382826,6259410,5834961,280486,3740100,42349858,853687,23081,1698834,412770,417009,12627392,3979623,19523117,8835961,5315126,1625925,1027545,37126744,6967651,5224234,48424317
2021-09-12,5601753,8142362,2407986,1759871,586138,6018378,4428792,740560,4080651,49588386,55406765,6259984,5840588,280486,3741699,42393088,854286,23081,1698964,412797,417032,12674817,3980025,19532718,8845784,5318264,2185776,1027547,37216507,7032833,5228156,48439272
2021-09-13,5606198,8144416,2416030,1762738,587429,6023754,4430697,741505,4080651,49647015,55470390,6281530,5843502,280486,3743277,42459197,856307,23713,1703223,412858,417356,12674817,3985115,19532718,8850848,5323764,2418842,1034100,37243220,7032833,5251508,48458700
2021-09-14,5616424,8145782,2427013,1766447,588112,6029067,4432483,742641,4081680,49716757,55563416,6300406,5847002,280707,3746623,42522135,858855,23783,1707261,413666,417684,12674817,4001240,19561992,8860689,5331254,2421855,1045934,37303202,7032833,5276461,48476345
2021-09-15,5625404,8151259,2437295,1770818,588545,6034206,4434223,743721,4089053,49788620,55668076,6319048,5850887,280889,3748595,42583515,861761,23805,1710966,414127,417959,12674817,4030865,19581730,8860689,5338919,1819663,1057467,37341455,7032833,5305014,48500747
2021-09-16,5635344,8154305,2448482,1775653,589098,6039411,4435880,744903,4089053,49849025,55774155,6333580,5855039,281029,3751198,42640120,864724,23817,1714941,414505,418251,12674817,4057120,19601546,8860689,5347116,2424979,1071325,37385758,7032833,5330300,48523798
2021-09-17,5649529,8160424,2458928,1780180,589098,6045900,4437488,746336,4094729,49920582,55868173,6349074,5855039,281141,3753500,42708546,868466,24006,1718599,415276,418618,12674817,4070370,19625034,8860689,5357532,2428247,1082162,37385758,7032833,5357662,48544576
2021-09-18,5657252,8167008,2458928,1782472,589098,6047615,4438610,747369,4099673,49966757,55909835,6362613,5855039,281141,3755355,42788259,871029,24009,1718599,415576,418730,12674817,4072655,19625034,8860689,5365230,2124712,1088150,37385758,7032833,5373233,48570774
2021-09-19,5658780,8167196,2463666,1782796,589098,6048552,4439610,748069,4104178,49974160,55934593,6363055,5859814,281141,3756316,42838217,871494,24009,1719507,415677,418759,12742995,4072672,19648110,8860689,5368199,2135817,1090726,37472155,7088813,5376306,48584614
2021-09-20,5663472,8169612,2463666,1785666,589098,6052423,4441343,748909,4104928,50014362,55987210,6374555,5862458,281141,3757817,42917078,873878,24236,1722335,415792,419152,12742995,4085442,19659451,8889941,5380254,2431708,1095372,37472155,7088813,5394098,48604764
2021-09-21,5673084,8173238,2481276,1789718,592186,6056447,4442796,749741,4109296,50058052,56066766,6384139,5865865,281267,3759755,42999255,877048,24305,1725332,416339,419333,12742995,4100522,19675679,8909410,5392754,2434747,1099946,37508658,7088813,5414307,48625148
2021-09-22,5682545,8179024,2483134,1793806,592382,6060468,4444267,750771,4109296,50104102,56156974,6393180,5869259,281267,3761486,43083960,881053,24328,1728905,416672,419604,12742995,4117326,19712418,8915644,5406546,2437398,1104011,37538323,7088813,5435062,48647827
2021-09-23,5691563,8182339,2483134,1799370,592694,6065370,4445453,752204,4117714,50145122,56247695,6400646,5873523,281440,3763417,43168080,885504,24343,1732511,417014,419848,12742995,4132253,19730125,8921821,5422165,2440654,1109906,37571186,7088813,5454571,48672910
2021-09-24,5705996,8188226,2504582,1803468,592694,6070951,4446623,753634,4117714,50194860,56328709,6409466,5873523,281440,3765840,43255205,891701,24385,1735915,417477,420132,12742995,4138812,19752578,8928312,5439231,2444911,1115308,37571186,7088813,5472916,48700527
2021-09-25,5711607,8195365,2507048,1805370,592694,6072406,4447512,754649,4121156,50227511,56361647,6417004,5873523,281440,3767369,43336403,896233,24386,1736676,417868,420211,12742995,4140446,19756349,8928312,5453464,2150055,1116434,37571186,7088813,5483876,48724823
2021-09-26,5712865,8195655,2508560,1805773,592694,6073140,4448340,755191,4126294,50232577,56379452,6417154,5879178,281440,3768563,43388275,897377,24386,1736797,417946,420233,12812231,4140446,19756349,8928921,5463036,2446045,1116891,37612369,7132562,5486022,48740807
2021-09-27,5717599,8197662,2508560,1808877,594545,6076904,4449436,755687,4126294,50264491,56428709,6425078,5881493,281440,3770065,43465882,901662,24407,1739695,418035,420499,12812231,4144779,19766904,8936572,5478579,2448243,1119476,37632058,7132562,5498117,48765726
2021-09-28,5725121,8200799,2521738,1812532,594545,6077224,4450649,756910,4126379,50299018,56502038,6432203,5884183,281440,3771739,43540343,905827,24497,1742597,418499,420499,12812231,4149793,19798940,8936572,5518502,2450381,1123038,37657732,7132562,5511013,48797579
2021-09-29,5732678,8206834,2530744,1817444,594999,6080885,4451917,757948,4130015,50341224,56580053,6439026,5887540,281440,3773060,43614386,910844,24523,1745306,418772,420499,12812231,4159857,19813605,8936572,5576827,2452824,1125268,37680085,7132562,5524297,48829118
2021-09-30,5739587,8210551,2539650,1822966,594999,6085224,4453018,758886,4133283,50375204,56658004,6445605,5891228,281734,3774892,43693293,916301,24537,1748712,419062,420499,12812231,4169913,19813605,8936572,5635835,2455271,1127672,37702384,7132562,5535586,48863490
2021-10-01,5748937,8216590,2539650,1822966,594999,6089238,4454040,759863,4137346,50420311,56701307,6452428,5891228,281734,3776624,43756442,921994,24565,1751693,419402,420499,12812231,4172460,19845939,8936572,5694662,2459106,1129224,37702384,7132562,5547808,48901670
2021-10-02,5753702,8222402,2548995,1829251,596199,6090275,4454744,760446,4144322,50455429,56714348,6458355,5891228,281734,3777828,43814840,925450,24568,1752371,419798,420499,12812231,4172578,19853542,8936572,5694662,2459774,1129572,37702384,7132562,5554745,48932736
2021-10-03,5754600,8222671,2550279,1829251,596199,6090974,4455186,760729,4144322,50460179,56719588,6458517,5891228,281734,3778152,43845756,927004,24568,1752627,419823,420499,12876117,4172578,19880124,8936572,5735724,2225390,1129596,37727757,7165732,5556244,48956859
2021-10-04,5758152,8224679,2555664,1832889,596199,6093901,4455958,761378,4145083,50487750,56751516,6463763,5897432,281734,3779182,43898738,930700,24586,1755051,419855,420499,12876117,4173682,19885124,8960432,5816464,2462272,1130523,37741414,7165732,5564657,48994530
2021-10-05,5764309,8227670,2563069,1832889,596887,6096767,4457148,762181,4145083,50516477,56805973,6469348,5900019,281734,3780146,43951154,935460,24586,1757221,420267,420499,12876117,4176377,19885124,8960432,5873816,2463935,1131567,37755682,7165732,5573286,49035877
2021-10-06,5770532,8232018,2570248,1832889,596887,6100117,4458494,762916,4147504,50554857,56863795,6475450,5902806,281734,3781349,44004929,940888,24606,1759474,420488,420499,12876117,4180051,19885124,8960432,5926898,2465506,1132723,37772454,7165732,5583197,49068705
2021-10-07,5775907,8235368,2577957,1832889,597414,6103200,4459396,763715,4149938,50582693,56925202,6481668,5905837,282036,3782329,44060267,945939,24725,1762155,420735,420499,12876117,4183559,19885124,8960432,5986523,2467748,1134148,37788299,7165732,5591498,49101734
2021-10-08,5783590,8239009,2585160,1832889,597414,6107819,4460466,764681,4155434,50625773,56981845,6489298,5905837,282036,3783070,44119591,953383,24745,1765403,421316,423592,12876117,4184921,19885124,8960432,6049704,2471209,1135086,37788299,7188306,5600928,49133419
2021-10-09,5787451,8242772,2587495,1852552,597414,6109040,4461202,765310,4161888,50657643,56997165,6496909,5905837,282036,3784574,44170397,959871,24745,1766035,421716,423816,12876117,4184946,19885124,8960432,6098260,2185893,1135314,37788299,7188306,5606884,49164814
2021-10-10,5788098,8242951,2588714,1852899,598723,6109954,4461639,765661,4163232,50661426,57003549,6497378,5909819,282036,3784876,44196713,962771,24745,1766288,421719,423849,12876117,4184946,19885124,8960432,6130679,1927010,1135345,37816635,7188306,5607812,49186920
2021-10-11,5791013,8245051,2593879,1855439,599052,6112787,4462389,766281,4163232,50688074,57032434,6504849,5911737,282036,3785403,44251838,969863,24746,1768684,421719,424134,12876117,4186023,19885124,8975593,6130679,2473718,1135993,37816635,7188306,5615026,49216092
2021-10-12,5795739,8247849,2601548,1858610,599337,6115375,4463529,767055,4163606,50716174,57080843,6512506,5913862,282036,3786308,44310945,978952,24768,1770882,421719,424536,12876117,4187313,19967292,8975593,6173120,2475349,1136915,37830132,7197950,5622571,49252939
2021-10-13,5800956,8250837,2607096,1861783,599337,6118627,4464651,767864,4167326,50753159,57134444,6519901,5916769,282036,3786942,44376427,989144,24771,1773076,421719,424892,12876117,4189356,19968901,8975593,6173120,2476802,1137685,37846897,7202248,5631525,49291665
2021-10-14,5806099,8252600,2615154,1865665,599781,6122057,4465486,768891,4170859,50780417,57187586,6526782,5919930,282338,3786942,44452354,998879,24781,1775768,421719,425218,12876117,4190626,19968901,8975593,6280780,2478365,1138609,37868453,7205874,5639180,49335154
2021-10-15,5812212,8252600,2623783,1868374,599781,6126646,4465486,770181,4176787,50780417,57231090,6534774,5919930,282338,3786942,44522791,1009652,24781,1778958,421719,425522,12876117,4190626,20016102,8975593,6414823,2481093,1139405,37868453,7209695,5639180,49374505
2021-10-16,5815253,8252600,2623783,1868374,599781,6127685,4465486,770181,4181337,50780417,57231090,6542732,5919930,282338,3786942,44574380,1015299,24781,1779526,421719,425522,12876117,4190626,20016102,8975593,6414823,2150758,1139497,37868453,7209695,5639180,49374505
