date,bw_a0-pt,bw_a0-dt,bw_a1-pt,bw_a1-dt,bw_a2-pt,bw_a2-dt,bw_a3-pt,bw_a3-dt,bw_a4-pt,bw_a4-dt,bw_a5-pt,bw_a5-dt,by_a0-pt,by_a0-dt,by_a1-pt,by_a1-dt,by_a2-pt,by_a2-dt,by_a3-pt,by_a3-dt,by_a4-pt,by_a4-dt,by_a5-pt,by_a5-dt,nw_a0-pt,nw_a0-dt,nw_a1-pt,nw_a1-dt,nw_a2-pt,nw_a2-dt,nw_a3-pt,nw_a3-dt,nw_a4-pt,nw_a4-dt,nw_a5-pt,nw_a5-dt,sn_a0-pt,sn_a0-dt,sn_a1-pt,sn_a1-dt,sn_a2-pt,sn_a2-dt,sn_a3-pt,sn_a3-dt,sn_a4-pt,sn_a4-dt,sn_a5-pt,sn_a5-dt,de_a0-pt,de_a0-dt,de_a1-pt,de_a1-dt,de_a2-pt,de_a2-dt,de_a3-pt,de_a3-dt,de_a4-pt,de_a4-dt,de_a5-pt,de_a5-dt
2020-03-01,,,,,,,,,,,,,,,,,,,,,,,,,,,,,,,,,,,,,,,,,,,,,,,,,,,,,,,,,,,,
2020-03-02,,,,,,,,,,,,,,,,,,,,,,,,,,,,,,,,,,,,,,,,,,,,,,,,,,,,,,,,,,,,
2020-03-03,,,,,,,,,,,,,,,,,,,,,,,,,,,,,,,,,,,,,,,,,,,,,,,,,,,,,,,,,,,,
2020-03-04,,,,,,,,,,,,,,,,,,,,,,,,,,,,,,,,,,,,,,,,,,,,,,,,,,,,,,,,,,,,
2020-03-05,,,,,,,,,,,,,,,,,,,,,,,,,,,,,,,,,,,,,,,,,,,,,,,,,,,,,,,,,,,,
2020-03-06,,,,,,,,,,,,,,,,,,,,,,,,,,,,,,,,,,,,,,,,,,,,,,,,,,,,,,,,,,,,
2020-03-07,,,,,,,,,,,,,,,,,,,,,,,,,,,,,,,,,,,,,,,,,,,,,,,,,,,,,,,,,,,,
2020-03-08,,,,,,,,,,,,,,,,,,,,,,,,,,,,,,,,,,,,,,,,,,,,,,,,,,,,,,,,,,,,
2020-03-09,,,,,,,,,,,,,,,,,,,,,,,,,,,,,,,,,,,,,,,,,,,,,,,,,,,,,,,,,,,,
2020-03-10,,,,,,,,,,,,,,,,,,,,,,,,,,,,,,,,,,,,,,,,,,,,,,,,,,,,,,,,,,,,
2020-03-11,,,,,,,,,,,,,,,,,,,,,,,,,,,,,,,,,,,,,,,,,,,,,,,,,,,,,,,,,,,,
2020-03-12,,,,,,,,,,,,,,,,,,,,,,,,,,,,,,,,,,,,,,,,,,,,,,,,,,,,,,,,,,,,
2020-03-13,,,,,,,,,,,,,,,,,,,,,,,,,,,,,,,,,,,,,,,,,,,,,,,,,,,,,,,,,,,,
2020-03-14,,,,,,,,,,,,,,,,,,,,,,,,,,,,,,,,,,,,,,,,,,,,,,,,,,,,,,,,,,,,
2020-03-15,,,,,,,,,,,,,,,,,,,,,,,,,,,,,,,,,,,,,,,,,,,,,,,,,,,,,,,,,,,,
2020-03-16,,,,,,,,,,,,,,,,,,,,,,,,,,,,,,,,,,,,,,,,,,,,,,,,,,,,,,,,,,,,
2020-03-17,,,,,,,,,,,,,,,,,,,,,,,,,,,,,,,,,,,,,,,,,,,,,,,,,,,,,,,,,,,,
2020-03-18,,,,,,,,,,,,,,,,,,,,,,,,,,,,,,,,,,,,,,,,,,,,,,,,,,,,,,,,,,,,
2020-03-19,,,,,,,,,,,,,,,,,,,,,,,,,,,,,,,,,,,,,,,,,,,,,,,,,,,,,,,,,,,,
2020-03-20,,,,,,,,,,,,,,,,,,,,,,,,,,,,,,,,,,,,,,,,,,,,,,,,,,,,,,,,,,,,
2020-03-21,,,,,,,,,,,,,,,,,,,,,,,,,,,,,,,,,,,,,,,,,,,,,,,,,,,,,,,,,,,,
2020-03-22,,,,,,,,,,,,,,,,,,,,,,,,,,,,,,,,,,,,,,,,,,,,,,,,,,,,,,,,,,,,
2020-03-23,,,,,,,,,,,,,,,,,,,,,,,,,,,,,,,,,,,,,,,,,,,,,,,,,,,,,,,,,,,,
2020-03-24,38,0,117,0,1402,0,2644,1,930,7,200,22,63,0,189,0,1537,0,2827,0,872,6,230,24,35,0,77,0,1549,0,3397,2,1035,8,203,23,11,0,11,0,217,0,414,0,144,0,14,1,202,0,570,0,7259,0,14114,4,4338,31,827,79
2020-03-25,48,0,134,0,1600,0,2957,1,1068,8,244,28,70,0,206,0,1710,0,3208,1,1034,8,293,28,42,0,87,0,1734,0,3885,2,1188,12,234,29,11,0,15,0,250,0,486,0,174,2,23,4,234,0,651,0,8304,0,16103,5,5092,43,1037,101
2020-03-26,48,0,134,0,1600,0,2957,1,1068,8,244,28,70,0,206,0,1710,0,3208,1,1034,8,293,28,42,0,87,0,1734,0,3885,2,1188,12,234,29,11,0,15,0,250,0,486,0,174,2,23,4,234,0,651,0,8304,0,16103,5,5092,43,1037,101
2020-03-27,69,,165,,2124,,3949,2,1471,21,363,47,98,,271,,2449,,4543,4,1579,13,496,38,48,,115,,2178,,4842,2,1640,21,384,49,13,,23,,341,,643,,246,2,39,5,307,,846,,11040,,21085,13,7195,74,1674,166
2020-03-28,78,,191,,2497,,4682,3,1833,32,475,66,111,,315,,2892,2,5259,4,1904,18,617,52,48,,137,,2528,,5498,2,1906,24,478,54,13,,27,,366,,705,,268,3,53,6,343,,971,,12598,3,23939,16,8486,95,2101,210
2020-03-29,79,,191,,2502,,4687,3,1835,32,475,66,129,,373,,3324,1,5974,5,2259,27,769,73,51,,144,,2735,,5881,3,2044,30,532,65,14,,33,,407,,784,,319,3,60,6,374,,1068,,13593,1,25659,20,9283,115,2422,252
2020-03-30,84,,202,,2766,,5192,4,2102,36,566,79,143,,397,,3619,1,6421,7,2477,34,879,84,62,,157,,2942,,6219,3,2202,30,584,68,18,,40,,447,,864,,355,3,71,6,423,,1142,,14770,1,27663,25,10307,131,2835,297
2020-03-31,95,,222,,3072,,5784,5,2446,56,678,104,149,,411,,3823,1,6739,8,2644,41,988,111,69,,171,,3211,,6707,5,2405,35,649,77,19,,40,,467,,901,,375,4,80,8,458,,1213,,15884,1,29639,30,11280,174,3268,377
2020-04-01,101,,239,,3326,,6260,6,2687,67,757,124,170,,452,,4211,2,7444,12,2988,62,1173,148,76,,196,,3509,,7197,7,2626,43,734,84,19,,42,,504,,964,1,399,6,106,10,500,,1324,,17203,2,31971,40,12394,229,3784,460
2020-04-02,113,,261,,3590,,6777,8,2975,82,908,151,188,,490,,4707,2,8236,13,3414,75,1406,177,85,,215,,3764,,7671,8,2845,49,833,104,20,,45,,524,,1041,1,430,6,123,11,551,,1431,,18635,2,34533,46,13715,272,4469,551
2020-04-03,119,,276,,3904,,7368,11,3262,95,1086,179,205,,542,,5129,2,8994,15,3785,92,1534,197,99,,240,,4050,,8156,9,3082,55,962,114,22,,55,,549,,1100,1,474,7,136,13,602,,1560,,20133,2,37095,54,15036,329,5090,631
2020-04-04,125,,297,,4102,,7766,11,3454,111,1224,194,223,,582,,5484,2,9683,15,4177,112,1715,220,108,,261,,4349,,8640,10,3348,61,1157,129,24,,56,,591,,1191,1,531,9,198,14,657,,1684,,21440,2,39557,56,16333,383,5925,717
2020-04-05,132,,321,,4455,,8413,14,3780,128,1466,225,248,,635,,5933,2,10406,17,4599,125,1984,252,112,,283,,4545,2,8941,14,3519,73,1300,156,25,,60,,619,,1255,1,561,13,221,18,706,,1820,,22788,4,41851,65,17565,442,6784,831
2020-04-06,137,,333,,4634,,8731,16,3938,133,1577,238,258,,660,,6181,2,10834,20,4838,136,2160,279,115,,298,,4692,,9181,14,3645,80,1410,161,26,,60,,656,,1303,1,592,14,266,19,733,,1891,,23599,2,43297,71,18307,468,7357,893
2020-04-07,143,,338,,4774,,9005,17,4091,145,1742,271,272,,682,,6468,2,11302,19,5074,152,2323,308,119,,309,,4858,,9565,14,3811,94,1514,174,28,,61,,674,,1339,1,614,17,281,20,768,,1948,,24460,2,44826,73,19115,532,7899,1000
2020-04-08,145,,340,,4885,,9253,19,4194,162,1811,283,286,,717,,6791,2,11850,21,5363,180,2519,361,119,,316,,5017,,9828,20,3951,114,1657,214,31,,68,,700,,1406,1,646,21,293,28,804,,2020,,25371,2,46422,86,19935,620,8475,1153
2020-04-09,148,,355,,5086,,9620,21,4396,181,1948,317,305,,752,,7074,4,12376,26,5642,202,2640,403,130,,330,,5249,,10242,21,4137,126,1831,237,31,,75,,728,,1461,1,665,21,301,30,855,,2130,,26474,4,48452,99,20925,693,9160,1311
2020-04-10,149,,364,,5250,,9972,22,4565,200,2084,348,315,,795,,7443,3,12972,28,5969,229,2854,442,141,1,350,,5476,,10658,24,4343,137,2018,284,32,,75,,765,,1516,2,690,22,324,35,891,1,2239,,27710,3,50540,113,21970,777,9990,1478
2020-04-11,155,,379,,5491,,10437,26,4771,223,2327,373,321,,816,,7700,3,13368,28,6195,244,3037,471,145,1,356,,5656,1,10896,25,4442,145,2105,300,34,,79,,798,,1582,2,726,24,346,39,919,1,2311,,28653,4,52070,120,22791,841,10712,1577
2020-04-12,160,,387,,5601,,10590,26,4864,229,2418,394,327,,831,,7903,3,13685,28,6363,259,3157,496,150,1,366,,5789,1,11155,25,4558,150,2201,316,34,,79,,809,,1594,2,734,24,350,41,947,1,2362,,29322,4,53139,124,23340,879,11165,1663
2020-04-13,163,,395,,5693,,10773,27,4958,239,2533,411,330,,841,,8073,3,13953,29,6507,271,3293,516,156,1,379,,5938,1,11406,25,4654,158,2305,331,34,,80,,818,,1617,3,748,24,358,41,965,1,2409,,29909,5,54092,129,23795,922,11645,1739
2020-04-14,169,,398,,5770,1,10918,27,5044,246,2676,437,335,,859,,8219,3,14123,30,6617,284,3397,554,162,1,388,,6030,1,11573,26,4726,169,2378,348,34,,80,,830,,1668,3,761,25,378,42,989,1,2455,,30366,6,54791,136,24166,970,12103,1855
2020-04-15,172,,405,,5887,,11033,29,5105,265,2773,473,342,,876,,8392,3,14357,31,6765,310,3543,610,170,1,396,,6148,1,11747,27,4831,178,2498,398,34,,80,,834,,1692,3,774,25,405,45,1011,1,2501,,30936,5,55612,145,24669,1051,12625,2050
2020-04-16,179,,422,,6039,,11185,31,5174,274,2815,497,351,,893,,8577,3,14658,32,6929,342,3715,672,174,1,409,,6285,2,11934,28,4939,194,2597,436,35,,86,,857,,1746,5,804,35,427,54,1038,1,2566,,31679,6,56638,156,25188,1155,13109,2249
2020-04-17,187,,429,,6168,,11409,32,5306,298,2976,542,361,,911,,8811,3,15003,33,7072,365,3847,736,180,1,421,,6448,3,12178,31,5058,215,2699,475,36,,91,,877,,1782,5,820,34,441,56,1071,1,2638,,32504,7,57918,163,25797,1246,13671,2450
2020-04-18,191,,444,,6354,,11688,32,5440,316,3075,571,369,,936,,8986,3,15356,36,7248,389,3967,770,191,1,438,,6744,3,12584,34,5210,238,2800,515,36,,94,,894,,1811,5,843,36,461,62,1105,1,2728,,33413,7,59344,173,26479,1329,14155,2600
2020-04-19,190,,457,,6516,,11919,40,5568,329,3167,599,369,,953,,9121,3,15547,39,7344,408,4055,806,193,1,443,,6848,3,12763,35,5306,247,2893,528,36,,94,,907,,1837,6,849,37,466,64,1115,1,2779,,34060,7,60279,188,26917,1389,14548,2709
2020-04-20,199,1,465,,6624,,12047,40,5627,333,3224,608,376,,964,,9224,3,15688,40,7428,420,4149,823,195,1,447,,6952,3,12927,38,5421,257,3006,558,36,,97,,919,,1849,6,859,38,469,65,1134,2,2817,,34478,7,60858,193,27268,1425,14918,2777
2020-04-21,204,,473,,6735,,12201,41,5720,350,3311,640,380,,984,,9337,3,15858,41,7507,436,4226,856,201,1,463,,7061,3,13097,40,5485,273,3058,579,37,,98,,924,,1858,6,862,40,474,71,1151,1,2873,,34901,7,61528,200,27589,1485,15210,2905
2020-04-22,206,1,475,,6773,,12283,43,5749,357,3344,662,386,,994,,9455,3,16060,46,7583,461,4319,913,212,1,487,,7259,3,13385,43,5652,303,3168,614,38,,100,,927,,1866,6,863,41,479,75,1179,2,2933,,35424,9,62364,213,27999,1578,15602,3076
2020-04-23,205,,483,,6905,,12490,43,5835,372,3457,698,395,,1004,,9631,3,16255,49,7689,485,4403,938,227,1,501,,7389,2,13532,46,5706,312,3208,638,38,,102,,938,,1881,6,879,41,489,80,1216,1,2997,,36104,6,63180,220,28402,1655,15970,3211
2020-04-24,204,,489,,6983,,12640,43,5897,380,3511,730,397,,1018,,9754,4,16450,49,7792,497,4508,974,236,1,517,,7537,2,13725,48,5784,330,3286,671,40,,103,,951,,1892,6,892,41,499,88,1237,1,3060,,36690,7,64001,222,28827,1729,16385,3361
2020-04-25,203,,494,,7098,,12775,43,5956,388,3574,758,415,,1048,,9923,5,16651,50,7897,507,4591,1003,239,1,531,,7645,2,13864,50,5836,342,3328,689,40,,103,,959,,1902,6,900,42,502,93,1265,1,3132,,37273,8,64726,225,29181,1779,16671,3486
2020-04-26,206,,505,,7231,,12997,44,6070,403,3683,790,428,,1054,,10042,5,16764,52,7949,508,4652,1030,241,1,538,,7716,1,13933,51,5867,347,3351,696,40,,103,,963,,1910,6,904,44,508,97,1292,1,3174,,37745,7,65330,229,29481,1816,16956,3586
2020-04-27,212,,508,,7316,,13087,45,6120,405,3731,799,430,,1055,,10087,5,16809,52,7978,517,4689,1046,244,1,548,,7782,1,14017,52,5893,354,3372,723,40,,104,,972,,1919,6,908,44,515,97,1305,1,3198,,38038,7,65664,232,29654,1848,17143,3661
2020-04-28,216,,514,,7351,1,13139,45,6142,412,3764,811,437,,1066,,10195,5,16901,54,8033,537,4750,1084,252,1,563,,7862,2,14119,56,5944,360,3421,752,41,,104,,980,,1935,6,911,44,519,98,1332,1,3244,,38368,10,66022,240,29848,1896,17327,3765
2020-04-29,218,,517,,7390,1,13188,47,6175,419,3781,832,443,,1082,,10341,5,17049,61,8092,559,4803,1128,255,1,571,,7936,2,14215,58,5969,366,3460,773,42,,104,,985,,1944,6,913,45,521,102,1357,1,3279,,38752,10,66486,256,30053,1955,17520,3892
2020-04-30,222,,527,,7444,1,13294,49,6243,434,3815,869,444,1,1090,,10409,5,17130,62,8126,566,4858,1161,255,1,581,,8025,2,14310,59,6004,373,3489,784,43,,104,,999,,1965,6,914,45,536,105,1371,2,3316,,39135,10,67025,263,30327,1998,17756,4011
2020-05-01,227,,542,,7529,1,13385,49,6313,439,3858,896,451,,1109,,10526,5,17258,66,8197,579,4924,1196,257,1,600,,8153,2,14437,61,6055,381,3532,816,44,,104,,1003,,1978,6,919,46,544,110,1392,1,3380,,39603,10,67577,270,30623,2050,17992,4146
2020-05-02,232,1,549,,7576,1,13463,50,6361,445,3900,905,454,,1111,,10571,5,17309,67,8231,595,4957,1214,260,1,607,,8195,2,14506,62,6075,383,3549,820,45,,104,,1010,,1987,6,922,45,549,112,1408,2,3406,,39841,10,67920,274,30798,2086,18139,4199
2020-05-03,232,1,550,,7612,1,13514,51,6392,449,3926,910,460,,1115,,10601,5,17358,67,8259,602,4974,1232,263,1,618,,8251,2,14582,66,6113,389,3576,829,45,,106,,1037,,2015,6,934,46,559,113,1424,2,3431,,40054,10,68195,280,30951,2107,18250,4246
2020-05-04,235,1,556,,7658,1,13549,51,6412,451,3939,917,464,,1136,,10680,5,17421,68,8279,607,4992,1242,268,1,624,,8282,2,14637,66,6129,390,3596,831,44,,106,,1039,,2016,6,936,47,561,114,1440,2,3475,,40297,10,68425,281,31037,2121,18314,4274
2020-05-05,236,1,556,,7685,1,13570,54,6421,458,3952,938,469,,1140,,10734,6,17478,68,8308,612,5008,1259,275,1,627,,8331,2,14691,69,6154,404,3625,856,44,,107,,1045,,2033,6,948,49,568,116,1459,2,3488,,40499,11,68674,289,31146,2159,18408,4366
2020-05-06,236,,560,,7713,1,13598,55,6444,464,3967,961,471,,1149,,10799,6,17558,68,8343,629,5035,1294,284,1,636,,8386,3,14812,70,6189,410,3645,874,44,,107,,1054,,2051,6,954,51,574,120,1480,1,3517,,40753,12,69036,295,31312,2210,18535,4474
2020-05-07,238,,564,,7770,1,13679,56,6472,472,3990,968,480,,1158,,10881,7,17662,68,8384,644,5080,1327,292,1,651,,8470,3,14907,71,6233,411,3672,886,45,,108,,1064,,2069,6,966,54,584,121,1507,1,3565,,41126,13,69505,300,31527,2247,18696,4554
2020-05-08,242,,571,,7798,1,13721,57,6504,478,4018,979,484,,1161,,10940,7,17736,70,8431,667,5142,1370,295,1,660,,8546,3,15024,73,6271,421,3703,899,45,,108,,1062,,2072,6,968,56,584,122,1528,1,3603,,41457,13,69928,310,31741,2297,18888,4645
2020-05-09,246,,573,,7853,2,13803,57,6542,485,4046,990,486,,1177,,11034,7,17816,69,8468,675,5179,1396,298,1,674,,8643,3,15142,76,6308,429,3730,915,46,,110,,1067,,2087,6,976,57,587,123,1547,1,3656,,41852,14,70406,312,31925,2331,19019,4711
2020-05-10,251,,575,,7907,2,13865,57,6564,486,4083,997,486,,1183,,11055,7,17860,70,8485,676,5187,1400,300,1,682,,8668,3,15213,76,6335,430,3742,915,46,,111,,1068,,2095,6,979,58,587,123,1561,1,3683,,42011,14,70675,314,32042,2338,19102,4728
2020-05-11,247,,568,,7898,2,13816,56,6548,489,4072,998,490,,1188,,11096,7,17885,70,8500,677,5200,1401,303,1,684,,8725,3,15286,76,6359,435,3748,922,47,,112,,1070,,2101,6,984,58,601,123,1566,1,3690,,42149,14,70786,313,32093,2348,19146,4741
2020-05-12,251,,579,,7926,2,13885,57,6583,491,4096,1018,489,,1201,,11162,7,17970,72,8532,688,5229,1415,307,1,695,,8783,3,15371,79,6384,437,3766,936,47,,112,,1084,,2108,6,989,58,607,126,1582,1,3736,,42401,15,71153,324,32248,2374,19246,4819
2020-05-13,251,,583,,7970,3,13944,58,6614,501,4123,1032,496,,1210,,11222,7,18060,72,8558,699,5246,1431,315,1,709,,8861,4,15458,79,6396,443,3789,946,47,,112,,1089,,2116,6,990,59,608,126,1600,1,3771,,42643,17,71469,325,32347,2412,19343,4879
2020-05-14,254,,589,,8006,3,13993,58,6641,505,4153,1042,494,,1213,,11287,7,18120,72,8583,707,5270,1443,318,1,719,,8917,3,15527,79,6423,447,3810,953,47,,115,,1107,,2135,6,1008,62,618,127,1615,1,3807,,42900,16,71810,325,32508,2442,19459,4939
2020-05-15,261,,590,,8055,3,14062,59,6672,510,4177,1056,497,,1215,,11323,7,18188,76,8621,713,5289,1464,325,1,734,,8975,3,15624,80,6453,451,3835,958,50,,117,,1115,,2142,6,1011,62,626,127,1650,1,3848,,43123,16,72181,333,32659,2473,19565,5001
2020-05-16,258,,592,,8062,3,14078,60,6679,515,4190,1066,497,,1219,,11371,7,18271,76,8645,718,5328,1472,328,1,738,,9004,3,15660,82,6470,452,3844,962,51,,118,,1117,,2157,6,1016,62,630,129,1653,1,3867,,43277,16,72432,338,32753,2491,19665,5035
2020-05-17,258,,592,,8080,3,14095,60,6690,516,4202,1069,500,,1222,,11401,7,18296,76,8656,722,5343,1478,330,1,754,,9076,3,15745,83,6501,453,3857,965,52,,118,,1127,,2168,6,1016,61,634,129,1663,1,3894,,43470,17,72632,339,32834,2504,19734,5053
2020-05-18,258,,593,,8094,3,14117,60,6698,518,4207,1071,504,,1224,,11422,7,18327,76,8672,723,5349,1481,332,1,761,,9104,3,15775,85,6506,455,3861,968,52,,119,,1131,,2172,6,1017,61,634,129,1674,1,3920,,43573,16,72763,340,32879,2511,19757,5067
2020-05-19,258,,594,,8100,3,14127,60,6706,519,4216,1071,510,,1225,,11457,7,18369,76,8696,732,5372,1499,336,1,770,,9145,3,15813,86,6523,461,3872,974,54,,122,,1131,,2173,6,1017,61,636,131,1700,1,3950,,43742,16,72914,343,32952,2539,19824,5108
2020-05-20,259,,599,,8120,3,14151,60,6721,525,4235,1084,513,,1229,,11494,7,18420,77,8713,740,5387,1515,351,1,783,,9276,3,15899,87,6543,465,3888,981,55,,125,,1135,,2180,6,1019,61,636,131,1732,1,3990,,44035,16,73199,346,33028,2568,19902,5159
2020-05-21,259,,602,,8136,3,14169,60,6728,527,4254,1090,515,,1237,,11550,7,18483,77,8736,742,5395,1522,358,1,791,,9317,3,15960,88,6564,469,3897,985,56,,126,,1145,,2194,6,1023,63,641,132,1756,1,4037,,44246,16,73478,348,33141,2587,19975,5195
2020-05-22,259,,602,,8135,3,14169,60,6728,527,4254,1090,519,,1240,,11580,7,18508,79,8746,744,5417,1528,360,1,799,,9351,3,15989,88,6583,470,3904,985,57,,128,,1146,,2196,6,1026,63,644,134,1777,1,4063,,44390,16,73631,351,33211,2595,20021,5211
2020-05-23,265,,604,,8179,3,14231,60,6753,530,4288,1099,521,,1250,,11608,7,18550,80,8760,749,5429,1531,361,1,805,,9398,3,16035,90,6602,471,3913,990,57,,129,,1150,,2201,6,1028,64,654,134,1792,1,4091,,44578,16,73866,356,33295,2608,20110,5235
2020-05-24,265,,609,,8187,3,14251,60,6764,533,4298,1101,522,,1253,,11639,7,18567,81,8775,752,5436,1537,364,1,813,,9423,3,16072,91,6607,473,3917,995,57,,129,,1150,,2202,6,1029,64,654,134,1806,1,4121,,44716,16,74009,359,33358,2619,20151,5252
2020-05-25,266,,609,,8193,3,14258,60,6769,533,4311,1102,532,,1256,,11699,7,18601,81,8784,753,5440,1541,365,1,815,,9451,3,16092,92,6615,473,3933,996,57,,130,,1151,,2205,6,1032,64,656,135,1819,1,4127,,44824,16,74097,360,33395,2621,20187,5259
2020-05-26,266,,610,,8205,3,14273,61,6775,535,4312,1108,535,,1265,,11738,7,18648,80,8805,761,5450,1553,367,1,824,,9479,3,16117,92,6633,475,3946,1000,57,,130,,1151,,2207,6,1036,65,655,136,1834,1,4155,,44954,17,74245,360,33470,2637,20222,5287
2020-05-27,266,,609,,8210,3,14286,62,6786,538,4319,1121,533,,1265,,11736,7,18650,80,8806,762,5451,1555,370,1,830,,9532,3,16179,93,6651,478,3954,1002,58,,130,,1152,,2213,6,1037,65,657,137,1839,1,4170,,45054,17,74398,363,33534,2650,20253,5318
2020-05-28,264,,606,,8115,3,14101,64,6711,537,4309,1120,537,,1275,,11823,7,18739,81,8853,772,5488,1578,375,1,838,,9580,3,16254,94,6668,482,3957,1002,58,,131,,1154,,2215,6,1043,65,659,139,1849,1,4219,,45200,17,74479,369,33561,2671,20296,5353
2020-05-29,268,,613,,8200,3,14257,64,6785,547,4333,1129,539,,1274,,11856,7,18776,81,8857,773,5492,1580,376,1,840,,9612,3,16300,94,6683,483,3966,1007,57,,129,,1142,,2199,6,1042,65,661,138,1860,1,4241,,45419,17,74798,370,33678,2688,20349,5374
2020-05-30,270,,616,,8271,3,14360,64,6832,548,4347,1133,541,,1272,,11869,7,18795,81,8865,780,5498,1582,378,1,846,,9649,3,16340,95,6696,485,3975,1011,58,,134,,1160,,2231,6,1050,67,664,140,1878,1,4283,,45649,17,75083,371,33785,2703,20407,5397
2020-05-31,270,,616,,8271,3,14360,64,6832,548,4347,1133,544,,1274,,11898,7,18812,81,8875,780,5500,1582,382,1,855,,9672,3,16367,95,6708,485,3985,1013,58,,136,,1160,,2233,6,1052,67,665,140,1885,1,4307,,45732,17,75187,372,33828,2706,20427,5404
2020-06-01,270,,616,,8289,3,14384,64,6843,549,4363,1136,546,,1281,,11942,7,18831,81,8883,780,5506,1583,384,1,860,,9690,3,16382,95,6712,486,3988,1013,59,,138,,1161,,2233,6,1052,67,666,141,1893,1,4331,,45863,17,75276,372,33873,2710,20467,5411
2020-06-02,271,,617,,8294,3,14388,64,6844,551,4363,1140,546,,1282,,11952,7,18839,81,8887,782,5508,1586,384,1,862,,9714,3,16394,95,6723,487,3993,1013,59,,138,,1161,,2233,6,1052,66,666,139,1898,1,4348,,45941,17,75344,372,33904,2715,20482,5417
2020-06-03,271,,618,,8300,3,14396,64,6846,551,4363,1142,552,,1285,,11975,7,18878,82,8909,787,5525,1590,387,1,871,,9741,3,16425,95,6735,490,3996,1018,59,,138,,1160,,2232,6,1051,67,665,139,1916,1,4376,,46053,17,75451,373,33956,2726,20508,5434
2020-06-04,272,,618,,8305,3,14400,64,6849,551,4367,1143,552,,1289,,12000,7,18902,83,8925,791,5528,1598,394,1,875,,9780,3,16470,95,6750,491,3998,1021,59,,138,,1164,,2234,6,1052,67,665,139,1936,1,4408,,46189,17,75582,375,34013,2738,20528,5450
2020-06-05,272,,620,,8312,3,14417,67,6857,554,4373,1154,551,,1293,,12027,7,18926,84,8926,793,5532,1597,401,1,880,,9830,3,16527,95,6763,495,4007,1023,59,,138,,1164,,2235,6,1054,67,665,139,1955,1,4452,,46360,17,75775,380,34061,2748,20558,5467
2020-06-06,274,,621,,8325,3,14419,67,6862,555,4381,1165,551,,1294,,12048,7,18955,84,8926,794,5539,1604,404,1,885,,9864,3,16561,95,6768,498,4011,1025,60,,140,,1163,,2234,6,1057,67,667,139,1976,1,4497,,46514,17,75912,381,34087,2757,20584,5490
2020-06-07,277,,622,,8330,3,14420,68,6861,555,4386,1165,551,,1294,,12052,7,18952,84,8933,798,5539,1612,405,1,892,,9901,3,16590,95,6774,498,4021,1026,60,,140,,1163,,2234,6,1058,68,668,140,1986,1,4524,,46610,17,76009,382,34124,2765,20616,5503
2020-06-08,279,,622,,8340,3,14429,68,6863,555,4388,1165,551,,1295,,12058,7,18962,84,8939,800,5553,1614,406,1,897,,9921,3,16601,95,6781,498,4021,1026,60,,140,,1164,,2237,6,1061,68,668,140,1995,1,4544,,46682,17,76079,382,34150,2768,20634,5506
2020-06-09,281,,624,,8351,3,14433,68,6867,557,4387,1167,553,,1299,,12075,7,18983,85,8944,800,5558,1629,407,1,907,,9941,3,16632,95,6793,502,4024,1034,60,,140,,1166,,2237,6,1061,69,669,142,2016,1,4577,,46793,17,76199,383,34196,2776,20650,5534
2020-06-10,281,,623,,8352,3,14439,69,6867,558,4389,1168,555,,1301,,12097,7,19001,88,8953,805,5562,1631,415,1,923,,9973,3,16661,95,6800,503,4033,1034,60,,140,,1167,,2239,6,1061,69,670,142,2035,1,4609,,46908,17,76296,387,34230,2786,20674,5538
2020-06-11,280,,626,,8365,3,14454,68,6875,561,4393,1169,552,,1305,,12126,7,19020,88,8964,808,5560,1633,420,1,931,,10025,3,16721,96,6813,504,4033,1037,60,,140,,1169,,2240,6,1066,69,671,144,2050,1,4657,,47107,17,76488,387,34302,2799,20709,5551
2020-06-12,282,,629,,8384,3,14471,68,6887,561,4395,1170,554,,1308,,12136,7,19039,88,8965,808,5563,1635,420,1,939,,10046,4,16750,96,6821,504,4043,1038,60,,140,,1169,,2238,6,1066,69,671,144,2061,1,4674,,47193,18,76594,387,34330,2801,20719,5556
2020-06-13,282,,631,,8395,3,14484,68,6893,562,4397,1172,555,,1309,,12152,7,19055,88,8967,810,5565,1635,422,1,948,,10078,4,16775,96,6828,504,4046,1038,60,,140,,1168,,2240,6,1065,70,672,143,2076,1,4717,,47323,18,76702,391,34361,2810,20742,5561
2020-06-14,282,,631,,8395,3,14484,68,6893,562,4397,1172,555,,1308,,12161,7,19055,88,8969,810,5569,1636,427,1,955,,10116,4,16813,96,6831,504,4051,1040,61,,140,,1168,,2240,6,1065,70,672,142,2088,1,4742,,47411,18,76776,392,34377,2812,20774,5564
2020-06-15,282,,631,,8395,3,14484,68,6893,562,4397,1172,556,,1310,,12167,7,19060,88,8971,810,5569,1636,431,1,963,,10141,4,16842,96,6835,504,4056,1041,61,,140,,1168,,2240,6,1066,70,672,143,2101,1,4774,,47478,18,76833,392,34391,2814,20783,5566
2020-06-16,282,,632,,8415,3,14515,68,6899,563,4399,1174,558,,1315,,12184,7,19078,89,8975,809,5571,1635,434,1,967,,10183,4,16881,96,6847,505,4064,1042,61,,140,,1169,,2241,6,1066,70,672,144,2120,1,4813,,47601,18,76968,393,34432,2818,20805,5570
2020-06-17,282,,635,,8424,3,14526,68,6903,564,4400,1176,560,,1315,,12198,7,19084,89,8978,812,5566,1638,445,1,976,,10233,4,16947,96,6859,505,4073,1049,61,,140,,1169,,2241,6,1067,70,672,145,2139,1,4833,,47724,18,77110,395,34469,2828,20810,5588
2020-06-18,282,,637,,8435,3,14548,68,6908,566,4401,1179,560,,1318,,12213,7,19097,90,8980,814,5571,1645,449,1,987,,10306,4,17035,96,6877,507,4083,1050,61,,141,,1171,,2247,6,1067,70,672,145,2160,1,4891,,47919,18,77325,396,34520,2839,20851,5602
2020-06-19,282,,637,,8439,3,14556,68,6912,567,4403,1183,561,,1324,,12245,7,19110,90,8983,815,5568,1650,457,1,998,,10420,4,17246,96,6908,508,4087,1051,61,,156,,1175,,2251,6,1067,70,672,145,2189,1,4964,,48175,18,77655,396,34582,2842,20871,5615
2020-06-20,283,,646,,8449,3,14569,68,6915,568,4406,1185,561,,1328,,12254,7,19118,91,8987,816,5571,1652,466,1,1013,,10494,4,17321,96,6923,510,4092,1052,63,,158,,1188,,2260,6,1067,70,672,145,2224,1,5026,,48371,18,77854,397,34633,2846,20907,5621
2020-06-21,283,,646,,8449,3,14569,68,6915,568,4406,1185,563,,1328,,12268,7,19121,91,8984,816,5571,1651,473,1,1025,,10693,4,17621,96,6951,510,4094,1052,63,,158,,1188,,2260,6,1067,70,672,145,2233,1,5063,,48629,18,78197,397,34667,2846,20912,5620
2020-06-22,283,,646,,8449,3,14569,68,6915,568,4406,1185,566,,1330,,12279,7,19127,91,8986,818,5571,1651,474,1,1036,,10796,4,17788,96,6959,510,4100,1052,63,,158,,1188,,2260,6,1067,70,672,145,2256,1,5129,,48826,18,78420,397,34685,2849,20918,5620
2020-06-23,288,,660,,8476,3,14600,68,6925,568,4412,1187,569,,1332,,12290,7,19134,92,8990,820,5572,1652,480,1,1050,,10853,4,17897,96,6972,512,4107,1052,63,,158,,1188,,2260,6,1067,70,672,145,2285,1,5194,,48977,18,78623,398,34730,2854,20937,5624
2020-06-24,289,,664,,8488,3,14613,68,6935,568,4416,1187,568,,1345,,12316,7,19175,92,9006,820,5577,1659,482,1,1058,,10939,4,18028,97,7001,512,4110,1054,63,,164,,1193,,2272,6,1072,70,672,146,2296,1,5241,,49158,18,78877,400,34802,2856,20956,5639
2020-06-25,292,,666,,8492,3,14633,68,6938,569,4421,1187,567,,1347,,12348,7,19226,92,9036,822,5589,1662,488,1,1075,,11049,5,18184,97,7017,512,4116,1054,63,,164,,1193,,2274,6,1072,71,672,146,2312,1,5275,,49350,19,79171,403,34864,2862,20982,5642
2020-06-26,292,,667,,8502,3,14645,69,6941,571,4425,1187,570,,1353,,12363,7,19259,92,9054,826,5594,1669,491,1,1092,,11107,5,18241,98,7039,513,4121,1056,63,,164,,1194,,2273,6,1073,70,672,146,2323,1,5315,,49504,19,79351,406,34935,2868,21003,5654
2020-06-27,292,,672,,8516,3,14665,68,6948,572,4433,1186,573,,1360,,12388,7,19285,92,9056,826,5592,1666,513,1,1125,,11241,5,18440,98,7059,513,4132,1057,63,,165,,1196,,2275,6,1073,70,672,146,2360,1,5374,,49724,19,79653,406,34979,2871,21026,5657
2020-06-28,292,,672,,8516,3,14665,68,6948,572,4433,1186,575,,1363,,12401,7,19296,92,9058,827,5593,1666,529,1,1132,,11294,5,18502,98,7070,513,4134,1057,63,,165,,1196,,2275,6,1073,70,672,146,2379,1,5394,,49817,19,79747,406,35002,2872,21032,5659
2020-06-29,292,,672,,8516,3,14665,68,6948,572,4433,1186,577,,1367,,12422,7,19308,92,9064,827,5598,1666,535,1,1140,,11348,5,18569,98,7079,516,4136,1058,63,,165,,1196,,2275,6,1073,70,672,146,2392,1,5410,,49926,19,79845,406,35019,2875,21040,5660
2020-06-30,293,,680,,8543,3,14696,68,6960,572,4444,1187,581,,1373,,12445,7,19326,92,9071,827,5596,1668,546,1,1159,,11405,5,18652,98,7100,517,4142,1059,63,,164,,1196,,2279,6,1074,70,672,147,2416,1,5459,,50083,19,80038,406,35073,2879,21059,5668
2020-07-01,294,,688,,8570,3,14721,68,6966,576,4451,1191,586,,1375,,12482,7,19355,92,9080,827,5597,1668,555,1,1175,,11456,5,18716,98,7125,518,4152,1061,63,,164,,1198,,2279,6,1074,70,673,147,2438,1,5502,,50250,19,80197,406,35130,2885,21083,5674
2020-07-02,299,,692,,8581,3,14745,68,6971,576,4452,1191,588,,1377,,12517,7,19376,92,9086,827,5598,1671,558,1,1189,,11523,5,18800,98,7141,518,4161,1062,63,,165,,1199,,2283,6,1074,70,673,148,2457,1,5534,,50430,19,80399,406,35177,2886,21105,5682
2020-07-03,300,,695,,8592,3,14753,68,6974,576,4453,1192,592,,1382,,12535,7,19392,92,9087,828,5594,1671,569,1,1203,,11612,5,18888,99,7156,518,4167,1063,63,,165,,1198,,2280,6,1074,70,673,148,2479,1,5576,,50602,19,80571,407,35206,2890,21112,5686
2020-07-04,302,,695,,8605,3,14771,68,6977,576,4453,1190,594,,1388,,12557,7,19423,92,9092,829,5596,1672,582,1,1220,,11675,5,18958,101,7176,518,4175,1063,63,,165,,1200,,2283,6,1074,70,673,148,2499,1,5608,,50755,19,80740,410,35241,2893,21124,5687
2020-07-05,302,,695,,8605,3,14771,68,6977,576,4453,1190,595,,1388,,12563,7,19426,92,9092,829,5596,1672,588,1,1226,,11727,4,19005,101,7194,518,4182,1063,63,,165,,1200,,2283,6,1074,70,673,148,2511,1,5624,,50849,18,80822,410,35266,2894,21133,5689
2020-07-06,302,,695,,8605,3,14771,68,6977,576,4453,1190,599,,1397,,12596,7,19453,92,9097,829,5597,1672,592,1,1231,,11755,4,19032,102,7201,519,4186,1063,63,,165,,1200,,2283,6,1074,70,673,148,2523,1,5645,,50937,18,80899,411,35281,2896,21138,5690
2020-07-07,304,,697,,8620,3,14794,68,6984,576,4458,1190,606,,1412,,12634,7,19491,93,9104,831,5600,1675,600,1,1244,,11792,4,19065,101,7204,520,4188,1063,63,,165,,1200,,2284,6,1074,70,673,148,2551,1,5699,,51063,18,81040,411,35306,2901,21153,5693
2020-07-08,307,,701,,8625,3,14804,68,6991,576,4459,1190,621,,1429,,12662,7,19522,93,9111,833,5602,1674,603,1,1252,,11854,4,19115,102,7220,523,4196,1066,63,,165,,1202,,2288,6,1074,70,673,148,2579,1,5735,,51200,18,81179,412,35349,2907,21169,5698
2020-07-09,310,,704,,8643,3,14823,68,7001,576,4458,1191,628,,1436,,12679,7,19555,93,9116,833,5604,1676,613,1,1271,,11909,4,19192,102,7239,523,4203,1068,63,,165,,1203,,2288,6,1074,71,673,148,2607,1,5778,,51339,18,81352,413,35401,2912,21178,5704
2020-07-10,314,,708,,8661,3,14835,68,7008,575,4460,1191,633,,1445,,12701,7,19575,93,9122,834,5605,1676,618,1,1281,,11960,4,19255,102,7258,524,4209,1070,63,,165,,1204,,2290,6,1074,71,673,148,2627,1,5819,,51488,18,81487,413,35439,2914,21191,5708
2020-07-11,315,,708,,8684,3,14856,68,7014,575,4461,1191,640,,1452,,12741,7,19608,93,9129,835,5609,1677,628,1,1291,,12028,4,19293,103,7266,525,4216,1071,63,,165,,1205,,2292,6,1075,71,673,148,2650,1,5842,,51650,18,81610,414,35472,2916,21204,5711
2020-07-12,315,,708,,8684,3,14856,68,7014,575,4461,1191,643,,1454,,12748,7,19613,93,9132,835,5609,1677,639,1,1304,,12068,4,19339,103,7281,525,4217,1071,63,,165,,1205,,2292,6,1075,71,673,148,2670,1,5862,,51737,18,81686,414,35511,2918,21209,5712
2020-07-13,315,,708,,8684,3,14856,68,7014,575,4461,1191,649,,1457,,12778,7,19639,93,9134,835,5610,1677,645,1,1307,,12091,4,19358,103,7286,525,4221,1072,63,,165,,1205,,2292,6,1075,71,673,148,2683,1,5869,,51805,18,81743,414,35518,2918,21215,5713
2020-07-14,318,,720,,8703,3,14886,68,7018,575,4463,1191,650,,1463,,12809,7,19663,93,9147,835,5612,1678,651,1,1322,,12130,4,19416,103,7305,527,4226,1072,63,,166,,1205,,2293,6,1076,71,673,148,2702,1,5913,,51944,18,81900,414,35562,2921,21227,5714
2020-07-15,321,,721,,8722,3,14907,68,7024,575,4463,1192,652,,1471,,12839,7,19692,93,9154,835,5614,1678,655,1,1335,,12162,4,19473,103,7312,527,4231,1073,63,,167,,1206,,2293,6,1076,71,673,148,2712,1,5943,,52060,18,82049,414,35594,2921,21239,5717
2020-07-16,323,,732,,8745,3,14932,68,7028,575,4463,1192,659,,1476,,12892,7,19722,93,9165,835,5619,1678,664,1,1350,,12208,4,19534,103,7331,529,4232,1074,63,,167,,1210,,2295,6,1076,71,673,148,2733,1,6000,,52260,18,82236,414,35645,2926,21251,5719
2020-07-17,323,,735,,8758,3,14946,68,7033,575,4465,1193,664,,1481,,12922,7,19758,93,9179,837,5621,1679,686,1,1385,,12315,4,19639,103,7365,529,4243,1074,63,,167,,1210,,2296,6,1076,71,673,148,2766,1,6055,,52465,18,82430,414,35717,2928,21269,5721
2020-07-18,326,,742,,8785,3,14982,68,7036,575,4465,1192,668,,1485,,12954,7,19784,93,9182,838,5623,1678,692,1,1399,,12389,4,19723,103,7380,530,4249,1074,63,,167,,1210,,2299,6,1076,71,673,148,2787,1,6099,,52677,18,82632,414,35752,2930,21282,5720
2020-07-19,326,,742,,8785,3,14982,68,7036,575,4465,1192,667,,1486,,12958,7,19786,93,9183,838,5624,1678,697,1,1413,,12416,4,19773,103,7394,530,4253,1074,63,,167,,1210,,2299,6,1076,71,673,148,2794,1,6118,,52739,18,82715,414,35771,2930,21292,5721
2020-07-20,326,,742,,8785,3,14982,68,7036,575,4465,1192,669,,1496,,12986,7,19806,93,9188,838,5624,1678,699,1,1422,,12433,4,19789,104,7396,530,4258,1074,63,,167,,1210,,2299,6,1076,71,673,148,2806,1,6146,,52831,18,82809,415,35785,2930,21301,5722
2020-07-21,334,,753,,8836,3,15042,68,7052,575,4469,1192,674,,1508,,13018,7,19839,93,9196,838,5630,1679,706,1,1433,,12491,4,19842,104,7403,529,4260,1076,63,,171,,1214,,2304,6,1076,71,673,148,2834,1,6193,,53024,18,83001,415,35832,2929,21314,5727
2020-07-22,339,,759,,8857,3,15066,68,7059,575,4470,1192,677,,1515,,13052,7,19866,94,9205,837,5632,1679,711,1,1439,,12532,4,19924,104,7418,531,4264,1077,63,,171,,1215,,2303,6,1078,71,673,148,2852,1,6223,,53177,18,83191,416,35882,2930,21325,5730
2020-07-23,339,,760,,8860,3,15067,68,7062,575,4471,1192,685,,1523,,13088,7,19906,94,9208,837,5632,1680,716,1,1464,,12625,4,20024,105,7444,532,4265,1079,63,,171,,1215,,2303,6,1078,71,673,148,2872,1,6270,,53389,18,83412,418,35942,2931,21336,5733
2020-07-24,339,,777,,8915,3,15137,68,7083,575,4473,1193,693,,1528,,13111,7,19929,94,9212,837,5632,1681,731,1,1500,,12747,4,20150,105,7474,534,4275,1082,63,,172,,1217,,2304,6,1077,71,673,148,2909,1,6349,,53686,18,83722,418,36011,2933,21358,5741
2020-07-25,342,,786,,8948,3,15170,68,7092,576,4474,1194,694,,1542,,13170,7,19982,94,9228,837,5637,1681,749,1,1531,,12844,4,20275,107,7495,534,4287,1082,65,,172,,1219,,2306,6,1076,71,674,148,2940,1,6418,,53962,18,84030,421,36083,2935,21387,5743
2020-07-26,342,,786,,8948,3,15170,68,7092,576,4474,1194,695,,1552,,13173,7,19989,94,9229,837,5637,1681,755,1,1556,,12899,4,20345,107,7507,534,4292,1082,65,,172,,1219,,2306,6,1076,71,674,148,2950,1,6457,,54060,18,84153,421,36108,2935,21396,5743
2020-07-27,342,,786,,8948,3,15170,68,7092,576,4474,1194,695,,1553,,13243,7,20107,94,9239,837,5638,1681,759,1,1562,,12919,4,20353,107,7510,534,4292,1082,65,,172,,1219,,2306,6,1076,71,674,148,2959,1,6473,,54181,18,84307,421,36126,2935,21399,5743
2020-07-28,342,,796,,8983,3,15212,68,7102,576,4475,1194,698,,1561,,13274,7,20143,94,9248,837,5639,1681,772,1,1586,,13016,4,20445,107,7543,535,4301,1083,65,,173,,1220,,2307,6,1078,71,675,148,2984,1,6536,,54406,18,84536,421,36192,2936,21424,5746
2020-07-29,346,,806,,9017,3,15270,69,7114,576,4478,1195,698,,1571,,13305,7,20198,95,9255,837,5643,1682,783,1,1621,,13119,4,20539,107,7573,535,4313,1083,65,,175,,1222,,2308,6,1080,71,675,148,3013,1,6608,,54656,18,84829,423,36262,2938,21451,5748
2020-07-30,348,,813,,9047,3,15301,69,7119,577,4480,1196,702,,1577,,13347,7,20247,94,9261,838,5646,1683,795,1,1660,,13242,4,20674,107,7595,536,4321,1084,65,,176,,1222,,2310,6,1084,71,675,148,3042,1,6696,,54993,18,85184,422,36332,2941,21474,5752
2020-07-31,351,,826,,9090,3,15341,69,7126,579,4483,1196,708,,1583,,13394,7,20283,94,9268,838,5654,1683,808,1,1696,,13389,4,20808,108,7638,536,4335,1084,65,,176,,1223,,2312,6,1085,71,675,148,3070,1,6778,,55335,18,85491,423,36412,2945,21505,5754
2020-08-01,354,,830,,9110,3,15356,69,7130,579,4485,1196,714,,1588,,13455,7,20348,94,9276,838,5659,1683,820,1,1741,,13538,4,20949,108,7681,537,4358,1089,65,,177,,1225,,2314,6,1085,71,675,148,3100,1,6858,,55704,18,85847,423,36495,2946,21537,5760
2020-08-02,354,,830,,9110,3,15356,69,7130,579,4485,1196,714,,1589,,13464,7,20357,94,9276,838,5659,1683,817,1,1757,,13580,4,20958,107,7661,537,4355,1082,65,,177,,1225,,2314,6,1085,71,675,148,3105,1,6888,,55815,18,85936,422,36490,2947,21553,5753
2020-08-03,354,,830,,9110,3,15356,69,7130,579,4485,1196,715,,1594,,13483,7,20401,94,9282,838,5659,1683,828,1,1778,,13674,4,21065,108,7705,537,4369,1088,65,,177,,1225,,2314,6,1085,71,675,148,3117,1,6933,,55989,18,86141,423,36547,2947,21569,5759
2020-08-04,360,,842,,9184,3,15428,69,7146,579,4487,1196,722,,1603,,13532,7,20451,94,9286,839,5663,1683,840,1,1812,,13774,4,21164,108,7741,540,4381,1091,65,,178,,1229,,2315,6,1085,71,676,148,3152,1,7004,,56336,18,86462,423,36623,2951,21598,5763
2020-08-05,365,,849,,9207,3,15448,69,7149,579,4487,1196,726,,1609,,13573,7,20489,94,9294,840,5664,1683,845,1,1860,,13896,4,21285,108,7772,542,4395,1096,65,,178,,1237,,2319,6,1085,71,676,148,3172,1,7080,,56622,18,86736,423,36688,2956,21620,5770
2020-08-06,367,,851,,9237,3,15467,69,7156,580,4488,1199,729,,1616,,13646,7,20595,94,9307,840,5665,1683,857,1,1905,,14051,4,21440,108,7813,542,4412,1097,65,,178,,1244,,2322,6,1085,71,676,148,3196,1,7161,,57042,18,87139,424,36774,2957,21648,5775
2020-08-07,370,,858,,9267,3,15486,69,7164,580,4489,1200,731,,1623,,13716,7,20636,94,9314,841,5666,1684,871,1,1958,,14212,4,21607,108,7846,543,4426,1099,65,,178,,1251,,2329,6,1091,71,676,148,3233,1,7305,,57482,18,87537,424,36869,2959,21675,5781
2020-08-08,374,,863,,9310,4,15530,69,7174,580,4489,1205,733,,1628,,13764,7,20657,94,9319,841,5668,1684,885,1,2013,,14343,4,21764,108,7872,545,4436,1101,65,,178,,1259,,2349,6,1105,71,676,148,3267,1,7442,,57897,19,87943,424,36955,2962,21693,5789
2020-08-09,375,,865,,9322,4,15533,69,7174,580,4489,1205,734,,1629,,13766,7,20660,94,9321,841,5668,1684,891,1,2045,,14431,4,21837,108,7891,545,4448,1101,65,,178,,1259,,2349,6,1105,71,676,148,3287,1,7514,,58130,19,88123,424,36987,2962,21708,5790
2020-08-10,377,,868,,9336,4,15536,69,7174,580,4491,1205,734,,1632,,13792,7,20675,94,9323,841,5669,1685,898,1,2081,,14502,4,21910,108,7900,545,4450,1101,65,,178,,1259,,2349,6,1105,71,676,148,3302,1,7576,,58307,19,88272,424,37005,2962,21717,5791
2020-08-11,379,,873,,9388,4,15574,69,7181,580,4491,1205,742,,1635,,13844,7,20701,94,9331,841,5670,1685,913,1,2135,,14663,4,22063,109,7926,547,4454,1102,65,,178,,1271,,2357,6,1108,71,676,148,3338,1,7684,,58717,19,88614,425,37064,2964,21729,5792
2020-08-12,380,,877,,9434,4,15594,69,7189,581,4492,1205,746,,1642,,13942,7,20806,94,9346,841,5676,1685,932,1,2183,,14836,4,22202,110,7951,547,4463,1103,65,,178,,1281,,2362,6,1110,71,677,148,3381,1,7810,,59234,19,89058,426,37138,2966,21764,5795
2020-08-13,384,,887,,9529,4,15652,69,7206,581,4495,1205,760,,1662,,14071,7,20881,94,9358,841,5679,1685,962,1,2280,,15028,4,22370,110,7983,548,4478,1104,65,,179,,1288,,2364,6,1112,71,677,148,3445,1,7995,,59843,19,89524,426,37228,2967,21789,5798
2020-08-14,386,,896,,9581,4,15691,69,7212,581,4496,1205,764,,1675,,14181,7,20951,94,9366,841,5682,1689,983,1,2360,,15232,4,22564,110,8009,550,4489,1107,65,,181,,1294,,2375,6,1113,71,677,148,3494,1,8163,,60471,19,90022,426,37306,2973,21814,5806
2020-08-15,388,,902,,9674,4,15735,69,7219,581,4495,1205,768,,1686,,14304,7,21003,94,9375,841,5684,1689,1003,1,2433,,15400,4,22707,110,8034,551,4503,1111,66,,182,,1303,,2377,6,1114,71,677,148,3535,1,8336,,61143,19,90459,426,37374,2974,21834,5811
2020-08-16,388,,904,,9712,4,15752,69,7220,581,4495,1205,769,,1686,,14327,7,21017,94,9377,841,5685,1689,1014,1,2474,,15505,4,22792,110,8061,551,4519,1111,66,,184,,1306,,2380,6,1117,71,677,148,3553,1,8408,,61418,19,90653,426,37419,2974,21855,5811
2020-08-17,391,,904,,9728,4,15762,69,7223,581,4495,1205,770,,1691,,14382,7,21046,94,9380,841,5688,1689,1024,1,2513,,15607,4,22878,110,8076,551,4529,1112,66,,184,,1306,,2381,6,1117,71,677,148,3576,1,8481,,61648,19,90843,426,37443,2974,21871,5812
2020-08-18,397,,916,,9852,4,15831,69,7235,581,4498,1205,779,,1722,,14542,7,21131,94,9405,841,5692,1689,1043,1,2554,,15764,4,23016,110,8105,551,4541,1114,66,,186,,1309,,2381,6,1117,71,677,148,3622,1,8627,,62277,19,91298,426,37531,2975,21895,5815
2020-08-19,402,,927,,9979,4,15902,69,7246,581,4499,1206,787,,1764,,14758,7,21259,94,9417,841,5695,1689,1059,1,2592,,15902,4,23120,110,8126,551,4547,1117,67,,187,,1317,,2383,6,1118,71,677,149,3667,1,8780,,63005,19,91790,426,37599,2975,21914,5822
2020-08-20,408,,947,,10132,4,15971,69,7254,581,4501,1206,795,,1795,,14981,7,21373,94,9431,841,5697,1689,1065,1,2625,,16074,4,23263,111,8163,552,4551,1122,68,,188,,1322,,2393,6,1120,71,678,149,3710,1,8942,,63838,19,92336,428,37708,2976,21927,5829
2020-08-21,411,,964,,10281,4,16056,69,7264,582,4503,1208,804,,1830,,15132,7,21479,94,9443,841,5700,1690,1072,1,2636,,16150,4,23323,111,8173,552,4554,1122,68,,190,,1332,,2398,6,1122,71,678,148,3751,1,9089,,64516,19,92807,428,37782,2977,21942,5835
2020-08-22,424,,987,,10454,4,16164,69,7278,582,4508,1207,810,,1880,,15333,7,21604,94,9454,842,5706,1690,1089,1,2693,,16426,4,23574,112,8221,553,4569,1127,69,,190,,1341,,2405,6,1123,71,678,148,3809,1,9286,,65469,19,93492,429,37887,2979,21973,5839
2020-08-23,432,,1004,,10554,4,16227,69,7287,582,4511,1208,813,,1885,,15350,7,21619,94,9455,842,5706,1690,1098,1,2713,,16504,4,23635,113,8236,553,4575,1127,70,,190,,1351,,2408,6,1123,71,678,148,3833,1,9372,,65831,19,93747,430,37931,2979,21986,5840
2020-08-24,438,,1014,,10621,4,16281,69,7290,582,4511,1208,816,,1898,,15450,7,21692,94,9465,842,5709,1691,1103,1,2736,,16555,4,23682,113,8241,553,4576,1127,70,,190,,1352,,2410,6,1124,71,678,148,3856,1,9446,,66158,19,93994,430,37964,2980,21991,5842
2020-08-25,441,,1035,,10717,4,16344,69,7292,582,4511,1208,830,,1931,,15632,7,21800,94,9481,842,5709,1691,1116,1,2761,,16680,4,23777,113,8272,557,4585,1127,70,,191,,1351,,2413,6,1124,71,678,148,3898,1,9577,,66762,19,94396,430,38050,2984,22004,5843
2020-08-26,447,,1068,,10888,4,16451,70,7299,582,4515,1206,839,,1971,,15818,7,21899,94,9499,843,5711,1691,1125,1,2785,,16832,4,23901,113,8299,558,4596,1128,71,,194,,1357,,2417,6,1124,71,678,148,3934,1,9731,,67521,19,94908,431,38146,2986,22026,5843
2020-08-27,450,,1090,,11026,4,16550,70,7317,583,4515,1206,854,,2026,,16028,7,22022,94,9517,843,5712,1691,1130,1,2810,,16940,4,23994,113,8328,561,4600,1128,73,,195,,1364,,2431,6,1125,71,678,148,3977,1,9877,,68226,19,95407,431,38239,2990,22042,5844
2020-08-28,454,,1108,,11171,4,16648,70,7334,584,4516,1206,863,,2085,,16242,7,22171,94,9530,843,5717,1692,1140,1,2840,,17089,4,24115,114,8370,561,4607,1128,73,,199,,1379,,2446,6,1130,71,678,148,4009,1,10032,,68950,19,95942,432,38349,2992,22056,5844
2020-08-29,461,,1140,,11342,4,16748,70,7350,582,4517,1206,867,,2119,,16408,7,22274,94,9544,844,5730,1693,1149,1,2860,,17197,4,24209,114,8402,561,4610,1129,73,,205,,1391,,2456,6,1131,71,678,148,4049,1,10158,,69677,19,96418,432,38441,2990,22078,5847
2020-08-30,470,,1155,,11435,4,16818,70,7360,583,4519,1209,868,,2128,,16447,7,22308,94,9547,844,5731,1693,1151,1,2871,,17262,4,24254,114,8411,561,4610,1129,73,,206,,1399,,2460,6,1133,71,678,148,4067,1,10229,,70074,19,96669,434,38482,2991,22086,5850
2020-08-31,474,,1166,,11519,4,16878,70,7368,583,4521,1209,874,,2142,,16532,7,22355,94,9553,845,5733,1693,1155,1,2878,,17307,4,24286,114,8421,561,4612,1131,73,,206,,1401,,2462,6,1133,71,678,148,4088,1,10280,,70380,19,96861,434,38513,2992,22092,5852
2020-09-01,475,,1186,,11608,4,16936,70,7376,583,4522,1209,887,,2168,,16652,7,22448,94,9565,845,5735,1694,1164,1,2894,,17466,4,24400,115,8446,561,4622,1131,74,,206,,1418,,2476,6,1137,72,679,148,4119,1,10377,,70957,19,97283,435,38584,2993,22111,5854
2020-09-02,479,,1217,,11733,4,17015,70,7384,584,4523,1209,897,,2195,,16790,7,22556,94,9577,846,5735,1694,1166,1,2906,,17580,4,24490,116,8465,563,4625,1133,75,,210,,1434,,2486,6,1138,71,679,148,4148,1,10474,,71609,19,97679,435,38650,3000,22121,5858
2020-09-03,482,,1244,,11843,4,17101,70,7401,585,4524,1209,904,,2221,,16935,7,22655,94,9593,846,5737,1694,1171,1,2929,,17711,4,24564,117,8485,564,4630,1133,75,,211,,1456,,2500,6,1141,71,681,148,4179,1,10584,,72255,19,98092,437,38733,3006,22138,5858
2020-09-04,489,,1270,,11996,3,17205,70,7424,584,4524,1208,909,,2256,,17086,7,22755,94,9608,846,5737,1694,1174,1,2939,,17824,4,24677,118,8522,565,4637,1133,75,,213,,1476,,2508,6,1141,71,681,148,4212,1,10706,,72963,18,98566,438,38838,3007,22150,5858
2020-09-05,494,,1317,,12138,3,17329,70,7442,584,4525,1208,922,,2293,,17235,7,22847,94,9616,846,5747,1694,1184,1,2962,,17956,4,24767,118,8542,566,4640,1134,77,,219,,1496,,2518,6,1144,71,683,148,4249,1,10835,,73628,18,99018,438,38913,3008,22172,5859
2020-09-06,502,,1326,,12211,3,17388,70,7454,584,4528,1208,934,,2323,,17389,7,22952,94,9633,846,5751,1695,1187,1,2981,,18025,4,24827,118,8561,566,4644,1134,77,,220,,1498,,2520,6,1148,71,683,148,4282,1,10924,,74089,18,99335,438,38989,3008,22189,5860
2020-09-07,509,,1346,,12287,3,17444,70,7459,584,4529,1208,940,,2349,,17510,7,23075,94,9643,846,5751,1695,1196,1,2997,,18093,4,24889,118,8581,566,4645,1134,77,,220,,1498,,2520,6,1150,71,683,148,4311,1,11004,,74444,18,99636,438,39030,3008,22196,5860
2020-09-08,512,,1379,,12399,3,17554,71,7465,585,4534,1208,958,,2414,,17730,7,23245,94,9668,846,5757,1696,1199,1,3019,,18219,4,24969,119,8612,565,4650,1134,77,,220,,1503,,2521,6,1150,71,683,148,4351,1,11166,,75125,18,100128,440,39124,3009,22228,5861
2020-09-09,517,,1399,,12506,3,17657,71,7486,585,4535,1208,969,,2451,,17864,7,23361,94,9686,847,5758,1696,1203,1,3030,,18299,4,25025,119,8640,568,4655,1134,77,,221,,1519,,2529,6,1158,71,686,148,4374,1,11253,,75649,18,100541,440,39233,3016,22250,5863
2020-09-10,522,,1429,,12628,3,17755,72,7508,585,4537,1208,980,,2517,,18155,7,23582,94,9731,847,5775,1696,1212,1,3049,,18417,4,25158,119,8682,568,4659,1135,77,,231,,1537,,2553,6,1167,71,690,148,4410,1,11424,,76469,18,101211,441,39392,3017,22298,5864
2020-09-11,529,,1452,,12723,3,17829,72,7526,585,4541,1208,991,,2546,,18328,7,23729,94,9767,847,5778,1696,1218,1,3063,,18547,4,25283,118,8704,569,4666,1136,77,,232,,1543,,2565,6,1174,71,691,148,4447,1,11554,,77097,18,101749,440,39517,3018,22325,5865
2020-09-12,532,,1481,,12858,3,17924,72,7546,584,4545,1208,1002,,2573,,18514,7,23871,94,9793,848,5789,1696,1221,1,3093,,18696,4,25369,118,8737,569,4680,1136,77,,236,,1573,,2581,7,1186,71,698,148,4478,1,11688,,77837,18,102270,442,39668,3020,22378,5866
2020-09-13,540,,1506,,12912,3,17989,72,7559,584,4548,1208,1008,,2586,,18583,7,23912,94,9805,848,5792,1696,1228,1,3106,,18801,4,25467,118,8758,569,4691,1136,79,,236,,1575,,2585,7,1191,71,699,148,4509,1,11761,,78253,18,102579,442,39755,3020,22406,5868
2020-09-14,544,,1519,,12991,3,18053,72,7578,584,4550,1208,1015,,2601,,18721,7,23987,94,9830,848,5798,1696,1229,1,3120,,18881,4,25538,118,8769,570,4697,1136,80,,239,,1585,,2597,7,1200,71,702,148,4529,1,11831,,78667,18,102885,442,39838,3021,22433,5868
2020-09-15,548,,1524,,13022,3,18077,72,7583,584,4550,1209,1024,,2632,,18935,7,24113,94,9869,849,5806,1697,1243,1,3153,,19062,4,25713,121,8822,570,4707,1138,81,,240,,1589,,2603,7,1208,71,709,148,4566,1,11927,,79275,18,103363,445,39983,3023,22477,5875
2020-09-16,563,,1566,,13187,3,18255,72,7610,584,4555,1209,1035,,2663,,19121,7,24255,94,9903,849,5813,1697,1251,1,3183,,19236,4,25876,121,8866,572,4718,1139,82,,244,,1599,,2615,7,1217,71,710,148,4609,1,12077,,80085,18,104039,446,40165,3027,22517,5876
2020-09-17,568,,1588,,13313,3,18342,72,7641,584,4566,1209,1067,,2735,,19478,7,24529,94,9980,849,5828,1697,1260,1,3202,,19395,4,26035,121,8911,574,4735,1139,83,,247,,1617,,2632,7,1231,71,712,148,4667,1,12246,,81009,18,104781,446,40396,3029,22583,5877
2020-09-18,580,,1623,,13467,3,18479,72,7678,584,4573,1210,1074,,2748,,19616,8,24624,94,10000,849,5840,1697,1276,1,3220,,19604,4,26232,121,8961,576,4762,1140,83,,248,,1640,,2649,7,1247,71,714,148,4717,1,12361,,81836,19,105454,446,40576,3031,22650,5881
2020-09-19,586,,1651,,13615,4,18611,72,7706,584,4582,1211,1089,,2792,,19816,7,24781,94,10052,849,5850,1698,1295,1,3260,,19869,4,26438,121,9015,577,4787,1141,85,,249,,1658,,2681,7,1260,71,725,148,4776,1,12517,,82812,19,106268,447,40790,3033,22725,5884
2020-09-20,592,,1670,,13674,4,18665,72,7720,584,4583,1211,1095,,2804,,19925,7,24865,94,10068,849,5853,1698,1304,1,3302,,20014,4,26578,122,9057,577,4792,1141,85,,250,,1668,,2686,7,1263,71,727,148,4806,1,12626,,83388,19,106740,448,40926,3034,22740,5884
2020-09-21,595,,1685,,13745,4,18726,72,7739,584,4588,1211,1101,,2825,,20067,7,24957,94,10097,849,5857,1698,1306,1,3313,,20083,4,26635,122,9069,577,4795,1141,85,,250,,1671,,2690,7,1266,71,730,148,4822,1,12690,,83803,19,107054,448,41010,3034,22767,5884
2020-09-22,606,,1709,,13865,4,18792,72,7764,584,4590,1211,1114,,2853,,20250,7,25096,94,10135,851,5867,1699,1325,1,3354,,20301,4,26826,122,9120,577,4807,1144,85,,251,,1688,,2710,7,1288,71,752,149,4878,1,12838,,84566,19,107640,448,41213,3036,22841,5892
2020-09-23,615,,1728,,13960,4,18870,72,7797,586,4594,1212,1128,,2887,,20441,7,25230,94,10168,852,5874,1700,1333,1,3391,,20491,4,26975,123,9155,578,4824,1148,85,,252,,1701,,2720,7,1300,71,758,149,4921,1,12959,,85350,19,108238,449,41379,3042,22892,5898
2020-09-24,620,,1749,,14067,4,18972,72,7845,587,4602,1212,1139,,2916,,20639,7,25378,94,10213,852,5889,1701,1348,1,3423,,20660,4,27169,123,9209,579,4846,1152,85,,253,,1717,,2747,7,1321,72,764,150,4972,1,13085,,86218,19,109009,450,41624,3049,22963,5909
2020-09-25,622,,1769,,14174,4,19058,72,7874,588,4609,1212,1151,,2947,,20763,7,25520,95,10259,854,5898,1701,1360,1,3457,,20927,4,27399,122,9250,580,4860,1154,85,,256,,1739,,2757,7,1337,72,768,151,5011,1,13233,,87120,20,109770,450,41863,3057,23018,5915
2020-09-26,628,,1788,,14320,4,19165,72,7916,588,4620,1213,1167,,2981,,20953,7,25687,95,10295,854,5904,1701,1375,1,3522,,21176,4,27633,122,9297,580,4875,1156,86,,264,,1775,,2782,7,1357,73,788,153,5064,1,13436,,88177,19,110660,450,42097,3058,23087,5924
2020-09-27,628,,1788,,14320,4,19165,72,7916,588,4620,1213,1174,,3000,,21051,7,25783,95,10316,854,5913,1703,1387,1,3570,,21367,4,27818,122,9336,580,4891,1157,86,,268,,1786,,2794,7,1368,73,793,153,5095,1,13557,,88754,19,111170,450,42218,3060,23125,5927
2020-09-28,640,,1820,,14491,4,19309,72,7962,590,4645,1214,1179,,3005,,21086,7,25827,95,10327,854,5914,1703,1401,1,3603,,21487,4,27940,122,9359,580,4901,1158,86,,270,,1790,,2805,7,1375,73,796,153,5129,1,13647,,89214,19,111597,450,42344,3061,23173,5929
2020-09-29,646,,1847,,14608,4,19425,72,7994,590,4656,1214,1184,,3043,,21238,7,25973,96,10380,855,5927,1706,1417,1,3636,,21709,4,28156,122,9412,580,4923,1160,86,,275,,1794,,2819,7,1378,73,799,153,5171,1,13809,,90020,19,112357,451,42565,3063,23270,5937
2020-09-30,652,,1872,,14690,4,19495,72,8015,591,4663,1218,1190,,3061,,21328,7,26054,96,10411,855,5933,1706,1427,1,3682,,21909,4,28345,125,9479,581,4947,1161,87,,280,,1805,,2837,7,1392,74,801,153,5214,1,13961,,90725,19,112970,454,42779,3067,23337,5947
2020-10-01,663,,1893,,14817,4,19589,72,8038,592,4672,1218,1200,,3084,,21527,7,26242,95,10465,855,5943,1706,1437,1,3744,,22208,5,28645,125,9546,584,4963,1165,88,,280,,1832,,2864,7,1415,74,809,154,5263,1,14119,,91722,20,113910,454,43054,3071,23415,5954
2020-10-02,671,,1919,,14995,4,19728,72,8065,592,4686,1219,1209,,3106,,21701,7,26381,95,10491,856,5945,1706,1455,1,3815,,22479,5,28948,125,9632,583,4993,1165,88,,286,,1848,,2885,7,1428,74,814,156,5320,1,14332,,92805,20,114893,454,43306,3072,23491,5961
2020-10-03,672,,1929,,15053,4,19778,72,8083,593,4687,1219,1214,,3122,,21846,7,26487,95,10539,859,5955,1711,1469,1,3858,,22762,5,29218,125,9705,583,5017,1168,88,,286,,1861,,2901,7,1440,74,815,158,5367,1,14493,,93867,20,115810,455,43591,3077,23572,5974
2020-10-04,683,,1969,,15273,4,19954,72,8139,593,4704,1219,1220,,3130,,21977,7,26593,95,10580,858,5961,1711,1484,1,3903,,22962,5,29410,126,9753,583,5034,1169,88,,289,,1893,,2919,7,1447,74,823,158,5414,1,14669,,94773,20,116609,457,43827,3076,23685,5975
2020-10-05,688,,1982,,15338,4,20010,74,8162,593,4707,1219,1223,,3135,,22045,7,26639,95,10599,858,5964,1712,1492,1,3931,,23128,5,29555,126,9800,583,5048,1169,90,,290,,1903,,2938,7,1456,74,825,158,5442,1,14744,,95335,20,117078,460,44001,3076,23743,5977
2020-10-06,691,,1993,,15436,4,20114,74,8199,593,4715,1223,1230,,3158,,22185,7,26768,95,10658,858,5979,1714,1513,1,3989,,23452,5,29878,126,9892,583,5076,1171,91,,291,,1908,,2950,7,1466,74,827,158,5491,1,14911,,96352,20,118049,461,44318,3075,23840,5989
2020-10-07,699,,2039,,15565,4,20250,73,8238,594,4743,1223,1240,,3179,,22321,7,26918,96,10703,860,5991,1717,1527,1,4033,,23776,4,30177,127,9966,585,5100,1174,93,,302,,1943,,3004,7,1497,76,840,160,5549,1,15102,,97448,19,119091,462,44646,3083,23951,5997
2020-10-08,710,,2084,,15801,4,20508,73,8308,595,4769,1226,1257,,3215,,22564,7,27162,96,10785,860,6021,1718,1545,2,4114,,24156,4,30590,127,10092,587,5131,1174,93,,309,,1972,,3040,7,1532,76,851,160,5636,2,15378,,98929,20,120637,462,45153,3088,24095,6006
2020-10-09,715,,2146,,16003,4,20745,73,8365,595,4787,1226,1277,,3252,,22839,7,27447,96,10862,861,6051,1720,1570,2,4181,,24591,4,31025,128,10217,591,5164,1175,93,,330,,2023,,3104,7,1568,76,869,160,5717,2,15694,,100632,20,122375,463,45675,3094,24247,6010
2020-10-10,723,,2189,,16203,4,20939,73,8415,596,4818,1226,1291,,3286,,23093,7,27668,96,10948,861,6086,1720,1612,2,4266,,25132,4,31571,128,10366,595,5215,1176,94,,340,,2091,,3178,7,1616,77,884,162,5821,2,15981,,102428,20,124145,463,46218,3101,24441,6018
2020-10-11,734,,2231,,16401,4,21127,73,8475,596,4844,1228,1309,,3313,,23276,7,27825,96,10987,862,6098,1720,1634,2,4333,,25483,4,31952,128,10474,598,5243,1179,94,,352,,2123,,3236,7,1637,78,898,162,5896,2,16233,,103772,20,125445,463,46592,3107,24564,6023
2020-10-12,743,,2275,,16568,4,21307,73,8524,596,4867,1228,1317,,3340,,23398,7,27959,96,11028,862,6105,1720,1655,2,4392,,25809,4,32225,128,10572,599,5263,1180,95,,354,,2158,,3254,7,1649,78,903,163,5948,2,16426,,104735,20,126311,464,46876,3108,24651,6027
2020-10-13,760,,2320,,16814,4,21508,73,8590,597,4886,1229,1326,,3376,,23629,7,28182,96,11105,864,6131,1722,1680,2,4479,,26278,4,32694,128,10702,601,5295,1182,97,,362,,2204,,3307,7,1677,78,912,163,6028,2,16697,,106273,21,127869,464,47369,3112,24826,6035
2020-10-14,781,,2375,,17085,4,21765,74,8662,600,4906,1231,1337,,3430,,23917,7,28414,97,11167,865,6155,1724,1715,1,4572,,26683,4,33133,129,10848,604,5341,1185,99,,370,,2243,,3404,7,1702,78,924,165,6139,1,17031,,108196,21,129805,468,47963,3124,25039,6063
2020-10-15,792,,2439,,17388,4,22089,75,8786,602,4929,1238,1360,,3489,,24313,7,28845,98,11288,869,6199,1726,1741,1,4683,,27369,4,33806,129,11089,607,5403,1190,104,,401,,2342,,3550,7,1767,78,958,167,6272,1,17422,,110614,21,132352,471,48819,3135,25283,6082
2020-10-16,813,,2530,,17721,4,22444,75,8907,602,4977,1239,1385,,3573,,24746,7,29275,98,11417,870,6239,1727,1790,1,4830,,28191,4,34613,129,11359,609,5460,1193,107,,418,,2395,,3622,7,1812,79,981,169,6443,2,17932,1,113326,22,135087,472,49729,3141,25564,6096
2020-10-17,831,,2598,,18144,4,22882,75,9062,603,5061,1245,1411,,3651,,25195,8,29764,98,11562,871,6275,1737,1833,1,4926,,28878,4,35351,130,11585,611,5540,1197,107,,440,,2502,,3770,7,1888,79,1031,171,6609,2,18392,1,116240,23,137999,473,50718,3146,25912,6122
2020-10-18,842,,2638,,18408,4,23153,75,9153,603,5086,1246,1429,,3712,,25633,7,30096,98,11702,871,6321,1737,1865,1,4992,,29478,4,35893,130,11757,611,5598,1197,111,,447,,2543,,3827,7,1936,79,1071,171,6716,2,18723,1,118385,22,140032,473,51434,3149,26155,6130
2020-10-19,852,,2694,,18667,4,23406,75,9240,605,5114,1248,1445,,3753,,25917,7,30395,98,11825,871,6352,1738,1893,1,5053,,29798,4,36219,130,11859,611,5623,1200,119,,464,,2630,,3968,7,2004,80,1090,171,6806,2,19001,1,119984,22,141618,474,52011,3153,26335,6137
2020-10-20,863,,2755,,18908,4,23650,75,9323,605,5146,1252,1475,,3813,,26347,7,30845,98,11949,872,6393,1743,1944,2,5169,,30596,4,37034,130,12105,615,5736,1212,123,,475,,2679,,4058,7,2049,80,1135,172,6957,3,19396,1,122483,22,144220,473,52829,3162,26678,6175
2020-10-21,881,,2816,,19266,5,24025,75,9450,607,5175,1259,1497,,3885,,26775,8,31326,98,12124,873,6436,1747,1999,1,5304,,31354,4,37857,130,12411,618,5838,1217,129,,507,,2754,,4199,7,2128,81,1189,176,7122,2,19880,1,125171,24,147067,474,53863,3174,27028,6200
2020-10-22,913,,2907,,19808,5,24564,75,9620,609,5232,1261,1543,,4006,,27478,7,32140,98,12371,873,6488,1751,2044,1,5447,,32263,4,38926,131,12722,623,5972,1221,133,,556,,2863,,4417,7,2245,81,1293,181,7338,1,20603,1,129073,22,151477,476,55281,3184,27595,6221
2020-10-23,940,,3029,,20492,5,25304,75,9851,609,5367,1268,1592,,4165,,28151,9,32907,99,12621,875,6547,1751,2104,1,5597,,33243,4,39958,131,13095,629,6108,1229,138,,585,,2972,,4658,7,2334,82,1383,183,7550,1,21278,1,132946,24,155813,477,56685,3198,28204,6252
2020-10-24,963,,3149,,21164,5,25948,75,10052,612,5461,1274,1637,,4313,,28967,7,33787,101,12922,876,6618,1756,2196,1,5863,,34872,4,41647,132,13600,631,6270,1240,141,,606,,3075,,4796,7,2411,82,1423,184,7826,2,22139,1,138279,22,161357,480,58530,3207,28970,6290
2020-10-25,994,,3250,,21758,5,26564,75,10281,615,5535,1275,1670,,4462,,29571,7,34411,100,13116,878,6683,1757,2266,1,6031,,36021,4,42877,132,13989,633,6391,1247,152,,630,,3253,,5097,7,2582,83,1522,188,8042,2,22806,1,142224,22,165610,479,60004,3217,29557,6310
2020-10-26,1013,,3325,,22140,5,26997,75,10435,616,5592,1276,1705,,4578,,30140,7,34986,100,13336,878,6749,1761,2328,1,6218,,36982,4,43932,132,14300,637,6547,1250,155,,643,,3348,,5269,7,2662,83,1575,188,8217,2,23358,1,145252,22,168908,479,61131,3229,30026,6322
2020-10-27,1046,1,3380,,22556,5,27436,75,10596,617,5674,1279,1748,,4702,,30778,8,35601,101,13560,881,6820,1765,2398,1,6430,,38211,4,45349,131,14799,639,6748,1256,159,,661,,3424,,5407,7,2736,85,1613,191,8459,2,24018,1,149273,23,173192,479,62661,3241,30615,6350
2020-10-28,1088,,3484,,23306,5,28227,75,10882,623,5774,1283,1812,,4908,,31835,7,36768,101,14017,884,6994,1780,2445,1,6600,,39306,4,46617,133,15178,645,6873,1276,162,,680,,3508,,5574,7,2814,88,1671,197,8753,1,24873,,154462,22,178977,481,64620,3265,31440,6413
2020-10-29,1131,,3611,,24059,5,29147,76,11221,630,5865,1289,1876,,5064,,32747,8,37771,101,14358,888,7090,1792,2547,1,6939,,40929,4,48537,136,15770,652,7064,1290,171,,714,,3715,,5948,8,3027,91,1805,201,9091,1,25882,,159979,23,185582,486,66909,3296,32295,6465
2020-10-30,1170,,3706,,24843,5,30066,76,11544,632,6010,1297,1948,,5254,,33744,7,39035,101,14775,890,7220,1799,2680,1,7314,1,42859,4,50613,136,16432,656,7269,1304,188,,757,,3921,,6407,8,3253,97,1966,210,9497,1,27049,1,166230,22,192923,491,69423,3312,33278,6521
2020-10-31,1230,,3851,,25789,5,31184,77,11905,632,6123,1308,1990,,5435,1,34682,7,40016,101,15163,891,7376,1804,2787,1,7743,4,44601,11,52577,152,17001,664,7471,1323,191,,786,,4095,,6689,8,3380,97,2054,212,9843,1,28323,5,172775,29,200300,508,71885,3326,34262,6582
2020-11-01,1260,,3952,,26513,5,32019,80,12203,634,6233,1310,2040,,5598,1,35391,7,40973,101,15476,892,7456,1807,2876,1,7988,1,45908,4,53926,138,17445,665,7638,1336,201,,819,,4246,,6993,8,3569,98,2144,216,10115,1,29219,2,177489,22,205742,496,73880,3337,35035,6622
2020-11-02,1278,,4019,,26961,5,32524,80,12365,634,6293,1312,2079,,5742,1,36219,7,41778,101,15787,892,7626,1808,2983,1,8259,1,47084,5,55198,140,17840,667,7768,1340,219,,842,,4389,,7319,8,3726,98,2249,218,10371,1,30023,2,181606,23,210285,502,75489,3348,35716,6653
2020-11-03,1313,,4100,,27598,5,33237,80,12617,639,6417,1321,2154,,5919,1,37229,7,42871,103,16182,894,7819,1811,3106,3,8537,1,48757,5,56944,142,18421,682,8011,1360,229,,859,,4556,,7614,9,3881,100,2348,233,10726,3,30879,2,186874,23,216060,507,77576,3383,36648,6742
2020-11-04,1343,,4217,,28394,5,34093,80,12931,643,6545,1328,2237,,6158,,38421,8,44190,106,16705,908,8030,1821,3207,2,8852,1,50349,4,58718,145,18957,689,8236,1395,234,,883,,4689,,7870,9,4047,101,2414,240,11065,2,32003,1,192751,24,222639,514,79915,3421,37582,6849
2020-11-05,1390,,4392,,29418,5,35317,81,13368,647,6674,1339,2307,,6352,,39531,9,45738,106,17202,909,8219,1827,3293,2,9170,1,52102,4,60709,147,19590,698,8499,1415,244,,931,,4881,,8299,9,4253,107,2508,249,11404,2,33182,1,199306,24,230532,521,82677,3460,38745,6921
2020-11-06,1432,,4512,,30257,5,36312,81,13740,651,6830,1355,2371,,6581,,40767,9,47151,108,17759,917,8428,1851,3404,2,9567,1,53969,4,62767,150,20191,707,8689,1433,267,,982,,5219,,9062,11,4623,112,2800,263,11783,2,34473,1,206347,24,238972,528,85637,3499,40049,7041
2020-11-07,1479,,4687,,31445,5,37541,81,14240,654,7020,1367,2462,,6816,,42201,9,48873,109,18409,918,8670,1869,3543,2,10060,1,56047,4,64919,153,20907,719,8948,1455,282,,1032,,5505,,9606,11,4884,115,2941,263,12260,2,36011,1,214193,24,247899,533,88859,3537,41325,7128
2020-11-08,1522,,4816,,32252,5,38523,81,14575,656,7157,1369,2518,,6999,,43202,8,50030,106,18844,921,8850,1878,3615,2,10322,1,57233,5,66148,154,21288,721,9079,1458,298,,1090,,5789,,10301,11,5227,116,3169,275,12552,2,37077,1,219401,24,254090,531,91089,3556,42286,7174
2020-11-09,1564,,4905,,32848,5,39135,82,14842,658,7245,1375,2576,,7199,,44210,8,51273,105,19256,924,9058,1886,3694,2,10597,1,58374,5,67400,154,21700,726,9264,1467,303,,1131,,5929,,10647,11,5400,116,3267,278,12818,3,38000,1,223748,24,259118,534,92905,3575,43099,7214
2020-11-10,1600,,4995,,33353,5,39715,83,15051,659,7361,1386,2629,,7418,,45177,9,52351,106,19624,934,9198,1904,3784,2,10930,2,59907,5,68981,155,22224,734,9510,1497,320,,1162,,6124,,10902,11,5518,117,3311,281,13117,3,39098,2,228952,25,264884,537,94942,3612,44008,7326
2020-11-11,1644,,5138,,34174,5,40663,86,15390,663,7466,1413,2696,,7630,,46237,8,53671,110,20058,947,9401,1953,3902,2,11312,2,61435,5,70698,161,22787,757,9773,1537,332,,1206,,6359,,11352,11,5777,121,3479,294,13475,3,40355,2,234986,25,272055,553,97499,3676,45243,7507
2020-11-12,1685,,5287,,35153,5,41818,87,15826,671,7637,1426,2801,,7949,,47773,8,55529,109,20712,961,9718,1972,4011,2,11683,1,63061,5,72466,164,23300,771,10031,1573,350,,1269,,6671,,12035,13,6099,128,3668,317,13911,3,41817,1,242102,28,280458,561,100509,3736,46681,7652
2020-11-13,1741,,5442,,36103,5,42997,87,16263,676,7833,1457,2879,,8230,,49039,8,57121,111,21342,967,9986,1995,4123,2,12092,1,65052,5,74775,169,24034,790,10348,1613,363,,1310,,6969,,12628,13,6380,134,3883,327,14327,3,43416,1,249635,26,289517,568,103715,3790,48271,7810
2020-11-14,1792,,5602,,37049,5,44118,88,16684,684,8034,1465,2989,,8526,2,50395,8,58723,112,21940,969,10298,2017,4259,3,12577,1,66839,5,76745,169,24729,798,10631,1639,379,,1380,,7261,,13253,14,6675,142,4059,346,14788,4,45079,3,256726,27,297977,571,106857,3831,49842,7940
2020-11-15,1836,,5739,,37742,5,44913,88,16977,690,8197,1475,3047,,8711,1,51421,8,59952,112,22427,972,10525,2040,4350,3,12877,1,68038,5,78101,169,25192,801,10901,1643,391,,1413,,7444,,13616,14,6882,142,4178,355,15122,4,46232,2,262068,27,304364,574,109198,3856,51115,8020
2020-11-16,1862,,5816,,38166,5,45436,89,17132,691,8317,1480,3109,,8896,,52202,8,60827,112,22752,974,10721,2050,4398,3,13112,1,68899,5,79142,170,25523,804,11129,1653,400,,1479,,7651,,14038,14,7086,142,4316,358,15319,4,47035,1,265317,27,308496,576,110673,3869,52054,8068
2020-11-17,1884,,5922,,38716,5,45996,91,17353,698,8458,1503,3156,,9006,,52739,8,61511,112,23067,984,10923,2087,4499,2,13494,1,70332,5,80743,174,26090,820,11450,1697,414,,1516,,7855,,14499,14,7304,149,4494,383,15602,3,48074,1,269709,26,313837,584,112765,3937,53317,8261
2020-11-18,1918,,6048,,39420,5,46922,92,17666,703,8625,1533,3231,,9216,,53817,8,62900,114,23592,1003,11210,2137,4580,2,13803,1,71652,5,82312,175,26684,846,11727,1736,424,,1544,,8015,,14820,14,7474,157,4612,396,15921,3,49230,1,275071,26,320652,593,115278,4024,54651,8470
2020-11-19,1960,,6242,,40380,5,48156,94,18071,712,8846,1558,3298,,9493,,55008,8,64463,115,24165,1014,11575,2177,4689,2,14206,1,73480,5,84445,177,27322,864,12051,1769,437,,1620,,8408,,15611,14,7822,163,4870,405,16283,3,50723,1,281910,28,329506,602,118379,4098,56519,8636
2020-11-20,2004,,6445,,41357,5,49382,94,18499,723,9119,1582,3419,,9834,,56490,8,66235,115,24840,1026,12038,2199,4801,2,14667,1,75355,6,86590,180,28070,881,12418,1816,445,,1722,,8592,,16001,14,8031,166,5009,422,16694,3,52432,1,289116,28,338484,611,121645,4167,58461,8817
2020-11-21,2066,,6620,,42229,5,50382,95,18878,729,9422,1606,3512,,10170,,57811,8,67827,116,25411,1039,12386,2224,4906,3,15120,1,76985,7,88605,182,28740,894,12796,1855,460,,1777,,8902,,16631,15,8361,174,5203,437,17165,4,54126,1,296002,31,347192,619,124842,4229,60407,8997
2020-11-22,2108,,6762,,42889,5,51147,96,19193,730,9598,1609,3591,,10443,,58842,8,69123,119,25873,1049,12635,2250,4965,3,15377,1,78023,7,89843,183,29149,902,12976,1859,471,,1856,,9109,,17150,15,8644,183,5367,450,17471,4,55366,1,300666,31,353215,626,127079,4273,61561,9084
2020-11-23,2136,,6879,,43369,5,51740,96,19403,733,9741,1614,3644,,10630,,59450,8,69943,120,26196,1052,12835,2260,5014,3,15554,1,78597,7,90591,185,29440,908,13179,1872,484,,1922,,9410,,17727,15,8874,190,5550,462,17689,4,56187,1,303694,31,357319,629,128640,4297,62645,9147
2020-11-24,2136,,6887,,43414,5,51774,96,19414,733,9749,1617,3711,,10853,,60281,8,70875,121,26590,1063,13063,2298,5085,2,15898,1,79743,7,91980,192,29939,919,13509,1925,493,,1975,,9603,,18105,16,9045,193,5706,473,17977,3,57197,1,307667,31,362291,643,130660,4358,63927,9322
2020-11-25,2186,,7110,,44402,5,53021,98,19841,758,10012,1669,3771,1,11092,,61224,8,71988,122,27005,1078,13345,2344,5152,2,16208,1,81023,7,93649,199,30481,945,13802,1971,506,,2054,,9849,,18677,17,9327,199,5869,494,18298,5,58592,1,313127,31,369585,662,133280,4468,65515,9602
2020-11-26,2239,,7292,,45256,5,54167,101,20219,767,10240,1707,3890,,11455,,62611,8,73805,122,27681,1105,13749,2412,5239,2,16597,1,82564,7,95559,202,31131,970,14129,2027,516,,2143,,10176,,19271,17,9586,203,5997,500,18711,4,60190,1,319617,32,378230,673,136473,4570,67486,9877
2020-11-27,2298,,7485,,46117,5,55368,102,20659,778,10588,1741,3992,,11810,,63892,8,75487,123,28287,1116,14170,2452,5359,2,16932,1,84129,9,97491,209,31805,999,14504,2084,526,,2259,,10651,,20173,17,9945,215,6299,568,19144,4,61747,1,326055,35,387048,688,139699,4684,69744,10171
2020-11-28,2334,,7679,,46869,5,56403,104,21050,787,10914,1775,4087,1,12102,,65067,8,76918,125,28868,1129,14580,2496,5455,3,17235,2,85347,8,99105,212,32391,1021,14914,2132,547,,2361,,11195,,21197,17,10418,234,6690,607,19537,7,63231,2,332226,34,395207,700,142876,4784,72041,10434
2020-11-29,2376,,7833,,47491,5,57248,104,21389,799,11168,1794,4163,1,12394,1,65991,9,78100,125,29331,1133,14879,2516,5527,3,17542,2,86339,8,100247,215,32848,1036,15204,2152,557,,2418,,11453,,21714,18,10691,241,6968,623,19833,7,64356,3,336207,35,400530,707,145105,4837,73557,10530
2020-11-30,2394,,7954,,47929,5,57790,104,21571,801,11292,1805,4215,1,12559,1,66535,9,78813,126,29596,1139,15098,2525,5580,3,17749,2,86972,8,101042,216,33142,1043,15469,2161,574,,2480,,11718,,22332,19,10967,250,7199,653,20061,7,65221,3,339162,35,404665,710,146721,4875,74838,10614
2020-12-01,2422,,8046,,48337,5,58317,104,21783,814,11420,1853,4282,,12755,,67271,9,79691,127,29961,1154,15409,2572,5649,3,18028,1,87914,8,102076,219,33581,1075,15774,2207,592,,2582,,12071,,23006,20,11312,266,7469,679,20316,6,66265,1,342931,34,409596,718,148786,4991,76379,10881
2020-12-02,2464,,8167,,48911,5,59082,105,22088,826,11668,1889,4367,,13003,,68315,8,81004,130,30504,1176,15813,2656,5716,3,18276,2,88888,8,103386,222,34057,1102,16048,2282,607,,2655,,12474,,23688,20,11646,272,7819,718,20643,5,67366,2,347741,34,416066,728,151451,5112,78350,11237
2020-12-03,2511,,8349,,49836,5,60287,105,22573,837,11960,1936,4488,1,13379,,69586,9,82843,133,31191,1197,16197,2717,5821,2,18667,2,90426,8,105243,226,34708,1130,16442,2351,625,,2732,,12883,1,24532,22,12033,292,8107,768,21071,5,68876,2,353861,36,424597,743,154716,5231,80535,11579
2020-12-04,2547,,8544,,50776,5,61468,105,23001,846,12254,1963,4586,1,13696,,70849,9,84508,134,31802,1227,16650,2785,5926,2,18975,1,91829,8,107020,226,35310,1156,16898,2398,648,,2841,,13395,1,25537,22,12547,299,8561,820,21470,5,70386,1,360312,37,433633,746,158177,5348,83083,11891
2020-12-05,2604,,8762,,51737,5,62745,106,23501,866,12570,2001,4660,,14048,,72031,9,85947,136,32366,1251,17025,2853,6020,2,19310,1,93295,8,108763,229,35952,1182,17402,2468,667,,2963,,13855,1,26417,23,12979,316,8943,884,21849,5,72013,1,366835,38,442302,756,161664,5480,85691,12230
2020-12-06,2665,,8958,,52444,5,63679,108,23866,873,12775,2021,4732,,14342,,72998,9,87136,137,32813,1262,17372,2881,6095,2,19545,1,94297,8,109991,231,36397,1191,17719,2489,691,,3076,,14314,1,27324,25,13403,327,9429,926,22192,5,73272,1,371698,38,448778,767,164263,5549,87799,12406
2020-12-07,2691,,9082,,52992,5,64318,109,24126,877,12934,2031,4771,,14531,,73621,9,87966,137,33119,1271,17601,2908,6148,2,19733,1,95050,8,110855,232,36712,1199,17909,2510,711,,3182,,14731,1,28022,25,13758,330,9756,936,22410,5,74192,1,375052,39,453270,770,166140,5578,89199,12520
2020-12-08,2723,1,9202,,53476,5,64871,112,24380,892,13116,2088,4829,1,14754,,74423,9,88988,137,33516,1291,17911,2973,6227,2,19973,1,96021,9,112086,235,37227,1238,18352,2577,723,,3245,,15024,1,28600,26,14064,334,9973,946,22676,7,75107,1,378772,39,458427,782,168359,5692,91055,12815
2020-12-09,2761,1,9354,1,54188,5,65947,114,24766,910,13372,2139,4918,1,15009,,75456,10,90391,140,34088,1317,18387,3050,6311,2,20227,1,97294,9,113608,239,37804,1263,18710,2651,741,,3345,,15470,1,29530,29,14436,346,10238,1005,23023,7,76388,3,384424,41,466420,801,171512,5827,93380,13247
